commit,path,line,method,normalized_template,classification,disposition,event,outcome,rationale
"56717ddef8f0bbd8c8633172c8ca2c85c248dfd7","apps/cartera-back/schedule.ts","38","console.log","🕐 Ejecutando procesarMoras a las 11:59 PM Guatemala...","unresolved","unresolved","","","pending_semantic_review"
"56717ddef8f0bbd8c8633172c8ca2c85c248dfd7","apps/cartera-back/schedule.ts","41","console.log","✅ procesarMoras ejecutado correctamente","unresolved","unresolved","","","pending_semantic_review"
"56717ddef8f0bbd8c8633172c8ca2c85c248dfd7","apps/cartera-back/schedule.ts","43","console.error","❌ Error al ejecutar procesarMoras:","unresolved","unresolved","","","pending_semantic_review"
"56717ddef8f0bbd8c8633172c8ca2c85c248dfd7","apps/cartera-back/schedule.ts","50","console.log","📊 Ejecutando upsertEfectividadAsesores para {expr}/{expr}/{expr}...","unresolved","unresolved","","","pending_semantic_review"
"56717ddef8f0bbd8c8633172c8ca2c85c248dfd7","apps/cartera-back/schedule.ts","53","console.log","✅ upsertEfectividadAsesores:","unresolved","unresolved","","","pending_semantic_review"
"56717ddef8f0bbd8c8633172c8ca2c85c248dfd7","apps/cartera-back/schedule.ts","55","console.error","❌ Error al ejecutar upsertEfectividadAsesores:","unresolved","unresolved","","","pending_semantic_review"
"56717ddef8f0bbd8c8633172c8ca2c85c248dfd7","apps/cartera-back/schedule.ts","64","console.log","🕛 Ejecutando expirarCompraCarteraVencidas a las 00:00 Guatemala...","unresolved","unresolved","","","pending_semantic_review"
"56717ddef8f0bbd8c8633172c8ca2c85c248dfd7","apps/cartera-back/schedule.ts","67","console.log","✅ expirarCompraCartera: escaneados={expr}, vencidos={expr}, creditosProcesados={expr}","unresolved","unresolved","","","pending_semantic_review"
"56717ddef8f0bbd8c8633172c8ca2c85c248dfd7","apps/cartera-back/schedule.ts","71","console.error","❌ Error al ejecutar expirarCompraCarteraVencidas:","unresolved","unresolved","","","pending_semantic_review"
"56717ddef8f0bbd8c8633172c8ca2c85c248dfd7","apps/cartera-back/schedule.ts","80","console.log","🗓️ Ejecutando generarCierreMensual (diario, 02:00 Guatemala)...","unresolved","unresolved","","","pending_semantic_review"
"56717ddef8f0bbd8c8633172c8ca2c85c248dfd7","apps/cartera-back/schedule.ts","83","console.log","✅ cierreMensual: periodo={expr}, filas={expr}","unresolved","unresolved","","","pending_semantic_review"
"56717ddef8f0bbd8c8633172c8ca2c85c248dfd7","apps/cartera-back/schedule.ts","85","console.error","❌ Error al ejecutar generarCierreMensual:","unresolved","unresolved","","","pending_semantic_review"
"56717ddef8f0bbd8c8633172c8ca2c85c248dfd7","apps/cartera-back/schedule.ts","93","console.log","🧾 Ejecutando verificarFacturasSat...","unresolved","unresolved","","","pending_semantic_review"
"56717ddef8f0bbd8c8633172c8ca2c85c248dfd7","apps/cartera-back/schedule.ts","96","console.log","✅ verificarFacturasSat: revisadas={expr}, fallidas={expr}","unresolved","unresolved","","","pending_semantic_review"
"56717ddef8f0bbd8c8633172c8ca2c85c248dfd7","apps/cartera-back/schedule.ts","98","console.error","❌ Error al ejecutar verificarFacturasSat:","unresolved","unresolved","","","pending_semantic_review"
"56717ddef8f0bbd8c8633172c8ca2c85c248dfd7","apps/cartera-back/schedule.ts","105","console.log","📧 Ejecutando reportarFacturasFallidasSat...","unresolved","unresolved","","","pending_semantic_review"
"56717ddef8f0bbd8c8633172c8ca2c85c248dfd7","apps/cartera-back/schedule.ts","108","console.log","✅ reportarFacturasFallidasSat: enviadas={expr}","unresolved","unresolved","","","pending_semantic_review"
"56717ddef8f0bbd8c8633172c8ca2c85c248dfd7","apps/cartera-back/schedule.ts","110","console.error","❌ Error al ejecutar reportarFacturasFallidasSat:","unresolved","unresolved","","","pending_semantic_review"
"56717ddef8f0bbd8c8633172c8ca2c85c248dfd7","apps/cartera-back/schedule.ts","122","console.log","📸 Regenerando snapshot diario {expr} (01:00 Guatemala)...","unresolved","unresolved","","","pending_semantic_review"
"56717ddef8f0bbd8c8633172c8ca2c85c248dfd7","apps/cartera-back/schedule.ts","125","console.log","✅ snapshotDiario {expr}: regenerado","unresolved","unresolved","","","pending_semantic_review"
"56717ddef8f0bbd8c8633172c8ca2c85c248dfd7","apps/cartera-back/schedule.ts","127","console.error","❌ Error regenerando snapshot {expr}:","unresolved","unresolved","","","pending_semantic_review"
"56717ddef8f0bbd8c8633172c8ca2c85c248dfd7","apps/cartera-back/schedule.ts","132","console.log","✅ Tareas programadas iniciadas (horario Guatemala)","unresolved","unresolved","","","pending_semantic_review"
"56717ddef8f0bbd8c8633172c8ca2c85c248dfd7","apps/cartera-back/scripts/puppeteer-smoke.mjs","26","console.log","<dynamic>","unresolved","unresolved","","","pending_semantic_review"
"56717ddef8f0bbd8c8633172c8ca2c85c248dfd7","apps/cartera-back/scripts/puppeteer-smoke.mjs","28","console.error","<dynamic>","unresolved","unresolved","","","pending_semantic_review"
"56717ddef8f0bbd8c8633172c8ca2c85c248dfd7","apps/cartera-back/src/cofidi/nitGenerator.ts","54","console.log","🔍 Consultando NIT:","unresolved","unresolved","","","pending_semantic_review"
"56717ddef8f0bbd8c8633172c8ca2c85c248dfd7","apps/cartera-back/src/cofidi/nitGenerator.ts","67","console.log","📦 Response recibido de COFIDI","unresolved","unresolved","","","pending_semantic_review"
"56717ddef8f0bbd8c8633172c8ca2c85c248dfd7","apps/cartera-back/src/cofidi/nitGenerator.ts","82","console.error","❌ No se encontró getNITResult en la respuesta","unresolved","unresolved","","","pending_semantic_review"
"56717ddef8f0bbd8c8633172c8ca2c85c248dfd7","apps/cartera-back/src/cofidi/nitGenerator.ts","89","console.log","📄 getNITResult completo:","unresolved","unresolved","","","pending_semantic_review"
"56717ddef8f0bbd8c8633172c8ca2c85c248dfd7","apps/cartera-back/src/cofidi/nitGenerator.ts","96","console.error","❌ No se encontró Response en getNITResult","unresolved","unresolved","","","pending_semantic_review"
"56717ddef8f0bbd8c8633172c8ca2c85c248dfd7","apps/cartera-back/src/cofidi/nitGenerator.ts","103","console.log","📄 Response data:","unresolved","unresolved","","","pending_semantic_review"
"56717ddef8f0bbd8c8633172c8ca2c85c248dfd7","apps/cartera-back/src/cofidi/nitGenerator.ts","109","console.log","✅ NIT consultado exitosamente:","unresolved","unresolved","","","pending_semantic_review"
"56717ddef8f0bbd8c8633172c8ca2c85c248dfd7","apps/cartera-back/src/cofidi/nitGenerator.ts","117","console.log","❌ NIT no encontrado:","unresolved","unresolved","","","pending_semantic_review"
"56717ddef8f0bbd8c8633172c8ca2c85c248dfd7","apps/cartera-back/src/cofidi/nitGenerator.ts","126","console.error","❌ Error al consultar NIT:","unresolved","unresolved","","","pending_semantic_review"
"56717ddef8f0bbd8c8633172c8ca2c85c248dfd7","apps/cartera-back/src/cofidi/nitGenerator.ts","129","console.error","📄 Response data:","unresolved","unresolved","","","pending_semantic_review"
"56717ddef8f0bbd8c8633172c8ca2c85c248dfd7","apps/cartera-back/src/cofidi/nitGenerator.ts","130","console.error","📄 Response status:","unresolved","unresolved","","","pending_semantic_review"
"56717ddef8f0bbd8c8633172c8ca2c85c248dfd7","apps/cartera-back/src/cofidi/satClientService.ts","64","console.log","📤 Certificando documento...","unresolved","unresolved","","","pending_semantic_review"
"56717ddef8f0bbd8c8633172c8ca2c85c248dfd7","apps/cartera-back/src/cofidi/satClientService.ts","77","console.log","📄 XML guardado en:","unresolved","unresolved","","","pending_semantic_review"
"56717ddef8f0bbd8c8633172c8ca2c85c248dfd7","apps/cartera-back/src/cofidi/satClientService.ts","83","console.log","📄 SOAP Request guardado en:","unresolved","unresolved","","","pending_semantic_review"
"56717ddef8f0bbd8c8633172c8ca2c85c248dfd7","apps/cartera-back/src/cofidi/satClientService.ts","94","console.log","📨 Response status:","unresolved","unresolved","","","pending_semantic_review"
"56717ddef8f0bbd8c8633172c8ca2c85c248dfd7","apps/cartera-back/src/cofidi/satClientService.ts","100","console.error","❌ Error guardado en:","unresolved","unresolved","","","pending_semantic_review"
"56717ddef8f0bbd8c8633172c8ca2c85c248dfd7","apps/cartera-back/src/cofidi/satClientService.ts","107","console.log","✅ Response guardado en:","unresolved","unresolved","","","pending_semantic_review"
"56717ddef8f0bbd8c8633172c8ca2c85c248dfd7","apps/cartera-back/src/cofidi/satClientService.ts","112","console.error","❌ Error al certificar documento:","unresolved","unresolved","","","pending_semantic_review"
"56717ddef8f0bbd8c8633172c8ca2c85c248dfd7","apps/cartera-back/src/cofidi/satClientService.ts","161","console.log","📊 Resultado:","unresolved","unresolved","","","pending_semantic_review"
"56717ddef8f0bbd8c8633172c8ca2c85c248dfd7","apps/cartera-back/src/cofidi/satClientService.ts","186","console.log","✅ Certificación exitosa:","unresolved","unresolved","","","pending_semantic_review"
"56717ddef8f0bbd8c8633172c8ca2c85c248dfd7","apps/cartera-back/src/cofidi/satClientService.ts","200","console.error","❌ Error al parsear respuesta:","unresolved","unresolved","","","pending_semantic_review"
"56717ddef8f0bbd8c8633172c8ca2c85c248dfd7","apps/cartera-back/src/cofidi/satClientService.ts","212","console.log","🔍 Consultando DTE con ID interno:","unresolved","unresolved","","","pending_semantic_review"
"56717ddef8f0bbd8c8633172c8ca2c85c248dfd7","apps/cartera-back/src/cofidi/satClientService.ts","246","console.error","❌ Error al consultar DTE:","unresolved","unresolved","","","pending_semantic_review"
"56717ddef8f0bbd8c8633172c8ca2c85c248dfd7","apps/cartera-back/src/cofidi/satClientService.ts","304","console.error","❌ Error al parsear respuesta lookup:","unresolved","unresolved","","","pending_semantic_review"
"56717ddef8f0bbd8c8633172c8ca2c85c248dfd7","apps/cartera-back/src/cofidi/satClientService.ts","312","console.log","📥 Obteniendo DTE con UUID:","unresolved","unresolved","","","pending_semantic_review"
"56717ddef8f0bbd8c8633172c8ca2c85c248dfd7","apps/cartera-back/src/cofidi/satClientService.ts","346","console.error","❌ Error al obtener DTE:","unresolved","unresolved","","","pending_semantic_review"
"56717ddef8f0bbd8c8633172c8ca2c85c248dfd7","apps/cartera-back/src/cofidi/satClientService.ts","402","console.error","❌ Error al parsear respuesta get:","unresolved","unresolved","","","pending_semantic_review"
"56717ddef8f0bbd8c8633172c8ca2c85c248dfd7","apps/cartera-back/src/cofidi/satClientService.ts","410","console.log","🚫 Anulando DTE con UUID:","unresolved","unresolved","","","pending_semantic_review"
"56717ddef8f0bbd8c8633172c8ca2c85c248dfd7","apps/cartera-back/src/cofidi/satClientService.ts","444","console.error","❌ Error al anular DTE:","unresolved","unresolved","","","pending_semantic_review"
"56717ddef8f0bbd8c8633172c8ca2c85c248dfd7","apps/cartera-back/src/cofidi/satClientService.ts","488","console.error","❌ Error al parsear respuesta void:","unresolved","unresolved","","","pending_semantic_review"
"56717ddef8f0bbd8c8633172c8ca2c85c248dfd7","apps/cartera-back/src/controllers/abonosCapital.ts","34","console.error","Error al crear abono a capital:","unresolved","unresolved","","","pending_semantic_review"
"56717ddef8f0bbd8c8633172c8ca2c85c248dfd7","apps/cartera-back/src/controllers/abonosCapital.ts","355","console.error","Error al actualizar abono a capital:","unresolved","unresolved","","","pending_semantic_review"
"56717ddef8f0bbd8c8633172c8ca2c85c248dfd7","apps/cartera-back/src/controllers/accounts.ts","40","console.error","❌ Error al obtener cuentas de empresa:","unresolved","unresolved","","","pending_semantic_review"
"56717ddef8f0bbd8c8633172c8ca2c85c248dfd7","apps/cartera-back/src/controllers/accounts.ts","74","console.error","❌ Error al obtener cuenta por ID:","unresolved","unresolved","","","pending_semantic_review"
"56717ddef8f0bbd8c8633172c8ca2c85c248dfd7","apps/cartera-back/src/controllers/accounts.ts","109","console.error","❌ Error al crear cuenta de empresa:","unresolved","unresolved","","","pending_semantic_review"
"56717ddef8f0bbd8c8633172c8ca2c85c248dfd7","apps/cartera-back/src/controllers/accounts.ts","151","console.error","❌ Error al actualizar cuenta de empresa:","unresolved","unresolved","","","pending_semantic_review"
"56717ddef8f0bbd8c8633172c8ca2c85c248dfd7","apps/cartera-back/src/controllers/accounts.ts","183","console.error","❌ Error al desactivar cuenta de empresa:","unresolved","unresolved","","","pending_semantic_review"
"56717ddef8f0bbd8c8633172c8ca2c85c248dfd7","apps/cartera-back/src/controllers/accounts.ts","239","console.error","❌ Error al obtener movimientos:","unresolved","unresolved","","","pending_semantic_review"
"56717ddef8f0bbd8c8633172c8ca2c85c248dfd7","apps/cartera-back/src/controllers/accounts.ts","275","console.error","❌ Error al crear movimiento de cuenta:","unresolved","unresolved","","","pending_semantic_review"
"56717ddef8f0bbd8c8633172c8ca2c85c248dfd7","apps/cartera-back/src/controllers/addInvestorToCredit.ts","551","console.log","================================================================","unresolved","unresolved","","","pending_semantic_review"
"56717ddef8f0bbd8c8633172c8ca2c85c248dfd7","apps/cartera-back/src/controllers/addInvestorToCredit.ts","552","console.log","[addInvestorToCredit] MODO MANUAL: {expr} crédito(s) forzado(s)","unresolved","unresolved","","","pending_semantic_review"
"56717ddef8f0bbd8c8633172c8ca2c85c248dfd7","apps/cartera-back/src/controllers/addInvestorToCredit.ts","567","console.log","- Credito {expr} ({expr}): asignar Q{expr}","unresolved","unresolved","","","pending_semantic_review"
"56717ddef8f0bbd8c8633172c8ca2c85c248dfd7","apps/cartera-back/src/controllers/addInvestorToCredit.ts","571","console.log","================================================================","unresolved","unresolved","","","pending_semantic_review"
"56717ddef8f0bbd8c8633172c8ca2c85c248dfd7","apps/cartera-back/src/controllers/addInvestorToCredit.ts","655","console.log","================================================================","unresolved","unresolved","","","pending_semantic_review"
"56717ddef8f0bbd8c8633172c8ca2c85c248dfd7","apps/cartera-back/src/controllers/addInvestorToCredit.ts","656","console.log","[addInvestorToCredit] Llamando a getCreditCandidates con:","unresolved","unresolved","","","pending_semantic_review"
"56717ddef8f0bbd8c8633172c8ca2c85c248dfd7","apps/cartera-back/src/controllers/addInvestorToCredit.ts","657","console.log","- monto: {expr}","unresolved","unresolved","","","pending_semantic_review"
"56717ddef8f0bbd8c8633172c8ca2c85c248dfd7","apps/cartera-back/src/controllers/addInvestorToCredit.ts","658","console.log","- limit (minimo): {expr}","unresolved","unresolved","","","pending_semantic_review"
"56717ddef8f0bbd8c8633172c8ca2c85c248dfd7","apps/cartera-back/src/controllers/addInvestorToCredit.ts","659","console.log","- inversionista_id: {expr}","unresolved","unresolved","","","pending_semantic_review"
"56717ddef8f0bbd8c8633172c8ca2c85c248dfd7","apps/cartera-back/src/controllers/addInvestorToCredit.ts","660","console.log","- porcentaje (filtro): {expr}","unresolved","unresolved","","","pending_semantic_review"
"56717ddef8f0bbd8c8633172c8ca2c85c248dfd7","apps/cartera-back/src/controllers/addInvestorToCredit.ts","661","console.log","================================================================","unresolved","unresolved","","","pending_semantic_review"
"56717ddef8f0bbd8c8633172c8ca2c85c248dfd7","apps/cartera-back/src/controllers/addInvestorToCredit.ts","665","console.log","[addInvestorToCredit] Candidatos encontrados: {expr}","unresolved","unresolved","","","pending_semantic_review"
"56717ddef8f0bbd8c8633172c8ca2c85c248dfd7","apps/cartera-back/src/controllers/addInvestorToCredit.ts","667","console.log","[{expr}] Credito: {expr}, Score: {expr}, Capital Activo: {expr}","unresolved","unresolved","","","pending_semantic_review"
"56717ddef8f0bbd8c8633172c8ca2c85c248dfd7","apps/cartera-back/src/controllers/addInvestorToCredit.ts","669","console.log","================================================================","unresolved","unresolved","","","pending_semantic_review"
"56717ddef8f0bbd8c8633172c8ca2c85c248dfd7","apps/cartera-back/src/controllers/addInvestorToCredit.ts","729","console.log","[addInvestorToCredit] Filtro tipo_reinversion: {expr} descartados, {expr} compatibles","unresolved","unresolved","","","pending_semantic_review"
"56717ddef8f0bbd8c8633172c8ca2c85c248dfd7","apps/cartera-back/src/controllers/addInvestorToCredit.ts","1559","console.log","✅ Crédito {expr} - asignado Q{expr} - quedan Q{expr}","unresolved","unresolved","","","pending_semantic_review"
"56717ddef8f0bbd8c8633172c8ca2c85c248dfd7","apps/cartera-back/src/controllers/addInvestorToCredit.ts","1666","console.warn","[addInvestorToCredit] No se pudo resolver el usuario desde el JWT:","unresolved","unresolved","","","pending_semantic_review"
"56717ddef8f0bbd8c8633172c8ca2c85c248dfd7","apps/cartera-back/src/controllers/addInvestorToCredit.ts","1698","console.error","[addInvestorToCredit] Error enviando notificación por correo:","unresolved","unresolved","","","pending_semantic_review"
"56717ddef8f0bbd8c8633172c8ca2c85c248dfd7","apps/cartera-back/src/controllers/addInvestorToCredit.ts","1763","console.error","[addInvestorToCredit] Error:","unresolved","unresolved","","","pending_semantic_review"
"56717ddef8f0bbd8c8633172c8ca2c85c248dfd7","apps/cartera-back/src/controllers/advisor.ts","72","console.error","❌ Error insertAdvisor:","unresolved","unresolved","","","pending_semantic_review"
"56717ddef8f0bbd8c8633172c8ca2c85c248dfd7","apps/cartera-back/src/controllers/advisor.ts","99","console.log","🔍 ========================================","unresolved","unresolved","","","pending_semantic_review"
"56717ddef8f0bbd8c8633172c8ca2c85c248dfd7","apps/cartera-back/src/controllers/advisor.ts","100","console.log","🔍 Buscando: ""{expr}""","unresolved","unresolved","","","pending_semantic_review"
"56717ddef8f0bbd8c8633172c8ca2c85c248dfd7","apps/cartera-back/src/controllers/advisor.ts","101","console.log","🔍 Normalizado: ""{expr}""","unresolved","unresolved","","","pending_semantic_review"
"56717ddef8f0bbd8c8633172c8ca2c85c248dfd7","apps/cartera-back/src/controllers/advisor.ts","102","console.log","🔍 Length: {expr}","unresolved","unresolved","","","pending_semantic_review"
"56717ddef8f0bbd8c8633172c8ca2c85c248dfd7","apps/cartera-back/src/controllers/advisor.ts","103","console.log","🔍 Bytes: [{expr}]","unresolved","unresolved","","","pending_semantic_review"
"56717ddef8f0bbd8c8633172c8ca2c85c248dfd7","apps/cartera-back/src/controllers/advisor.ts","110","console.log","📋 Asesores en BD ({expr}):","unresolved","unresolved","","","pending_semantic_review"
"56717ddef8f0bbd8c8633172c8ca2c85c248dfd7","apps/cartera-back/src/controllers/advisor.ts","121","console.log","- ""{expr}"" → normalizado: ""{expr}"" (length: {expr})","unresolved","unresolved","","","pending_semantic_review"
"56717ddef8f0bbd8c8633172c8ca2c85c248dfd7","apps/cartera-back/src/controllers/advisor.ts","122","console.log","Bytes: [{expr}]","unresolved","unresolved","","","pending_semantic_review"
"56717ddef8f0bbd8c8633172c8ca2c85c248dfd7","apps/cartera-back/src/controllers/advisor.ts","123","console.log","Match: {expr}","unresolved","unresolved","","","pending_semantic_review"
"56717ddef8f0bbd8c8633172c8ca2c85c248dfd7","apps/cartera-back/src/controllers/advisor.ts","131","console.log","✅ ENCONTRADO: ID {expr} - ""{expr}""","unresolved","unresolved","","","pending_semantic_review"
"56717ddef8f0bbd8c8633172c8ca2c85c248dfd7","apps/cartera-back/src/controllers/advisor.ts","132","console.log","========================================","unresolved","unresolved","","","pending_semantic_review"
"56717ddef8f0bbd8c8633172c8ca2c85c248dfd7","apps/cartera-back/src/controllers/advisor.ts","141","console.log","➕ NO ENCONTRADO - Creando: ""{expr}""","unresolved","unresolved","","","pending_semantic_review"
"56717ddef8f0bbd8c8633172c8ca2c85c248dfd7","apps/cartera-back/src/controllers/advisor.ts","142","console.log","========================================","unresolved","unresolved","","","pending_semantic_review"
"56717ddef8f0bbd8c8633172c8ca2c85c248dfd7","apps/cartera-back/src/controllers/advisor.ts","333","console.log","🚀 Fetching créditos por asesor | numero_credito_sifco: {expr}, email_asesor: {expr}","unresolved","unresolved","","","pending_semantic_review"
"56717ddef8f0bbd8c8633172c8ca2c85c248dfd7","apps/cartera-back/src/controllers/advisor.ts","340","console.log","🔎 Filtrando por email de asesor: {expr}","unresolved","unresolved","","","pending_semantic_review"
"56717ddef8f0bbd8c8633172c8ca2c85c248dfd7","apps/cartera-back/src/controllers/advisor.ts","359","console.log","👥 Asesores encontrados: {expr}","unresolved","unresolved","","","pending_semantic_review"
"56717ddef8f0bbd8c8633172c8ca2c85c248dfd7","apps/cartera-back/src/controllers/advisor.ts","389","console.log","📊 Créditos para asesor {expr}: {expr}","unresolved","unresolved","","","pending_semantic_review"
"56717ddef8f0bbd8c8633172c8ca2c85c248dfd7","apps/cartera-back/src/controllers/advisor.ts","430","console.error","❌ Error procesando asesor {expr}:","unresolved","unresolved","","","pending_semantic_review"
"56717ddef8f0bbd8c8633172c8ca2c85c248dfd7","apps/cartera-back/src/controllers/advisor.ts","450","console.log","✅ Resultados generados para {expr} asesores","unresolved","unresolved","","","pending_semantic_review"
"56717ddef8f0bbd8c8633172c8ca2c85c248dfd7","apps/cartera-back/src/controllers/advisor.ts","454","console.error","❌ Error general en getCreditosPorAsesorController:","unresolved","unresolved","","","pending_semantic_review"
"56717ddef8f0bbd8c8633172c8ca2c85c248dfd7","apps/cartera-back/src/controllers/advisor.ts","470","console.log","🔍 Buscando asesor con menor carga de capital...","unresolved","unresolved","","","pending_semantic_review"
"56717ddef8f0bbd8c8633172c8ca2c85c248dfd7","apps/cartera-back/src/controllers/advisor.ts","491","console.log","👥 Asesores activos encontrados: {expr}","unresolved","unresolved","","","pending_semantic_review"
"56717ddef8f0bbd8c8633172c8ca2c85c248dfd7","apps/cartera-back/src/controllers/advisor.ts","534","console.log","📊 Carga de asesores:","unresolved","unresolved","","","pending_semantic_review"
"56717ddef8f0bbd8c8633172c8ca2c85c248dfd7","apps/cartera-back/src/controllers/advisor.ts","536","console.log","- {expr}: {expr} créditos, Capital: Q{expr}","unresolved","unresolved","","","pending_semantic_review"
"56717ddef8f0bbd8c8633172c8ca2c85c248dfd7","apps/cartera-back/src/controllers/advisor.ts","543","console.log","✅ Asesor seleccionado: {expr} (ID: {expr})","unresolved","unresolved","","","pending_semantic_review"
"56717ddef8f0bbd8c8633172c8ca2c85c248dfd7","apps/cartera-back/src/controllers/advisor.ts","549","console.error","❌ Error obteniendo asesor con menor carga:","unresolved","unresolved","","","pending_semantic_review"
"56717ddef8f0bbd8c8633172c8ca2c85c248dfd7","apps/cartera-back/src/controllers/advisor.ts","587","console.error","❌ Error getCreditosCRM:","unresolved","unresolved","","","pending_semantic_review"
"56717ddef8f0bbd8c8633172c8ca2c85c248dfd7","apps/cartera-back/src/controllers/advisor.ts","631","console.error","❌ Error updateCreditAdvisor:","unresolved","unresolved","","","pending_semantic_review"
"56717ddef8f0bbd8c8633172c8ca2c85c248dfd7","apps/cartera-back/src/controllers/ajustarPagosLiquidacion.ts","942","console.error","[ajustarPagosLiquidacion] Error generando reporte:","unresolved","unresolved","","","pending_semantic_review"
"56717ddef8f0bbd8c8633172c8ca2c85c248dfd7","apps/cartera-back/src/controllers/assignCapital.ts","149","console.log","🔍 ========== getCreditCandidates ==========","unresolved","unresolved","","","pending_semantic_review"
"56717ddef8f0bbd8c8633172c8ca2c85c248dfd7","apps/cartera-back/src/controllers/assignCapital.ts","150","console.log","monto: {expr}","unresolved","unresolved","","","pending_semantic_review"
"56717ddef8f0bbd8c8633172c8ca2c85c248dfd7","apps/cartera-back/src/controllers/assignCapital.ts","168","console.log","✨ Inversionista ID {expr} detectado como NUEVO.","unresolved","unresolved","","","pending_semantic_review"
"56717ddef8f0bbd8c8633172c8ca2c85c248dfd7","apps/cartera-back/src/controllers/assignCapital.ts","197","console.log","- Créditos ACTIVOS en total: {expr}","unresolved","unresolved","","","pending_semantic_review"
"56717ddef8f0bbd8c8633172c8ca2c85c248dfd7","apps/cartera-back/src/controllers/assignCapital.ts","200","console.log","- Elegibles antes del filtro de interés: {expr}","unresolved","unresolved","","","pending_semantic_review"
"56717ddef8f0bbd8c8633172c8ca2c85c248dfd7","apps/cartera-back/src/controllers/assignCapital.ts","201","console.log","- Descartados por excluir_compras: {expr}","unresolved","unresolved","","","pending_semantic_review"
"56717ddef8f0bbd8c8633172c8ca2c85c248dfd7","apps/cartera-back/src/controllers/assignCapital.ts","243","console.log","Candidatos base (Activos + Vehículo + Interés > 0): {expr}","unresolved","unresolved","","","pending_semantic_review"
"56717ddef8f0bbd8c8633172c8ca2c85c248dfd7","apps/cartera-back/src/controllers/assignCapital.ts","268","console.log","Créditos descartados por validaciones de pagos pendientes/inválidos: {expr}","unresolved","unresolved","","","pending_semantic_review"
"56717ddef8f0bbd8c8633172c8ca2c85c248dfd7","apps/cartera-back/src/controllers/assignCapital.ts","284","console.log","Créditos descartados por compra pendiente de facturar: {expr}","unresolved","unresolved","","","pending_semantic_review"
"56717ddef8f0bbd8c8633172c8ca2c85c248dfd7","apps/cartera-back/src/controllers/assignCapital.ts","304","console.log","Créditos descartados por cuotas vencidas sin pagar: {expr}","unresolved","unresolved","","","pending_semantic_review"
"56717ddef8f0bbd8c8633172c8ca2c85c248dfd7","apps/cartera-back/src/controllers/assignCapital.ts","348","console.log","Créditos con espejo completado (elegibles): {expr}","unresolved","unresolved","","","pending_semantic_review"
"56717ddef8f0bbd8c8633172c8ca2c85c248dfd7","apps/cartera-back/src/controllers/assignCapital.ts","401","console.log","Créditos descartados por porcentaje incompatible (inversionista propio): {expr}","unresolved","unresolved","","","pending_semantic_review"
"56717ddef8f0bbd8c8633172c8ca2c85c248dfd7","apps/cartera-back/src/controllers/assignCapital.ts","510","console.log","❌ [{expr}] Descartado: tiene pagos sin validar (estado riesgoso)","unresolved","unresolved","","","pending_semantic_review"
"56717ddef8f0bbd8c8633172c8ca2c85c248dfd7","apps/cartera-back/src/controllers/assignCapital.ts","518","console.log","❌ [{expr}] Descartado: tiene compra pendiente de facturar","unresolved","unresolved","","","pending_semantic_review"
"56717ddef8f0bbd8c8633172c8ca2c85c248dfd7","apps/cartera-back/src/controllers/assignCapital.ts","526","console.log","❌ [{expr}] Descartado: tiene cuotas vencidas sin pagar","unresolved","unresolved","","","pending_semantic_review"
"56717ddef8f0bbd8c8633172c8ca2c85c248dfd7","apps/cartera-back/src/controllers/assignCapital.ts","534","console.log","❌ [{expr}] Descartado: inversionista ya participa con porcentaje distinto","unresolved","unresolved","","","pending_semantic_review"
"56717ddef8f0bbd8c8633172c8ca2c85c248dfd7","apps/cartera-back/src/controllers/assignCapital.ts","542","console.log","❌ [{expr}] Descartado: espejo tiene registros pendientes (proceso en curso)","unresolved","unresolved","","","pending_semantic_review"
"56717ddef8f0bbd8c8633172c8ca2c85c248dfd7","apps/cartera-back/src/controllers/assignCapital.ts","554","console.log","❌ [{expr}] Descartado: Crédito sin participación de Cube (ID {expr})","unresolved","unresolved","","","pending_semantic_review"
"56717ddef8f0bbd8c8633172c8ca2c85c248dfd7","apps/cartera-back/src/controllers/assignCapital.ts","572","console.log","❌ [{expr}] Descartado: Pool donde Cube (Q{expr}) no es el líder (hay montos de Q{expr})","unresolved","unresolved","","","pending_semantic_review"
"56717ddef8f0bbd8c8633172c8ca2c85c248dfd7","apps/cartera-back/src/controllers/assignCapital.ts","587","console.log","❌ [{expr}] Descartado: El capital activo es Q0.00","unresolved","unresolved","","","pending_semantic_review"
"56717ddef8f0bbd8c8633172c8ca2c85c248dfd7","apps/cartera-back/src/controllers/assignCapital.ts","599","console.log","❌ [{expr}] Descartado: No tiene ninguna cuota pagada (>= 1)","unresolved","unresolved","","","pending_semantic_review"
"56717ddef8f0bbd8c8633172c8ca2c85c248dfd7","apps/cartera-back/src/controllers/assignCapital.ts","643","console.log","✅ [{expr}] score={expr} (crm={expr}, nuevo={expr}, fmt={expr}, cuotas={expr}, prox={expr}, reinv={expr}, total={expr}, venc30={expr})","unresolved","unresolved","","","pending_semantic_review"
"56717ddef8f0bbd8c8633172c8ca2c85c248dfd7","apps/cartera-back/src/controllers/assignCapital.ts","742","console.log","✅ Candidatos finales: {expr}","unresolved","unresolved","","","pending_semantic_review"
"56717ddef8f0bbd8c8633172c8ca2c85c248dfd7","apps/cartera-back/src/controllers/assignCapital.ts","743","console.log","===========================================","unresolved","unresolved","","","pending_semantic_review"
"56717ddef8f0bbd8c8633172c8ca2c85c248dfd7","apps/cartera-back/src/controllers/auth.ts","198","console.log","➡️ Iniciando creación de conta:","unresolved","unresolved","","","pending_semantic_review"
"56717ddef8f0bbd8c8633172c8ca2c85c248dfd7","apps/cartera-back/src/controllers/auth.ts","212","console.log","✅ Conta creado:","unresolved","unresolved","","","pending_semantic_review"
"56717ddef8f0bbd8c8633172c8ca2c85c248dfd7","apps/cartera-back/src/controllers/auth.ts","217","console.log","🔍 conta_id obtenido:","unresolved","unresolved","","","pending_semantic_review"
"56717ddef8f0bbd8c8633172c8ca2c85c248dfd7","apps/cartera-back/src/controllers/auth.ts","229","console.log","✅ Usuario de plataforma creado:","unresolved","unresolved","","","pending_semantic_review"
"56717ddef8f0bbd8c8633172c8ca2c85c248dfd7","apps/cartera-back/src/controllers/auth.ts","234","console.error","❌ Error en createContaService:","unresolved","unresolved","","","pending_semantic_review"
"56717ddef8f0bbd8c8633172c8ca2c85c248dfd7","apps/cartera-back/src/controllers/auth.ts","253","console.log","➡️ Actualizando conta desde platformUser:","unresolved","unresolved","","","pending_semantic_review"
"56717ddef8f0bbd8c8633172c8ca2c85c248dfd7","apps/cartera-back/src/controllers/auth.ts","264","console.log","🔎 Usuario encontrado en platform_users:","unresolved","unresolved","","","pending_semantic_review"
"56717ddef8f0bbd8c8633172c8ca2c85c248dfd7","apps/cartera-back/src/controllers/auth.ts","281","console.log","✅ Platform_users actualizado:","unresolved","unresolved","","","pending_semantic_review"
"56717ddef8f0bbd8c8633172c8ca2c85c248dfd7","apps/cartera-back/src/controllers/auth.ts","295","console.log","✅ Conta_users actualizado:","unresolved","unresolved","","","pending_semantic_review"
"56717ddef8f0bbd8c8633172c8ca2c85c248dfd7","apps/cartera-back/src/controllers/auth.ts","301","console.error","❌ Error en updateContaUserService:","unresolved","unresolved","","","pending_semantic_review"
"56717ddef8f0bbd8c8633172c8ca2c85c248dfd7","apps/cartera-back/src/controllers/auth.ts","310","console.log","➡️ Cargando usuarios de plataforma...","unresolved","unresolved","","","pending_semantic_review"
"56717ddef8f0bbd8c8633172c8ca2c85c248dfd7","apps/cartera-back/src/controllers/auth.ts","336","console.log","✅ Usuarios de plataforma obtenidos:","unresolved","unresolved","","","pending_semantic_review"
"56717ddef8f0bbd8c8633172c8ca2c85c248dfd7","apps/cartera-back/src/controllers/auth.ts","340","console.error","❌ Error en getPlatformUsersService:","unresolved","unresolved","","","pending_semantic_review"
"56717ddef8f0bbd8c8633172c8ca2c85c248dfd7","apps/cartera-back/src/controllers/cancelCredit.ts","199","console.error","[ERROR] getCreditWithCancellationDetails:","unresolved","unresolved","","","pending_semantic_review"
"56717ddef8f0bbd8c8633172c8ca2c85c248dfd7","apps/cartera-back/src/controllers/cierreMensual.ts","92","console.log","╔════════════════════════════════════════════════════════════","unresolved","unresolved","","","pending_semantic_review"
"56717ddef8f0bbd8c8633172c8ca2c85c248dfd7","apps/cartera-back/src/controllers/cierreMensual.ts","93","console.log","║ [JOB] 📊 GENERANDO CIERRE MENSUAL — periodo {expr}","unresolved","unresolved","","","pending_semantic_review"
"56717ddef8f0bbd8c8633172c8ca2c85c248dfd7","apps/cartera-back/src/controllers/cierreMensual.ts","94","console.log","║ Solo créditos creados antes de {expr} (fin de periodo GT)","unresolved","unresolved","","","pending_semantic_review"
"56717ddef8f0bbd8c8633172c8ca2c85c248dfd7","apps/cartera-back/src/controllers/cierreMensual.ts","95","console.log","╚════════════════════════════════════════════════════════════","unresolved","unresolved","","","pending_semantic_review"
"56717ddef8f0bbd8c8633172c8ca2c85c248dfd7","apps/cartera-back/src/controllers/cierreMensual.ts","185","console.log","<dynamic>","unresolved","unresolved","","","pending_semantic_review"
"56717ddef8f0bbd8c8633172c8ca2c85c248dfd7","apps/cartera-back/src/controllers/cierreMensual.ts","192","console.log","✅ Cierre mensual generado: {expr} filas para el periodo {expr}","unresolved","unresolved","","","pending_semantic_review"
"56717ddef8f0bbd8c8633172c8ca2c85c248dfd7","apps/cartera-back/src/controllers/cierreMensual.ts","287","console.log","[mora {expr}] créditos={expr} montoMora={expr}","unresolved","unresolved","","","pending_semantic_review"
"56717ddef8f0bbd8c8633172c8ca2c85c248dfd7","apps/cartera-back/src/controllers/cierreMensual.ts","290","console.log","✅ Aging de mora generado: 4 buckets para el periodo {expr}","unresolved","unresolved","","","pending_semantic_review"
"56717ddef8f0bbd8c8633172c8ca2c85c248dfd7","apps/cartera-back/src/controllers/completeEspejo.ts","364","console.log","✅ Crédito {expr} - {expr} registros espejo marcados como completado","unresolved","unresolved","","","pending_semantic_review"
"56717ddef8f0bbd8c8633172c8ca2c85c248dfd7","apps/cartera-back/src/controllers/completeEspejo.ts","412","console.warn","[completeEspejo] No se pudo resolver el usuario del JWT:","unresolved","unresolved","","","pending_semantic_review"
"56717ddef8f0bbd8c8633172c8ca2c85c248dfd7","apps/cartera-back/src/controllers/completeEspejo.ts","527","console.warn","[completeEspejo] {expr} correo(s) fallaron de {expr}","unresolved","unresolved","","","pending_semantic_review"
"56717ddef8f0bbd8c8633172c8ca2c85c248dfd7","apps/cartera-back/src/controllers/completeEspejo.ts","533","console.error","[completeEspejo] Error enviando correo:","unresolved","unresolved","","","pending_semantic_review"
"56717ddef8f0bbd8c8633172c8ca2c85c248dfd7","apps/cartera-back/src/controllers/completeEspejo.ts","547","console.error","[completeEspejo] Error:","unresolved","unresolved","","","pending_semantic_review"
"56717ddef8f0bbd8c8633172c8ca2c85c248dfd7","apps/cartera-back/src/controllers/compraCarteraAceptada.ts","170","console.warn","[compraCarteraAceptada] No se pudo resolver el usuario desde el JWT:","unresolved","unresolved","","","pending_semantic_review"
"56717ddef8f0bbd8c8633172c8ca2c85c248dfd7","apps/cartera-back/src/controllers/compraCarteraAceptada.ts","410","console.log","<dynamic>","unresolved","unresolved","","","pending_semantic_review"
"56717ddef8f0bbd8c8633172c8ca2c85c248dfd7","apps/cartera-back/src/controllers/compraCarteraAceptada.ts","449","console.error","[compraCarteraAceptada] Error:","unresolved","unresolved","","","pending_semantic_review"
"56717ddef8f0bbd8c8633172c8ca2c85c248dfd7","apps/cartera-back/src/controllers/compraCarteraAceptada.ts","513","console.error","[extenderCompraCartera] Error:","unresolved","unresolved","","","pending_semantic_review"
"56717ddef8f0bbd8c8633172c8ca2c85c248dfd7","apps/cartera-back/src/controllers/createCredit.ts","415","console.log","🎯 Aplicando load balancing de asesores...","unresolved","unresolved","","","pending_semantic_review"
"56717ddef8f0bbd8c8633172c8ca2c85c248dfd7","apps/cartera-back/src/controllers/createCredit.ts","417","console.log","✅ Asesor asignado: {expr}","unresolved","unresolved","","","pending_semantic_review"
"56717ddef8f0bbd8c8633172c8ca2c85c248dfd7","apps/cartera-back/src/controllers/createCredit.ts","468","console.log","Credit data to insert:","unresolved","unresolved","","","pending_semantic_review"
"56717ddef8f0bbd8c8633172c8ca2c85c248dfd7","apps/cartera-back/src/controllers/createCredit.ts","476","console.log","Inserted credit:","unresolved","unresolved","","","pending_semantic_review"
"56717ddef8f0bbd8c8633172c8ca2c85c248dfd7","apps/cartera-back/src/controllers/createCredit.ts","487","console.log","Inserted rubros:","unresolved","unresolved","","","pending_semantic_review"
"56717ddef8f0bbd8c8633172c8ca2c85c248dfd7","apps/cartera-back/src/controllers/createCredit.ts","495","console.log","{expr}","unresolved","unresolved","","","pending_semantic_review"
"56717ddef8f0bbd8c8633172c8ca2c85c248dfd7","apps/cartera-back/src/controllers/createCredit.ts","496","console.log","📊 PROCESANDO INVERSIONISTA #{expr}","unresolved","unresolved","","","pending_semantic_review"
"56717ddef8f0bbd8c8633172c8ca2c85c248dfd7","apps/cartera-back/src/controllers/createCredit.ts","497","console.log","{expr}","unresolved","unresolved","","","pending_semantic_review"
"56717ddef8f0bbd8c8633172c8ca2c85c248dfd7","apps/cartera-back/src/controllers/createCredit.ts","503","console.log","🆔 ID Inversionista: {expr}","unresolved","unresolved","","","pending_semantic_review"
"56717ddef8f0bbd8c8633172c8ca2c85c248dfd7","apps/cartera-back/src/controllers/createCredit.ts","504","console.log","💰 Monto Aportado: Q{expr}","unresolved","unresolved","","","pending_semantic_review"
"56717ddef8f0bbd8c8633172c8ca2c85c248dfd7","apps/cartera-back/src/controllers/createCredit.ts","505","console.log","💵 Capital Total del Crédito: Q{expr}","unresolved","unresolved","","","pending_semantic_review"
"56717ddef8f0bbd8c8633172c8ca2c85c248dfd7","apps/cartera-back/src/controllers/createCredit.ts","512","console.log","📐 CÁLCULO DE PARTICIPACIÓN:","unresolved","unresolved","","","pending_semantic_review"
"56717ddef8f0bbd8c8633172c8ca2c85c248dfd7","apps/cartera-back/src/controllers/createCredit.ts","513","console.log","Fórmula: ({expr} / {expr}) * 100","unresolved","unresolved","","","pending_semantic_review"
"56717ddef8f0bbd8c8633172c8ca2c85c248dfd7","apps/cartera-back/src/controllers/createCredit.ts","514","console.log","Resultado: {expr}%","unresolved","unresolved","","","pending_semantic_review"
"56717ddef8f0bbd8c8633172c8ca2c85c248dfd7","apps/cartera-back/src/controllers/createCredit.ts","520","console.log","💳 CUOTA TOTAL Y CARGOS:","unresolved","unresolved","","","pending_semantic_review"
"56717ddef8f0bbd8c8633172c8ca2c85c248dfd7","apps/cartera-back/src/controllers/createCredit.ts","521","console.log","Cuota Total: Q{expr}","unresolved","unresolved","","","pending_semantic_review"
"56717ddef8f0bbd8c8633172c8ca2c85c248dfd7","apps/cartera-back/src/controllers/createCredit.ts","522","console.log","- Seguro: Q{expr}","unresolved","unresolved","","","pending_semantic_review"
"56717ddef8f0bbd8c8633172c8ca2c85c248dfd7","apps/cartera-back/src/controllers/createCredit.ts","523","console.log","- GPS: Q{expr}","unresolved","unresolved","","","pending_semantic_review"
"56717ddef8f0bbd8c8633172c8ca2c85c248dfd7","apps/cartera-back/src/controllers/createCredit.ts","524","console.log","- Membresía: Q{expr}","unresolved","unresolved","","","pending_semantic_review"
"56717ddef8f0bbd8c8633172c8ca2c85c248dfd7","apps/cartera-back/src/controllers/createCredit.ts","531","console.log","= Cuota sin cargos: Q{expr}","unresolved","unresolved","","","pending_semantic_review"
"56717ddef8f0bbd8c8633172c8ca2c85c248dfd7","apps/cartera-back/src/controllers/createCredit.ts","532","console.log","Fórmula: {expr} - {expr} - {expr} - {expr}","unresolved","unresolved","","","pending_semantic_review"
"56717ddef8f0bbd8c8633172c8ca2c85c248dfd7","apps/cartera-back/src/controllers/createCredit.ts","535","console.log","🔢 PASO 2: MULTIPLICAR POR PORCENTAJE","unresolved","unresolved","","","pending_semantic_review"
"56717ddef8f0bbd8c8633172c8ca2c85c248dfd7","apps/cartera-back/src/controllers/createCredit.ts","536","console.log","Fórmula: {expr} * ({expr}% / 100)","unresolved","unresolved","","","pending_semantic_review"
"56717ddef8f0bbd8c8633172c8ca2c85c248dfd7","apps/cartera-back/src/controllers/createCredit.ts","542","console.log","Cuota Base Calculada: Q{expr}","unresolved","unresolved","","","pending_semantic_review"
"56717ddef8f0bbd8c8633172c8ca2c85c248dfd7","apps/cartera-back/src/controllers/createCredit.ts","545","console.log","🔍 BUSCANDO INVERSIONISTA CON MAYOR MONTO APORTADO:","unresolved","unresolved","","","pending_semantic_review"
"56717ddef8f0bbd8c8633172c8ca2c85c248dfd7","apps/cartera-back/src/controllers/createCredit.ts","549","console.log","[{expr}] ID {expr}: Q{expr}","unresolved","unresolved","","","pending_semantic_review"
"56717ddef8f0bbd8c8633172c8ca2c85c248dfd7","apps/cartera-back/src/controllers/createCredit.ts","556","console.log","🏆 Mayor encontrado: ID {expr} con Q{expr}","unresolved","unresolved","","","pending_semantic_review"
"56717ddef8f0bbd8c8633172c8ca2c85c248dfd7","apps/cartera-back/src/controllers/createCredit.ts","560","console.log","¿Es este inversionista el mayor? {expr}","unresolved","unresolved","","","pending_semantic_review"
"56717ddef8f0bbd8c8633172c8ca2c85c248dfd7","apps/cartera-back/src/controllers/createCredit.ts","566","console.log","🚀 FRONTEND: Usando cuota enviada desde el front: Q{expr}","unresolved","unresolved","","","pending_semantic_review"
"56717ddef8f0bbd8c8633172c8ca2c85c248dfd7","apps/cartera-back/src/controllers/createCredit.ts","568","console.log","🏆 ESTE ES EL INVERSIONISTA MAYOR","unresolved","unresolved","","","pending_semantic_review"
"56717ddef8f0bbd8c8633172c8ca2c85c248dfd7","apps/cartera-back/src/controllers/createCredit.ts","569","console.log","Cuota Base: Q{expr}","unresolved","unresolved","","","pending_semantic_review"
"56717ddef8f0bbd8c8633172c8ca2c85c248dfd7","apps/cartera-back/src/controllers/createCredit.ts","570","console.log","+ Seguro: Q{expr}","unresolved","unresolved","","","pending_semantic_review"
"56717ddef8f0bbd8c8633172c8ca2c85c248dfd7","apps/cartera-back/src/controllers/createCredit.ts","571","console.log","+ Membresía: Q{expr}","unresolved","unresolved","","","pending_semantic_review"
"56717ddef8f0bbd8c8633172c8ca2c85c248dfd7","apps/cartera-back/src/controllers/createCredit.ts","578","console.log","= Cuota Final: Q{expr}","unresolved","unresolved","","","pending_semantic_review"
"56717ddef8f0bbd8c8633172c8ca2c85c248dfd7","apps/cartera-back/src/controllers/createCredit.ts","579","console.log","Fórmula: {expr} + {expr} + {expr}","unresolved","unresolved","","","pending_semantic_review"
"56717ddef8f0bbd8c8633172c8ca2c85c248dfd7","apps/cartera-back/src/controllers/createCredit.ts","581","console.log","📍 Inversionista normal (no es el mayor)","unresolved","unresolved","","","pending_semantic_review"
"56717ddef8f0bbd8c8633172c8ca2c85c248dfd7","apps/cartera-back/src/controllers/createCredit.ts","583","console.log","Cuota Final = Cuota Base: Q{expr}","unresolved","unresolved","","","pending_semantic_review"
"56717ddef8f0bbd8c8633172c8ca2c85c248dfd7","apps/cartera-back/src/controllers/createCredit.ts","584","console.log","(No se suman cargos)","unresolved","unresolved","","","pending_semantic_review"
"56717ddef8f0bbd8c8633172c8ca2c85c248dfd7","apps/cartera-back/src/controllers/createCredit.ts","588","console.log","💹 CÁLCULO DE INTERESES:","unresolved","unresolved","","","pending_semantic_review"
"56717ddef8f0bbd8c8633172c8ca2c85c248dfd7","apps/cartera-back/src/controllers/createCredit.ts","590","console.log","Tasa de Interés: {expr}%","unresolved","unresolved","","","pending_semantic_review"
"56717ddef8f0bbd8c8633172c8ca2c85c248dfd7","apps/cartera-back/src/controllers/createCredit.ts","591","console.log","Monto Aportado: Q{expr}","unresolved","unresolved","","","pending_semantic_review"
"56717ddef8f0bbd8c8633172c8ca2c85c248dfd7","apps/cartera-back/src/controllers/createCredit.ts","594","console.log","Interés Calculado: Q{expr}","unresolved","unresolved","","","pending_semantic_review"
"56717ddef8f0bbd8c8633172c8ca2c85c248dfd7","apps/cartera-back/src/controllers/createCredit.ts","595","console.log","Fórmula: {expr} * ({expr}% / 100)","unresolved","unresolved","","","pending_semantic_review"
"56717ddef8f0bbd8c8633172c8ca2c85c248dfd7","apps/cartera-back/src/controllers/createCredit.ts","598","console.log","📊 DISTRIBUCIÓN DE INTERÉS:","unresolved","unresolved","","","pending_semantic_review"
"56717ddef8f0bbd8c8633172c8ca2c85c248dfd7","apps/cartera-back/src/controllers/createCredit.ts","599","console.log","% Inversionista: {expr}%","unresolved","unresolved","","","pending_semantic_review"
"56717ddef8f0bbd8c8633172c8ca2c85c248dfd7","apps/cartera-back/src/controllers/createCredit.ts","600","console.log","% Cash-In: {expr}%","unresolved","unresolved","","","pending_semantic_review"
"56717ddef8f0bbd8c8633172c8ca2c85c248dfd7","apps/cartera-back/src/controllers/createCredit.ts","605","console.log","Monto Inversionista: Q{expr}","unresolved","unresolved","","","pending_semantic_review"
"56717ddef8f0bbd8c8633172c8ca2c85c248dfd7","apps/cartera-back/src/controllers/createCredit.ts","606","console.log","Fórmula: {expr} * ({expr}% / 100)","unresolved","unresolved","","","pending_semantic_review"
"56717ddef8f0bbd8c8633172c8ca2c85c248dfd7","apps/cartera-back/src/controllers/createCredit.ts","607","console.log","Monto Cash-In: Q{expr}","unresolved","unresolved","","","pending_semantic_review"
"56717ddef8f0bbd8c8633172c8ca2c85c248dfd7","apps/cartera-back/src/controllers/createCredit.ts","608","console.log","Fórmula: {expr} * ({expr}% / 100)","unresolved","unresolved","","","pending_semantic_review"
"56717ddef8f0bbd8c8633172c8ca2c85c248dfd7","apps/cartera-back/src/controllers/createCredit.ts","611","console.log","🧾 CÁLCULO DE IVA (12%):","unresolved","unresolved","","","pending_semantic_review"
"56717ddef8f0bbd8c8633172c8ca2c85c248dfd7","apps/cartera-back/src/controllers/createCredit.ts","621","console.log","IVA Inversionista: Q{expr}","unresolved","unresolved","","","pending_semantic_review"
"56717ddef8f0bbd8c8633172c8ca2c85c248dfd7","apps/cartera-back/src/controllers/createCredit.ts","622","console.log","Fórmula: {expr} * 0.12","unresolved","unresolved","","","pending_semantic_review"
"56717ddef8f0bbd8c8633172c8ca2c85c248dfd7","apps/cartera-back/src/controllers/createCredit.ts","624","console.log","IVA Inversionista: Q0.00 (sin monto)","unresolved","unresolved","","","pending_semantic_review"
"56717ddef8f0bbd8c8633172c8ca2c85c248dfd7","apps/cartera-back/src/controllers/createCredit.ts","628","console.log","IVA Cash-In: Q{expr}","unresolved","unresolved","","","pending_semantic_review"
"56717ddef8f0bbd8c8633172c8ca2c85c248dfd7","apps/cartera-back/src/controllers/createCredit.ts","629","console.log","Fórmula: {expr} * 0.12","unresolved","unresolved","","","pending_semantic_review"
"56717ddef8f0bbd8c8633172c8ca2c85c248dfd7","apps/cartera-back/src/controllers/createCredit.ts","631","console.log","IVA Cash-In: Q0.00 (sin monto)","unresolved","unresolved","","","pending_semantic_review"
"56717ddef8f0bbd8c8633172c8ca2c85c248dfd7","apps/cartera-back/src/controllers/createCredit.ts","634","console.log","✅ RESUMEN FINAL:","unresolved","unresolved","","","pending_semantic_review"
"56717ddef8f0bbd8c8633172c8ca2c85c248dfd7","apps/cartera-back/src/controllers/createCredit.ts","635","console.log","- Cuota Inversionista: Q{expr}","unresolved","unresolved","","","pending_semantic_review"
"56717ddef8f0bbd8c8633172c8ca2c85c248dfd7","apps/cartera-back/src/controllers/createCredit.ts","636","console.log","- Monto Inversionista: Q{expr}","unresolved","unresolved","","","pending_semantic_review"
"56717ddef8f0bbd8c8633172c8ca2c85c248dfd7","apps/cartera-back/src/controllers/createCredit.ts","637","console.log","- IVA Inversionista: Q{expr}","unresolved","unresolved","","","pending_semantic_review"
"56717ddef8f0bbd8c8633172c8ca2c85c248dfd7","apps/cartera-back/src/controllers/createCredit.ts","638","console.log","- Monto Cash-In: Q{expr}","unresolved","unresolved","","","pending_semantic_review"
"56717ddef8f0bbd8c8633172c8ca2c85c248dfd7","apps/cartera-back/src/controllers/createCredit.ts","639","console.log","- IVA Cash-In: Q{expr}","unresolved","unresolved","","","pending_semantic_review"
"56717ddef8f0bbd8c8633172c8ca2c85c248dfd7","apps/cartera-back/src/controllers/createCredit.ts","640","console.log","{expr}","unresolved","unresolved","","","pending_semantic_review"
"56717ddef8f0bbd8c8633172c8ca2c85c248dfd7","apps/cartera-back/src/controllers/createCredit.ts","664","console.log","🔍 Validación de cuotas:","unresolved","unresolved","","","pending_semantic_review"
"56717ddef8f0bbd8c8633172c8ca2c85c248dfd7","apps/cartera-back/src/controllers/createCredit.ts","665","console.log","- Cuota total del crédito: Q{expr}","unresolved","unresolved","","","pending_semantic_review"
"56717ddef8f0bbd8c8633172c8ca2c85c248dfd7","apps/cartera-back/src/controllers/createCredit.ts","666","console.log","- Suma de cuotas inversionistas: Q{expr}","unresolved","unresolved","","","pending_semantic_review"
"56717ddef8f0bbd8c8633172c8ca2c85c248dfd7","apps/cartera-back/src/controllers/createCredit.ts","667","console.log","- Diferencia: Q{expr}","unresolved","unresolved","","","pending_semantic_review"
"56717ddef8f0bbd8c8633172c8ca2c85c248dfd7","apps/cartera-back/src/controllers/createCredit.ts","1033","console.log","===== [INSERT CREDIT] START =====","unresolved","unresolved","","","pending_semantic_review"
"56717ddef8f0bbd8c8633172c8ca2c85c248dfd7","apps/cartera-back/src/controllers/createCredit.ts","1034","console.log","[INSERT CREDIT] body received:","unresolved","unresolved","","","pending_semantic_review"
"56717ddef8f0bbd8c8633172c8ca2c85c248dfd7","apps/cartera-back/src/controllers/createCredit.ts","1035","console.log","[INSERT CREDIT] body type:","unresolved","unresolved","","","pending_semantic_review"
"56717ddef8f0bbd8c8633172c8ca2c85c248dfd7","apps/cartera-back/src/controllers/createCredit.ts","1038","console.log","[INSERT CREDIT] Step 1: Validating schema...","unresolved","unresolved","","","pending_semantic_review"
"56717ddef8f0bbd8c8633172c8ca2c85c248dfd7","apps/cartera-back/src/controllers/createCredit.ts","1041","console.log","[INSERT CREDIT] Schema validation FAILED","unresolved","unresolved","","","pending_semantic_review"
"56717ddef8f0bbd8c8633172c8ca2c85c248dfd7","apps/cartera-back/src/controllers/createCredit.ts","1042","console.log","[INSERT CREDIT] Zod errors (full):","unresolved","unresolved","","","pending_semantic_review"
"56717ddef8f0bbd8c8633172c8ca2c85c248dfd7","apps/cartera-back/src/controllers/createCredit.ts","1043","console.log","[INSERT CREDIT] Zod errors (flattened fieldErrors):","unresolved","unresolved","","","pending_semantic_review"
"56717ddef8f0bbd8c8633172c8ca2c85c248dfd7","apps/cartera-back/src/controllers/createCredit.ts","1044","console.log","[INSERT CREDIT] Zod errors (formErrors):","unresolved","unresolved","","","pending_semantic_review"
"56717ddef8f0bbd8c8633172c8ca2c85c248dfd7","apps/cartera-back/src/controllers/createCredit.ts","1051","console.log","[INSERT CREDIT] Schema validation PASSED","unresolved","unresolved","","","pending_semantic_review"
"56717ddef8f0bbd8c8633172c8ca2c85c248dfd7","apps/cartera-back/src/controllers/createCredit.ts","1054","console.log","[INSERT CREDIT] Parsed creditData:","unresolved","unresolved","","","pending_semantic_review"
"56717ddef8f0bbd8c8633172c8ca2c85c248dfd7","apps/cartera-back/src/controllers/createCredit.ts","1063","console.log","[INSERT CREDIT] Insoluto: valores forzados:","unresolved","unresolved","","","pending_semantic_review"
"56717ddef8f0bbd8c8633172c8ca2c85c248dfd7","apps/cartera-back/src/controllers/createCredit.ts","1067","console.log","[INSERT CREDIT] Step 2: Validating credit data (business rules)...","unresolved","unresolved","","","pending_semantic_review"
"56717ddef8f0bbd8c8633172c8ca2c85c248dfd7","apps/cartera-back/src/controllers/createCredit.ts","1070","console.log","[INSERT CREDIT] Business validation FAILED:","unresolved","unresolved","","","pending_semantic_review"
"56717ddef8f0bbd8c8633172c8ca2c85c248dfd7","apps/cartera-back/src/controllers/createCredit.ts","1073","console.log","[INSERT CREDIT] Business validation PASSED","unresolved","unresolved","","","pending_semantic_review"
"56717ddef8f0bbd8c8633172c8ca2c85c248dfd7","apps/cartera-back/src/controllers/createCredit.ts","1080","console.log","[INSERT CREDIT] Step 7: Sending email notifications...","unresolved","unresolved","","","pending_semantic_review"
"56717ddef8f0bbd8c8633172c8ca2c85c248dfd7","apps/cartera-back/src/controllers/createCredit.ts","1088","console.log","[INSERT CREDIT] Admin emails found:","unresolved","unresolved","","","pending_semantic_review"
"56717ddef8f0bbd8c8633172c8ca2c85c248dfd7","apps/cartera-back/src/controllers/createCredit.ts","1097","console.log","[INSERT CREDIT] Asesor agregado a notificacion: {expr}","unresolved","unresolved","","","pending_semantic_review"
"56717ddef8f0bbd8c8633172c8ca2c85c248dfd7","apps/cartera-back/src/controllers/createCredit.ts","1109","console.log","[INSERT CREDIT] Sending notification to:","unresolved","unresolved","","","pending_semantic_review"
"56717ddef8f0bbd8c8633172c8ca2c85c248dfd7","apps/cartera-back/src/controllers/createCredit.ts","1128","console.log","[INSERT CREDIT] Email notification sent successfully","unresolved","unresolved","","","pending_semantic_review"
"56717ddef8f0bbd8c8633172c8ca2c85c248dfd7","apps/cartera-back/src/controllers/createCredit.ts","1130","console.error","[INSERT CREDIT] Error sending email notification:","unresolved","unresolved","","","pending_semantic_review"
"56717ddef8f0bbd8c8633172c8ca2c85c248dfd7","apps/cartera-back/src/controllers/createCredit.ts","1133","console.log","[INSERT CREDIT] SUCCESS - returning credit:","unresolved","unresolved","","","pending_semantic_review"
"56717ddef8f0bbd8c8633172c8ca2c85c248dfd7","apps/cartera-back/src/controllers/createCredit.ts","1134","console.log","===== [INSERT CREDIT] END =====","unresolved","unresolved","","","pending_semantic_review"
"56717ddef8f0bbd8c8633172c8ca2c85c248dfd7","apps/cartera-back/src/controllers/createCredit.ts","1138","console.log","[INSERT CREDIT] FATAL ERROR:","unresolved","unresolved","","","pending_semantic_review"
"56717ddef8f0bbd8c8633172c8ca2c85c248dfd7","apps/cartera-back/src/controllers/createCredit.ts","1139","console.log","[INSERT CREDIT] Error stack:","unresolved","unresolved","","","pending_semantic_review"
"56717ddef8f0bbd8c8633172c8ca2c85c248dfd7","apps/cartera-back/src/controllers/creditosNuevosConAbonos.ts","194","console.log","[getCreditosNuevosConAbonos] Buscando créditos creados desde {expr} hasta {expr}","unresolved","unresolved","","","pending_semantic_review"
"56717ddef8f0bbd8c8633172c8ca2c85c248dfd7","apps/cartera-back/src/controllers/creditosNuevosConAbonos.ts","219","console.log","[getCreditosNuevosConAbonos] Créditos encontrados en rango: {expr}","unresolved","unresolved","","","pending_semantic_review"
"56717ddef8f0bbd8c8633172c8ca2c85c248dfd7","apps/cartera-back/src/controllers/creditosNuevosConAbonos.ts","277","console.error","[getCreditosNuevosConAbonos] Error consultando pagos de crédito {expr}:","unresolved","unresolved","","","pending_semantic_review"
"56717ddef8f0bbd8c8633172c8ca2c85c248dfd7","apps/cartera-back/src/controllers/creditosNuevosConAbonos.ts","313","console.log","[getCreditosNuevosConAbonos] Resumen: {expr} con abonos de {expr} créditos nuevos","unresolved","unresolved","","","pending_semantic_review"
"56717ddef8f0bbd8c8633172c8ca2c85c248dfd7","apps/cartera-back/src/controllers/credits.ts","391","console.log","cuotaActualData","unresolved","unresolved","","","pending_semantic_review"
"56717ddef8f0bbd8c8633172c8ca2c85c248dfd7","apps/cartera-back/src/controllers/credits.ts","475","console.log","cuotaDelMes convenio:","unresolved","unresolved","","","pending_semantic_review"
"56717ddef8f0bbd8c8633172c8ca2c85c248dfd7","apps/cartera-back/src/controllers/credits.ts","480","console.log","💰 Debe pagar cuota #{expr} (vence: {expr})","unresolved","unresolved","","","pending_semantic_review"
"56717ddef8f0bbd8c8633172c8ca2c85c248dfd7","apps/cartera-back/src/controllers/credits.ts","485","console.log","✅ Cuota #{expr} ya está pagada el {expr}","unresolved","unresolved","","","pending_semantic_review"
"56717ddef8f0bbd8c8633172c8ca2c85c248dfd7","apps/cartera-back/src/controllers/credits.ts","490","console.log","📅 Aún no hay cuota vencida este mes","unresolved","unresolved","","","pending_semantic_review"
"56717ddef8f0bbd8c8633172c8ca2c85c248dfd7","apps/cartera-back/src/controllers/credits.ts","519","console.error","[getCreditoByNumero] Error:","unresolved","unresolved","","","pending_semantic_review"
"56717ddef8f0bbd8c8633172c8ca2c85c248dfd7","apps/cartera-back/src/controllers/credits.ts","667","console.log","🚀 Fetching credits | mes: {expr}, anio: {expr}, page: {expr}, perPage: {expr}","unresolved","unresolved","","","pending_semantic_review"
"56717ddef8f0bbd8c8633172c8ca2c85c248dfd7","apps/cartera-back/src/controllers/credits.ts","695","console.log","🔎 Filtrando por {expr} número(s) de crédito (multi)","unresolved","unresolved","","","pending_semantic_review"
"56717ddef8f0bbd8c8633172c8ca2c85c248dfd7","apps/cartera-back/src/controllers/credits.ts","700","console.log","🔎 Filtrando por número de crédito: {expr}","unresolved","unresolved","","","pending_semantic_review"
"56717ddef8f0bbd8c8633172c8ca2c85c248dfd7","apps/cartera-back/src/controllers/credits.ts","704","console.log","🔎 Filtrando por mes/año: {expr}/{expr}","unresolved","unresolved","","","pending_semantic_review"
"56717ddef8f0bbd8c8633172c8ca2c85c248dfd7","apps/cartera-back/src/controllers/credits.ts","714","console.log","🔎 Filtrando por estado: ACTIVO + MOROSO","unresolved","unresolved","","","pending_semantic_review"
"56717ddef8f0bbd8c8633172c8ca2c85c248dfd7","apps/cartera-back/src/controllers/credits.ts","721","console.log","🔎 Filtrando por estado: {expr}","unresolved","unresolved","","","pending_semantic_review"
"56717ddef8f0bbd8c8633172c8ca2c85c248dfd7","apps/cartera-back/src/controllers/credits.ts","727","console.log","🔎 Filtrando por estados seleccionables: {expr}","unresolved","unresolved","","","pending_semantic_review"
"56717ddef8f0bbd8c8633172c8ca2c85c248dfd7","apps/cartera-back/src/controllers/credits.ts","732","console.log","🔎 Filtrando por asesor_id: {expr}","unresolved","unresolved","","","pending_semantic_review"
"56717ddef8f0bbd8c8633172c8ca2c85c248dfd7","apps/cartera-back/src/controllers/credits.ts","737","console.log","🔎 Filtrando por nombre de usuario: {expr}","unresolved","unresolved","","","pending_semantic_review"
"56717ddef8f0bbd8c8633172c8ca2c85c248dfd7","apps/cartera-back/src/controllers/credits.ts","743","console.log","🔎 Filtrando por email de asesor: {expr}","unresolved","unresolved","","","pending_semantic_review"
"56717ddef8f0bbd8c8633172c8ca2c85c248dfd7","apps/cartera-back/src/controllers/credits.ts","756","console.log","🔎 Filtrando por cuotas atrasadas >= {expr}","unresolved","unresolved","","","pending_semantic_review"
"56717ddef8f0bbd8c8633172c8ca2c85c248dfd7","apps/cartera-back/src/controllers/credits.ts","759","console.log","🔎 Filtrando por cuotas atrasadas = {expr}","unresolved","unresolved","","","pending_semantic_review"
"56717ddef8f0bbd8c8633172c8ca2c85c248dfd7","apps/cartera-back/src/controllers/credits.ts","765","console.log","🔎 Filtrando solo vehículos propios","unresolved","unresolved","","","pending_semantic_review"
"56717ddef8f0bbd8c8633172c8ca2c85c248dfd7","apps/cartera-back/src/controllers/credits.ts","770","console.log","🔎 Filtrando por inversionistas: {expr}","unresolved","unresolved","","","pending_semantic_review"
"56717ddef8f0bbd8c8633172c8ca2c85c248dfd7","apps/cartera-back/src/controllers/credits.ts","776","console.error","❌ Error construyendo filtros:","unresolved","unresolved","","","pending_semantic_review"
"56717ddef8f0bbd8c8633172c8ca2c85c248dfd7","apps/cartera-back/src/controllers/credits.ts","783","console.log","🔎 Filtrando por proximidad de pago: {expr}","unresolved","unresolved","","","pending_semantic_review"
"56717ddef8f0bbd8c8633172c8ca2c85c248dfd7","apps/cartera-back/src/controllers/credits.ts","839","console.log","🔎 Excluyendo créditos con su cuota actual ya pagada","unresolved","unresolved","","","pending_semantic_review"
"56717ddef8f0bbd8c8633172c8ca2c85c248dfd7","apps/cartera-back/src/controllers/credits.ts","915","console.log","📄 Créditos encontrados: {expr}","unresolved","unresolved","","","pending_semantic_review"
"56717ddef8f0bbd8c8633172c8ca2c85c248dfd7","apps/cartera-back/src/controllers/credits.ts","917","console.error","❌ Error consultando créditos:","unresolved","unresolved","","","pending_semantic_review"
"56717ddef8f0bbd8c8633172c8ca2c85c248dfd7","apps/cartera-back/src/controllers/credits.ts","923","console.log","🆔 Créditos IDs únicos:","unresolved","unresolved","","","pending_semantic_review"
"56717ddef8f0bbd8c8633172c8ca2c85c248dfd7","apps/cartera-back/src/controllers/credits.ts","938","console.log","📊 Rubros encontrados: {expr}","unresolved","unresolved","","","pending_semantic_review"
"56717ddef8f0bbd8c8633172c8ca2c85c248dfd7","apps/cartera-back/src/controllers/credits.ts","952","console.error","❌ Error consultando rubros:","unresolved","unresolved","","","pending_semantic_review"
"56717ddef8f0bbd8c8633172c8ca2c85c248dfd7","apps/cartera-back/src/controllers/credits.ts","1066","console.error","❌ Error consultando inversionistas:","unresolved","unresolved","","","pending_semantic_review"
"56717ddef8f0bbd8c8633172c8ca2c85c248dfd7","apps/cartera-back/src/controllers/credits.ts","1082","console.log","🔍 Buscando próximas cuotas...","unresolved","unresolved","","","pending_semantic_review"
"56717ddef8f0bbd8c8633172c8ca2c85c248dfd7","apps/cartera-back/src/controllers/credits.ts","1109","console.log","📅 Cuotas encontradas: {expr}","unresolved","unresolved","","","pending_semantic_review"
"56717ddef8f0bbd8c8633172c8ca2c85c248dfd7","apps/cartera-back/src/controllers/credits.ts","1131","console.log","📅 Próximas cuotas mapeadas: {expr}","unresolved","unresolved","","","pending_semantic_review"
"56717ddef8f0bbd8c8633172c8ca2c85c248dfd7","apps/cartera-back/src/controllers/credits.ts","1133","console.error","❌ Error consultando próximas cuotas:","unresolved","unresolved","","","pending_semantic_review"
"56717ddef8f0bbd8c8633172c8ca2c85c248dfd7","apps/cartera-back/src/controllers/credits.ts","1158","console.error","Error consultando fecha inicio:","unresolved","unresolved","","","pending_semantic_review"
"56717ddef8f0bbd8c8633172c8ca2c85c248dfd7","apps/cartera-back/src/controllers/credits.ts","1172","console.log","🛑 Créditos cancelados:","unresolved","unresolved","","","pending_semantic_review"
"56717ddef8f0bbd8c8633172c8ca2c85c248dfd7","apps/cartera-back/src/controllers/credits.ts","1191","console.error","❌ Error consultando cancelaciones:","unresolved","unresolved","","","pending_semantic_review"
"56717ddef8f0bbd8c8633172c8ca2c85c248dfd7","apps/cartera-back/src/controllers/credits.ts","1200","console.log","⚠️ Créditos incobrables:","unresolved","unresolved","","","pending_semantic_review"
"56717ddef8f0bbd8c8633172c8ca2c85c248dfd7","apps/cartera-back/src/controllers/credits.ts","1215","console.error","❌ Error consultando incobrables:","unresolved","unresolved","","","pending_semantic_review"
"56717ddef8f0bbd8c8633172c8ca2c85c248dfd7","apps/cartera-back/src/controllers/credits.ts","1275","console.log","✅ Créditos únicos mapeados: {expr}","unresolved","unresolved","","","pending_semantic_review"
"56717ddef8f0bbd8c8633172c8ca2c85c248dfd7","apps/cartera-back/src/controllers/credits.ts","1277","console.error","❌ Error mapeando créditos:","unresolved","unresolved","","","pending_semantic_review"
"56717ddef8f0bbd8c8633172c8ca2c85c248dfd7","apps/cartera-back/src/controllers/credits.ts","1322","console.log","📊 Total créditos únicos: {expr}","unresolved","unresolved","","","pending_semantic_review"
"56717ddef8f0bbd8c8633172c8ca2c85c248dfd7","apps/cartera-back/src/controllers/credits.ts","1324","console.error","❌ Error contando créditos:","unresolved","unresolved","","","pending_semantic_review"
"56717ddef8f0bbd8c8633172c8ca2c85c248dfd7","apps/cartera-back/src/controllers/credits.ts","1422","console.error","Error cancelando crédito:","unresolved","unresolved","","","pending_semantic_review"
"56717ddef8f0bbd8c8633172c8ca2c85c248dfd7","apps/cartera-back/src/controllers/credits.ts","1621","console.log","🚫 Anulados (paymentFalse) {expr} pagos no pagados del crédito #{expr}","unresolved","unresolved","","","pending_semantic_review"
"56717ddef8f0bbd8c8633172c8ca2c85c248dfd7","apps/cartera-back/src/controllers/credits.ts","1717","console.error","[ERROR] actualizarEstadoCredito:","unresolved","unresolved","","","pending_semantic_review"
"56717ddef8f0bbd8c8633172c8ca2c85c248dfd7","apps/cartera-back/src/controllers/credits.ts","1738","console.log","[getCreditosIncobrables] Iniciando consulta de créditos incobrables...","unresolved","unresolved","","","pending_semantic_review"
"56717ddef8f0bbd8c8633172c8ca2c85c248dfd7","apps/cartera-back/src/controllers/credits.ts","1775","console.log","[getCreditosIncobrables] Créditos incobrables encontrados: {expr}","unresolved","unresolved","","","pending_semantic_review"
"56717ddef8f0bbd8c8633172c8ca2c85c248dfd7","apps/cartera-back/src/controllers/credits.ts","1787","console.error","[getCreditosIncobrables] Error al obtener créditos incobrables:","unresolved","unresolved","","","pending_semantic_review"
"56717ddef8f0bbd8c8633172c8ca2c85c248dfd7","apps/cartera-back/src/controllers/credits.ts","2134","console.warn","⚠️ Distribución a inversionistas omitida (crédito {expr} sin aportes).","unresolved","unresolved","","","pending_semantic_review"
"56717ddef8f0bbd8c8633172c8ca2c85c248dfd7","apps/cartera-back/src/controllers/credits.ts","2295","console.error","[ERROR] resetCredit:","unresolved","unresolved","","","pending_semantic_review"
"56717ddef8f0bbd8c8633172c8ca2c85c248dfd7","apps/cartera-back/src/controllers/credits.ts","2631","console.log","🔄 ========================================","unresolved","unresolved","","","pending_semantic_review"
"56717ddef8f0bbd8c8633172c8ca2c85c248dfd7","apps/cartera-back/src/controllers/credits.ts","2632","console.log","🔄 INICIANDO FUSIÓN DE CRÉDITOS","unresolved","unresolved","","","pending_semantic_review"
"56717ddef8f0bbd8c8633172c8ca2c85c248dfd7","apps/cartera-back/src/controllers/credits.ts","2633","console.log","🔄 ========================================","unresolved","unresolved","","","pending_semantic_review"
"56717ddef8f0bbd8c8633172c8ca2c85c248dfd7","apps/cartera-back/src/controllers/credits.ts","2634","console.log","📋 Crédito ORIGEN (se absorberá): {expr}","unresolved","unresolved","","","pending_semantic_review"
"56717ddef8f0bbd8c8633172c8ca2c85c248dfd7","apps/cartera-back/src/controllers/credits.ts","2635","console.log","📋 Crédito DESTINO (quedará activo): {expr}","unresolved","unresolved","","","pending_semantic_review"
"56717ddef8f0bbd8c8633172c8ca2c85c248dfd7","apps/cartera-back/src/controllers/credits.ts","2636","console.log","<empty>","unresolved","unresolved","","","pending_semantic_review"
"56717ddef8f0bbd8c8633172c8ca2c85c248dfd7","apps/cartera-back/src/controllers/credits.ts","2642","console.log","📥 PASO 1: Buscando ambos créditos...","unresolved","unresolved","","","pending_semantic_review"
"56717ddef8f0bbd8c8633172c8ca2c85c248dfd7","apps/cartera-back/src/controllers/credits.ts","2657","console.log","❌ ERROR: No se encontró el crédito origen","unresolved","unresolved","","","pending_semantic_review"
"56717ddef8f0bbd8c8633172c8ca2c85c248dfd7","apps/cartera-back/src/controllers/credits.ts","2662","console.log","❌ ERROR: No se encontró el crédito destino","unresolved","unresolved","","","pending_semantic_review"
"56717ddef8f0bbd8c8633172c8ca2c85c248dfd7","apps/cartera-back/src/controllers/credits.ts","2668","console.log","✅ Crédito ORIGEN encontrado - ID: {expr}","unresolved","unresolved","","","pending_semantic_review"
"56717ddef8f0bbd8c8633172c8ca2c85c248dfd7","apps/cartera-back/src/controllers/credits.ts","2671","console.log","- Capital: Q{expr}","unresolved","unresolved","","","pending_semantic_review"
"56717ddef8f0bbd8c8633172c8ca2c85c248dfd7","apps/cartera-back/src/controllers/credits.ts","2672","console.log","- Cuota: Q{expr}","unresolved","unresolved","","","pending_semantic_review"
"56717ddef8f0bbd8c8633172c8ca2c85c248dfd7","apps/cartera-back/src/controllers/credits.ts","2673","console.log","- Seguro: Q{expr}","unresolved","unresolved","","","pending_semantic_review"
"56717ddef8f0bbd8c8633172c8ca2c85c248dfd7","apps/cartera-back/src/controllers/credits.ts","2674","console.log","- GPS: Q{expr}","unresolved","unresolved","","","pending_semantic_review"
"56717ddef8f0bbd8c8633172c8ca2c85c248dfd7","apps/cartera-back/src/controllers/credits.ts","2675","console.log","- Membresías: Q{expr}","unresolved","unresolved","","","pending_semantic_review"
"56717ddef8f0bbd8c8633172c8ca2c85c248dfd7","apps/cartera-back/src/controllers/credits.ts","2676","console.log","- Otros: Q{expr}","unresolved","unresolved","","","pending_semantic_review"
"56717ddef8f0bbd8c8633172c8ca2c85c248dfd7","apps/cartera-back/src/controllers/credits.ts","2678","console.log","✅ Crédito DESTINO encontrado - ID: {expr}","unresolved","unresolved","","","pending_semantic_review"
"56717ddef8f0bbd8c8633172c8ca2c85c248dfd7","apps/cartera-back/src/controllers/credits.ts","2681","console.log","- Capital: Q{expr}","unresolved","unresolved","","","pending_semantic_review"
"56717ddef8f0bbd8c8633172c8ca2c85c248dfd7","apps/cartera-back/src/controllers/credits.ts","2682","console.log","- Cuota: Q{expr}","unresolved","unresolved","","","pending_semantic_review"
"56717ddef8f0bbd8c8633172c8ca2c85c248dfd7","apps/cartera-back/src/controllers/credits.ts","2683","console.log","- Seguro: Q{expr}","unresolved","unresolved","","","pending_semantic_review"
"56717ddef8f0bbd8c8633172c8ca2c85c248dfd7","apps/cartera-back/src/controllers/credits.ts","2684","console.log","- GPS: Q{expr}","unresolved","unresolved","","","pending_semantic_review"
"56717ddef8f0bbd8c8633172c8ca2c85c248dfd7","apps/cartera-back/src/controllers/credits.ts","2685","console.log","- Membresías: Q{expr}","unresolved","unresolved","","","pending_semantic_review"
"56717ddef8f0bbd8c8633172c8ca2c85c248dfd7","apps/cartera-back/src/controllers/credits.ts","2686","console.log","- Otros: Q{expr}","unresolved","unresolved","","","pending_semantic_review"
"56717ddef8f0bbd8c8633172c8ca2c85c248dfd7","apps/cartera-back/src/controllers/credits.ts","2687","console.log","<empty>","unresolved","unresolved","","","pending_semantic_review"
"56717ddef8f0bbd8c8633172c8ca2c85c248dfd7","apps/cartera-back/src/controllers/credits.ts","2692","console.log","🧮 PASO 2: Sumando capitales y recalculando todo...","unresolved","unresolved","","","pending_semantic_review"
"56717ddef8f0bbd8c8633172c8ca2c85c248dfd7","apps/cartera-back/src/controllers/credits.ts","2699","console.log","📊 Capital ORIGEN: Q{expr}","unresolved","unresolved","","","pending_semantic_review"
"56717ddef8f0bbd8c8633172c8ca2c85c248dfd7","apps/cartera-back/src/controllers/credits.ts","2700","console.log","📊 Capital DESTINO: Q{expr}","unresolved","unresolved","","","pending_semantic_review"
"56717ddef8f0bbd8c8633172c8ca2c85c248dfd7","apps/cartera-back/src/controllers/credits.ts","2701","console.log","➕ CAPITAL TOTAL: Q{expr}","unresolved","unresolved","","","pending_semantic_review"
"56717ddef8f0bbd8c8633172c8ca2c85c248dfd7","apps/cartera-back/src/controllers/credits.ts","2705","console.log","📈 Porcentaje interés: {expr}%","unresolved","unresolved","","","pending_semantic_review"
"56717ddef8f0bbd8c8633172c8ca2c85c248dfd7","apps/cartera-back/src/controllers/credits.ts","2711","console.log","💵 Cuota interés (recalculada): Q{expr}","unresolved","unresolved","","","pending_semantic_review"
"56717ddef8f0bbd8c8633172c8ca2c85c248dfd7","apps/cartera-back/src/controllers/credits.ts","2717","console.log","🧾 IVA 12%: Q{expr}","unresolved","unresolved","","","pending_semantic_review"
"56717ddef8f0bbd8c8633172c8ca2c85c248dfd7","apps/cartera-back/src/controllers/credits.ts","2736","console.log","🛡️ Seguro total: Q{expr}","unresolved","unresolved","","","pending_semantic_review"
"56717ddef8f0bbd8c8633172c8ca2c85c248dfd7","apps/cartera-back/src/controllers/credits.ts","2737","console.log","📡 GPS total: Q{expr}","unresolved","unresolved","","","pending_semantic_review"
"56717ddef8f0bbd8c8633172c8ca2c85c248dfd7","apps/cartera-back/src/controllers/credits.ts","2738","console.log","💳 Membresías total: Q{expr}","unresolved","unresolved","","","pending_semantic_review"
"56717ddef8f0bbd8c8633172c8ca2c85c248dfd7","apps/cartera-back/src/controllers/credits.ts","2739","console.log","📝 Otros total: Q{expr}","unresolved","unresolved","","","pending_semantic_review"
"56717ddef8f0bbd8c8633172c8ca2c85c248dfd7","apps/cartera-back/src/controllers/credits.ts","2746","console.log","💰 Cuota ORIGEN: Q{expr}","unresolved","unresolved","","","pending_semantic_review"
"56717ddef8f0bbd8c8633172c8ca2c85c248dfd7","apps/cartera-back/src/controllers/credits.ts","2747","console.log","💰 Cuota DESTINO: Q{expr}","unresolved","unresolved","","","pending_semantic_review"
"56717ddef8f0bbd8c8633172c8ca2c85c248dfd7","apps/cartera-back/src/controllers/credits.ts","2748","console.log","➕ CUOTA TOTAL: Q{expr}","unresolved","unresolved","","","pending_semantic_review"
"56717ddef8f0bbd8c8633172c8ca2c85c248dfd7","apps/cartera-back/src/controllers/credits.ts","2760","console.log","💵💵 DEUDA TOTAL (recalculada): Q{expr}","unresolved","unresolved","","","pending_semantic_review"
"56717ddef8f0bbd8c8633172c8ca2c85c248dfd7","apps/cartera-back/src/controllers/credits.ts","2761","console.log","<empty>","unresolved","unresolved","","","pending_semantic_review"
"56717ddef8f0bbd8c8633172c8ca2c85c248dfd7","apps/cartera-back/src/controllers/credits.ts","2766","console.log","💾 PASO 3: Actualizando crédito destino con valores consolidados...","unresolved","unresolved","","","pending_semantic_review"
"56717ddef8f0bbd8c8633172c8ca2c85c248dfd7","apps/cartera-back/src/controllers/credits.ts","2789","console.log","✅ Crédito {expr} actualizado exitosamente","unresolved","unresolved","","","pending_semantic_review"
"56717ddef8f0bbd8c8633172c8ca2c85c248dfd7","apps/cartera-back/src/controllers/credits.ts","2792","console.log","📊 Nuevo capital: Q{expr}","unresolved","unresolved","","","pending_semantic_review"
"56717ddef8f0bbd8c8633172c8ca2c85c248dfd7","apps/cartera-back/src/controllers/credits.ts","2793","console.log","💰 Nueva cuota: Q{expr}","unresolved","unresolved","","","pending_semantic_review"
"56717ddef8f0bbd8c8633172c8ca2c85c248dfd7","apps/cartera-back/src/controllers/credits.ts","2794","console.log","💵 Nueva deuda total: Q{expr}","unresolved","unresolved","","","pending_semantic_review"
"56717ddef8f0bbd8c8633172c8ca2c85c248dfd7","apps/cartera-back/src/controllers/credits.ts","2795","console.log","<empty>","unresolved","unresolved","","","pending_semantic_review"
"56717ddef8f0bbd8c8633172c8ca2c85c248dfd7","apps/cartera-back/src/controllers/credits.ts","2800","console.log","👥 PASO 4: Trasladando inversionistas del crédito ORIGEN al DESTINO...","unresolved","unresolved","","","pending_semantic_review"
"56717ddef8f0bbd8c8633172c8ca2c85c248dfd7","apps/cartera-back/src/controllers/credits.ts","2810","console.log","📋 Se encontraron {expr} inversionistas en el crédito origen","unresolved","unresolved","","","pending_semantic_review"
"56717ddef8f0bbd8c8633172c8ca2c85c248dfd7","apps/cartera-back/src/controllers/credits.ts","2824","console.log","✅ {expr} inversionistas trasladados al crédito destino","unresolved","unresolved","","","pending_semantic_review"
"56717ddef8f0bbd8c8633172c8ca2c85c248dfd7","apps/cartera-back/src/controllers/credits.ts","2829","console.log","{expr}. Inversionista ID: {expr}","unresolved","unresolved","","","pending_semantic_review"
"56717ddef8f0bbd8c8633172c8ca2c85c248dfd7","apps/cartera-back/src/controllers/credits.ts","2832","console.log","- Monto aportado: Q{expr}","unresolved","unresolved","","","pending_semantic_review"
"56717ddef8f0bbd8c8633172c8ca2c85c248dfd7","apps/cartera-back/src/controllers/credits.ts","2833","console.log","- Cuota: Q{expr}","unresolved","unresolved","","","pending_semantic_review"
"56717ddef8f0bbd8c8633172c8ca2c85c248dfd7","apps/cartera-back/src/controllers/credits.ts","2836","console.log","ℹ️ No hay inversionistas en el crédito origen para trasladar","unresolved","unresolved","","","pending_semantic_review"
"56717ddef8f0bbd8c8633172c8ca2c85c248dfd7","apps/cartera-back/src/controllers/credits.ts","2840","console.log","<empty>","unresolved","unresolved","","","pending_semantic_review"
"56717ddef8f0bbd8c8633172c8ca2c85c248dfd7","apps/cartera-back/src/controllers/credits.ts","2845","console.log","🔒 PASO 5: Marcando crédito origen como CANCELADO...","unresolved","unresolved","","","pending_semantic_review"
"56717ddef8f0bbd8c8633172c8ca2c85c248dfd7","apps/cartera-back/src/controllers/credits.ts","2854","console.log","✅ Crédito {expr} (ID: {expr}) marcado como CANCELADO","unresolved","unresolved","","","pending_semantic_review"
"56717ddef8f0bbd8c8633172c8ca2c85c248dfd7","apps/cartera-back/src/controllers/credits.ts","2857","console.log","<empty>","unresolved","unresolved","","","pending_semantic_review"
"56717ddef8f0bbd8c8633172c8ca2c85c248dfd7","apps/cartera-back/src/controllers/credits.ts","2862","console.log","📅 PASO 6: Recalculando cuotas con updateInstallments...","unresolved","unresolved","","","pending_semantic_review"
"56717ddef8f0bbd8c8633172c8ca2c85c248dfd7","apps/cartera-back/src/controllers/credits.ts","2863","console.log","🔄 Llamando updateInstallments con:","unresolved","unresolved","","","pending_semantic_review"
"56717ddef8f0bbd8c8633172c8ca2c85c248dfd7","apps/cartera-back/src/controllers/credits.ts","2864","console.log","- numero_credito_sifco: {expr}","unresolved","unresolved","","","pending_semantic_review"
"56717ddef8f0bbd8c8633172c8ca2c85c248dfd7","apps/cartera-back/src/controllers/credits.ts","2865","console.log","- nueva_cuota: Q{expr}","unresolved","unresolved","","","pending_semantic_review"
"56717ddef8f0bbd8c8633172c8ca2c85c248dfd7","apps/cartera-back/src/controllers/credits.ts","2872","console.log","✅ Cuotas recalculadas exitosamente","unresolved","unresolved","","","pending_semantic_review"
"56717ddef8f0bbd8c8633172c8ca2c85c248dfd7","apps/cartera-back/src/controllers/credits.ts","2873","console.log","<empty>","unresolved","unresolved","","","pending_semantic_review"
"56717ddef8f0bbd8c8633172c8ca2c85c248dfd7","apps/cartera-back/src/controllers/credits.ts","2885","console.log","✅ ========================================","unresolved","unresolved","","","pending_semantic_review"
"56717ddef8f0bbd8c8633172c8ca2c85c248dfd7","apps/cartera-back/src/controllers/credits.ts","2886","console.log","✅ FUSIÓN COMPLETADA EXITOSAMENTE","unresolved","unresolved","","","pending_semantic_review"
"56717ddef8f0bbd8c8633172c8ca2c85c248dfd7","apps/cartera-back/src/controllers/credits.ts","2887","console.log","✅ ========================================","unresolved","unresolved","","","pending_semantic_review"
"56717ddef8f0bbd8c8633172c8ca2c85c248dfd7","apps/cartera-back/src/controllers/credits.ts","2888","console.log","📋 Crédito activo: {expr} (ID: {expr})","unresolved","unresolved","","","pending_semantic_review"
"56717ddef8f0bbd8c8633172c8ca2c85c248dfd7","apps/cartera-back/src/controllers/credits.ts","2891","console.log","💰 Capital consolidado: Q{expr}","unresolved","unresolved","","","pending_semantic_review"
"56717ddef8f0bbd8c8633172c8ca2c85c248dfd7","apps/cartera-back/src/controllers/credits.ts","2892","console.log","💵 Nueva cuota mensual: Q{expr}","unresolved","unresolved","","","pending_semantic_review"
"56717ddef8f0bbd8c8633172c8ca2c85c248dfd7","apps/cartera-back/src/controllers/credits.ts","2893","console.log","💵 Nueva deuda total: Q{expr}","unresolved","unresolved","","","pending_semantic_review"
"56717ddef8f0bbd8c8633172c8ca2c85c248dfd7","apps/cartera-back/src/controllers/credits.ts","2894","console.log","👥 Total inversionistas: {expr}","unresolved","unresolved","","","pending_semantic_review"
"56717ddef8f0bbd8c8633172c8ca2c85c248dfd7","apps/cartera-back/src/controllers/credits.ts","2895","console.log","🔒 Crédito cancelado: {expr} (ID: {expr})","unresolved","unresolved","","","pending_semantic_review"
"56717ddef8f0bbd8c8633172c8ca2c85c248dfd7","apps/cartera-back/src/controllers/credits.ts","2898","console.log","<empty>","unresolved","unresolved","","","pending_semantic_review"
"56717ddef8f0bbd8c8633172c8ca2c85c248dfd7","apps/cartera-back/src/controllers/credits.ts","2915","console.log","❌ ========================================","unresolved","unresolved","","","pending_semantic_review"
"56717ddef8f0bbd8c8633172c8ca2c85c248dfd7","apps/cartera-back/src/controllers/credits.ts","2916","console.log","❌ ERROR EN LA FUSIÓN DE CRÉDITOS","unresolved","unresolved","","","pending_semantic_review"
"56717ddef8f0bbd8c8633172c8ca2c85c248dfd7","apps/cartera-back/src/controllers/credits.ts","2917","console.log","❌ ========================================","unresolved","unresolved","","","pending_semantic_review"
"56717ddef8f0bbd8c8633172c8ca2c85c248dfd7","apps/cartera-back/src/controllers/credits.ts","2918","console.error","<dynamic>","unresolved","unresolved","","","pending_semantic_review"
"56717ddef8f0bbd8c8633172c8ca2c85c248dfd7","apps/cartera-back/src/controllers/credits.ts","2936","console.log","🔄 Ejecutando updateInstallments...","unresolved","unresolved","","","pending_semantic_review"
"56717ddef8f0bbd8c8633172c8ca2c85c248dfd7","apps/cartera-back/src/controllers/credits.ts","2937","console.log","📋 Crédito: {expr}","unresolved","unresolved","","","pending_semantic_review"
"56717ddef8f0bbd8c8633172c8ca2c85c248dfd7","apps/cartera-back/src/controllers/credits.ts","2938","console.log","💰 Nueva cuota: Q{expr}","unresolved","unresolved","","","pending_semantic_review"
"56717ddef8f0bbd8c8633172c8ca2c85c248dfd7","apps/cartera-back/src/controllers/credits.ts","2970","console.log","📊 Obteniendo estadísticas de créditos...","unresolved","unresolved","","","pending_semantic_review"
"56717ddef8f0bbd8c8633172c8ca2c85c248dfd7","apps/cartera-back/src/controllers/credits.ts","2972","console.log","🔍 Filtrando por asesor con email: {expr}","unresolved","unresolved","","","pending_semantic_review"
"56717ddef8f0bbd8c8633172c8ca2c85c248dfd7","apps/cartera-back/src/controllers/credits.ts","2987","console.log","✅ Asesor encontrado con ID: {expr}","unresolved","unresolved","","","pending_semantic_review"
"56717ddef8f0bbd8c8633172c8ca2c85c248dfd7","apps/cartera-back/src/controllers/credits.ts","2989","console.log","⚠️ No se encontró asesor con email: {expr}","unresolved","unresolved","","","pending_semantic_review"
"56717ddef8f0bbd8c8633172c8ca2c85c248dfd7","apps/cartera-back/src/controllers/credits.ts","3136","console.log","📊 Estadísticas obtenidas exitosamente","unresolved","unresolved","","","pending_semantic_review"
"56717ddef8f0bbd8c8633172c8ca2c85c248dfd7","apps/cartera-back/src/controllers/credits.ts","3176","console.log","✅ Cancelación de crédito {expr} {expr}","unresolved","unresolved","","","pending_semantic_review"
"56717ddef8f0bbd8c8633172c8ca2c85c248dfd7","apps/cartera-back/src/controllers/credits.ts","3187","console.error","❌ Error actualizando estado de cancelación:","unresolved","unresolved","","","pending_semantic_review"
"56717ddef8f0bbd8c8633172c8ca2c85c248dfd7","apps/cartera-back/src/controllers/cuentasExtraInversionista.ts","66","console.error","❌ Error al listar cuentas extra:","unresolved","unresolved","","","pending_semantic_review"
"56717ddef8f0bbd8c8633172c8ca2c85c248dfd7","apps/cartera-back/src/controllers/cuentasExtraInversionista.ts","90","console.error","❌ Error al obtener cuentas extra por inversionista:","unresolved","unresolved","","","pending_semantic_review"
"56717ddef8f0bbd8c8633172c8ca2c85c248dfd7","apps/cartera-back/src/controllers/cuentasExtraInversionista.ts","123","console.error","❌ Error al obtener cuenta extra por ID:","unresolved","unresolved","","","pending_semantic_review"
"56717ddef8f0bbd8c8633172c8ca2c85c248dfd7","apps/cartera-back/src/controllers/cuentasExtraInversionista.ts","160","console.error","❌ Error al crear cuenta extra:","unresolved","unresolved","","","pending_semantic_review"
"56717ddef8f0bbd8c8633172c8ca2c85c248dfd7","apps/cartera-back/src/controllers/cuentasExtraInversionista.ts","216","console.error","❌ Error al actualizar cuenta extra:","unresolved","unresolved","","","pending_semantic_review"
"56717ddef8f0bbd8c8633172c8ca2c85c248dfd7","apps/cartera-back/src/controllers/cuentasExtraInversionista.ts","247","console.error","❌ Error al eliminar cuenta extra:","unresolved","unresolved","","","pending_semantic_review"
"56717ddef8f0bbd8c8633172c8ca2c85c248dfd7","apps/cartera-back/src/controllers/devolucion.ts","81","console.error","[listPendingDevolucion] Error:","unresolved","unresolved","","","pending_semantic_review"
"56717ddef8f0bbd8c8633172c8ca2c85c248dfd7","apps/cartera-back/src/controllers/devolucion.ts","160","console.error","[aceptarDevolucion] Error:","unresolved","unresolved","","","pending_semantic_review"
"56717ddef8f0bbd8c8633172c8ca2c85c248dfd7","apps/cartera-back/src/controllers/devolucion.ts","221","console.error","[rechazarDevolucion] Error:","unresolved","unresolved","","","pending_semantic_review"
"56717ddef8f0bbd8c8633172c8ca2c85c248dfd7","apps/cartera-back/src/controllers/devolucion.ts","260","console.error","[getHistorialDevolucion] Error:","unresolved","unresolved","","","pending_semantic_review"
"56717ddef8f0bbd8c8633172c8ca2c85c248dfd7","apps/cartera-back/src/controllers/expirarCompraCartera.ts","91","console.log","[expirarCompraCartera] {expr} rows escaneados, ninguno vencido al {expr}","unresolved","unresolved","","","pending_semantic_review"
"56717ddef8f0bbd8c8633172c8ca2c85c248dfd7","apps/cartera-back/src/controllers/expirarCompraCartera.ts","134","console.log","[expirarCompraCartera] {expr} row(s) vencidos, {expr} inversionista(s) en {expr} crédito(s) al {expr}, devolviendo a CUBE...","unresolved","unresolved","","","pending_semantic_review"
"56717ddef8f0bbd8c8633172c8ca2c85c248dfd7","apps/cartera-back/src/controllers/expirarCompraCartera.ts","169","console.error","[expirarCompraCartera] Falló return-to-cube para inversionista {expr}:","unresolved","unresolved","","","pending_semantic_review"
"56717ddef8f0bbd8c8633172c8ca2c85c248dfd7","apps/cartera-back/src/controllers/expirarCompraCartera.ts","187","console.error","[expirarCompraCartera] Falló el envío del correo de expiración:","unresolved","unresolved","","","pending_semantic_review"
"56717ddef8f0bbd8c8633172c8ca2c85c248dfd7","apps/cartera-back/src/controllers/facturacionSnapshot.ts","614","console.error","⚠️ detalle snapshot {expr} no se pudo poblar (best-effort):","unresolved","unresolved","","","pending_semantic_review"
"56717ddef8f0bbd8c8633172c8ca2c85c248dfd7","apps/cartera-back/src/controllers/historialCapital.ts","52","console.error","Error en getHistorialCapital:","unresolved","unresolved","","","pending_semantic_review"
"56717ddef8f0bbd8c8633172c8ca2c85c248dfd7","apps/cartera-back/src/controllers/investor.ts","583","console.warn","⚠️ Inversionista sin nombre para INSERT:","unresolved","unresolved","","","pending_semantic_review"
"56717ddef8f0bbd8c8633172c8ca2c85c248dfd7","apps/cartera-back/src/controllers/investor.ts","616","console.error","Error upserting investors:","unresolved","unresolved","","","pending_semantic_review"
"56717ddef8f0bbd8c8633172c8ca2c85c248dfd7","apps/cartera-back/src/controllers/investor.ts","753","console.error","Error al consultar inversionistas:","unresolved","unresolved","","","pending_semantic_review"
"56717ddef8f0bbd8c8633172c8ca2c85c248dfd7","apps/cartera-back/src/controllers/investor.ts","785","console.error","Error al actualizar saldo_reinversion:","unresolved","unresolved","","","pending_semantic_review"
"56717ddef8f0bbd8c8633172c8ca2c85c248dfd7","apps/cartera-back/src/controllers/investor.ts","924","console.log","adition","unresolved","unresolved","","","pending_semantic_review"
"56717ddef8f0bbd8c8633172c8ca2c85c248dfd7","apps/cartera-back/src/controllers/investor.ts","930","console.log","montoAportado","unresolved","unresolved","","","pending_semantic_review"
"56717ddef8f0bbd8c8633172c8ca2c85c248dfd7","apps/cartera-back/src/controllers/investor.ts","1111","console.log","🔄 ========== INICIO reversePagosEspejoPorInversionista (inversionista: {expr}) ==========","unresolved","unresolved","","","pending_semantic_review"
"56717ddef8f0bbd8c8633172c8ca2c85c248dfd7","apps/cartera-back/src/controllers/investor.ts","1121","console.log","📊 Pagos encontrados en espejo: {expr}","unresolved","unresolved","","","pending_semantic_review"
"56717ddef8f0bbd8c8633172c8ca2c85c248dfd7","apps/cartera-back/src/controllers/investor.ts","1129","console.log","📂 Créditos del inversionista en espejo: {expr}","unresolved","unresolved","","","pending_semantic_review"
"56717ddef8f0bbd8c8633172c8ca2c85c248dfd7","apps/cartera-back/src/controllers/investor.ts","1145","console.log","--- 🏦 Procesando crédito {expr} ({expr} pagos) ---","unresolved","unresolved","","","pending_semantic_review"
"56717ddef8f0bbd8c8633172c8ca2c85c248dfd7","apps/cartera-back/src/controllers/investor.ts","1153","console.log","💰 Total abono_capital a revertir: {expr}","unresolved","unresolved","","","pending_semantic_review"
"56717ddef8f0bbd8c8633172c8ca2c85c248dfd7","apps/cartera-back/src/controllers/investor.ts","1154","console.log","📊 monto_aportado actual: {expr}","unresolved","unresolved","","","pending_semantic_review"
"56717ddef8f0bbd8c8633172c8ca2c85c248dfd7","apps/cartera-back/src/controllers/investor.ts","1157","console.log","⏭️ Sin abono_capital que revertir, saltando...","unresolved","unresolved","","","pending_semantic_review"
"56717ddef8f0bbd8c8633172c8ca2c85c248dfd7","apps/cartera-back/src/controllers/investor.ts","1170","console.log","✅ creditos_inversionistas_espejo actualizado para crédito {expr}","unresolved","unresolved","","","pending_semantic_review"
"56717ddef8f0bbd8c8633172c8ca2c85c248dfd7","apps/cartera-back/src/controllers/investor.ts","1181","console.log","📅 Revirtiendo liquidación de cuotas ({expr} pago_ids únicos)...","unresolved","unresolved","","","pending_semantic_review"
"56717ddef8f0bbd8c8633172c8ca2c85c248dfd7","apps/cartera-back/src/controllers/investor.ts","1198","console.log","📋 Cuotas a revertir: {expr}","unresolved","unresolved","","","pending_semantic_review"
"56717ddef8f0bbd8c8633172c8ca2c85c248dfd7","apps/cartera-back/src/controllers/investor.ts","1209","console.log","✅ {expr} cuotas marcadas como liquidado_inversionistas = false","unresolved","unresolved","","","pending_semantic_review"
"56717ddef8f0bbd8c8633172c8ca2c85c248dfd7","apps/cartera-back/src/controllers/investor.ts","1218","console.log","🗑️ {expr} pagos eliminados de pagos_credito_inversionistas_espejo","unresolved","unresolved","","","pending_semantic_review"
"56717ddef8f0bbd8c8633172c8ca2c85c248dfd7","apps/cartera-back/src/controllers/investor.ts","1219","console.log","✅ ========== FIN reversePagosEspejoPorInversionista ==========","unresolved","unresolved","","","pending_semantic_review"
"56717ddef8f0bbd8c8633172c8ca2c85c248dfd7","apps/cartera-back/src/controllers/investor.ts","1251","console.log","resumeInvestor for","unresolved","unresolved","","","pending_semantic_review"
"56717ddef8f0bbd8c8633172c8ca2c85c248dfd7","apps/cartera-back/src/controllers/investor.ts","1895","console.log","getInvestorTotalsGlobales for","unresolved","unresolved","","","pending_semantic_review"
"56717ddef8f0bbd8c8633172c8ca2c85c248dfd7","apps/cartera-back/src/controllers/investor.ts","2518","console.log","🔄 Revirtiendo liquidación {expr} del inversionista {expr}","unresolved","unresolved","","","pending_semantic_review"
"56717ddef8f0bbd8c8633172c8ca2c85c248dfd7","apps/cartera-back/src/controllers/investor.ts","2528","console.log","📊 Pagos asociados a esta liquidación: {expr}","unresolved","unresolved","","","pending_semantic_review"
"56717ddef8f0bbd8c8633172c8ca2c85c248dfd7","apps/cartera-back/src/controllers/investor.ts","2558","console.log","✅ Crédito {expr}: monto_aportado restaurado (+{expr})","unresolved","unresolved","","","pending_semantic_review"
"56717ddef8f0bbd8c8633172c8ca2c85c248dfd7","apps/cartera-back/src/controllers/investor.ts","2577","console.log","✅ {expr} pagos revertidos a NO_LIQUIDADO","unresolved","unresolved","","","pending_semantic_review"
"56717ddef8f0bbd8c8633172c8ca2c85c248dfd7","apps/cartera-back/src/controllers/investor.ts","2602","console.log","✅ {expr} abono(s) a capital reabiertos","unresolved","unresolved","","","pending_semantic_review"
"56717ddef8f0bbd8c8633172c8ca2c85c248dfd7","apps/cartera-back/src/controllers/investor.ts","2638","console.log","✅ {expr} cuotas revertidas","unresolved","unresolved","","","pending_semantic_review"
"56717ddef8f0bbd8c8633172c8ca2c85c248dfd7","apps/cartera-back/src/controllers/investor.ts","2653","console.log","✅ Boleta {expr} → PENDIENTE","unresolved","unresolved","","","pending_semantic_review"
"56717ddef8f0bbd8c8633172c8ca2c85c248dfd7","apps/cartera-back/src/controllers/investor.ts","2669","console.log","✅ {expr} snapshots de historico_liquidaciones_espejo eliminados","unresolved","unresolved","","","pending_semantic_review"
"56717ddef8f0bbd8c8633172c8ca2c85c248dfd7","apps/cartera-back/src/controllers/investor.ts","2680","console.log","✅ Liquidación {expr} eliminada","unresolved","unresolved","","","pending_semantic_review"
"56717ddef8f0bbd8c8633172c8ca2c85c248dfd7","apps/cartera-back/src/controllers/investor.ts","2681","console.log","🔄 Reversión completada exitosamente","unresolved","unresolved","","","pending_semantic_review"
"56717ddef8f0bbd8c8633172c8ca2c85c248dfd7","apps/cartera-back/src/controllers/investor.ts","2846","console.log","🔄 Revirtiendo compras del inv {expr} ({expr})","unresolved","unresolved","","","pending_semantic_review"
"56717ddef8f0bbd8c8633172c8ca2c85c248dfd7","apps/cartera-back/src/controllers/investor.ts","3105","console.log","✅ Crédito {expr} ({expr}): -{expr} a inv {expr} → CUBE","unresolved","unresolved","","","pending_semantic_review"
"56717ddef8f0bbd8c8633172c8ca2c85c248dfd7","apps/cartera-back/src/controllers/investor.ts","3166","console.log","📝 Log de compras revertidas: {expr}","unresolved","unresolved","","","pending_semantic_review"
"56717ddef8f0bbd8c8633172c8ca2c85c248dfd7","apps/cartera-back/src/controllers/investor.ts","3168","console.error","[revertirComprasUltimaLiquidacion] No se pudo escribir el log:","unresolved","unresolved","","","pending_semantic_review"
"56717ddef8f0bbd8c8633172c8ca2c85c248dfd7","apps/cartera-back/src/controllers/investor.ts","3239","console.log","🔄 Ejecutando reinversión automática inv {expr} por Q{expr}...","unresolved","unresolved","","","pending_semantic_review"
"56717ddef8f0bbd8c8633172c8ca2c85c248dfd7","apps/cartera-back/src/controllers/investor.ts","3274","console.log","📊 Moda porcentaje inversión: {expr}%, cash in: {expr}%","unresolved","unresolved","","","pending_semantic_review"
"56717ddef8f0bbd8c8633172c8ca2c85c248dfd7","apps/cartera-back/src/controllers/investor.ts","3301","console.error","❌ Reinversión automática inv {expr} por Q{expr} NO se completó del todo:","unresolved","unresolved","","","pending_semantic_review"
"56717ddef8f0bbd8c8633172c8ca2c85c248dfd7","apps/cartera-back/src/controllers/investor.ts","3306","console.log","✅ Reinversión automática completada inv {expr}.","unresolved","unresolved","","","pending_semantic_review"
"56717ddef8f0bbd8c8633172c8ca2c85c248dfd7","apps/cartera-back/src/controllers/investor.ts","3453","console.log","[upsertPagosEspejo] {expr} registro(s) actualizados.","unresolved","unresolved","","","pending_semantic_review"
"56717ddef8f0bbd8c8633172c8ca2c85c248dfd7","apps/cartera-back/src/controllers/investor.ts","3482","console.log","[getInvestorMirrorSummary] investorId:","unresolved","unresolved","","","pending_semantic_review"
"56717ddef8f0bbd8c8633172c8ca2c85c248dfd7","apps/cartera-back/src/controllers/investor.ts","3520","console.log","[getInvestorMirrorSummary] Inversionista: {expr} (ID: {expr})","unresolved","unresolved","","","pending_semantic_review"
"56717ddef8f0bbd8c8633172c8ca2c85c248dfd7","apps/cartera-back/src/controllers/investor.ts","3571","console.log","[getInvestorMirrorSummary] Créditos espejo: {expr}","unresolved","unresolved","","","pending_semantic_review"
"56717ddef8f0bbd8c8633172c8ca2c85c248dfd7","apps/cartera-back/src/controllers/investor.ts","3596","console.log","[getInvestorMirrorSummary] Pagos espejo: {expr}","unresolved","unresolved","","","pending_semantic_review"
"56717ddef8f0bbd8c8633172c8ca2c85c248dfd7","apps/cartera-back/src/controllers/investor.ts","3908","console.warn","⚠️ Liquidación ya en proceso para: {expr}","unresolved","unresolved","","","pending_semantic_review"
"56717ddef8f0bbd8c8633172c8ca2c85c248dfd7","apps/cartera-back/src/controllers/investor.ts","3927","console.log","Liquidando inversionista_id: {expr}","unresolved","unresolved","","","pending_semantic_review"
"56717ddef8f0bbd8c8633172c8ca2c85c248dfd7","apps/cartera-back/src/controllers/investor.ts","3929","console.log","⚠️ LIQUIDANDO TODOS LOS INVERSIONISTAS ⚠️","unresolved","unresolved","","","pending_semantic_review"
"56717ddef8f0bbd8c8633172c8ca2c85c248dfd7","apps/cartera-back/src/controllers/investor.ts","3960","console.log","📋 Se liquidarán {expr} inversionista(s)","unresolved","unresolved","","","pending_semantic_review"
"56717ddef8f0bbd8c8633172c8ca2c85c248dfd7","apps/cartera-back/src/controllers/investor.ts","3984","console.log","💰 Procesando inversionista {expr}...","unresolved","unresolved","","","pending_semantic_review"
"56717ddef8f0bbd8c8633172c8ca2c85c248dfd7","apps/cartera-back/src/controllers/investor.ts","3991","console.log","🔍 Buscando boleta PENDIENTE...","unresolved","unresolved","","","pending_semantic_review"
"56717ddef8f0bbd8c8633172c8ca2c85c248dfd7","apps/cartera-back/src/controllers/investor.ts","4005","console.log","✅ Boleta encontrada: ID {expr}","unresolved","unresolved","","","pending_semantic_review"
"56717ddef8f0bbd8c8633172c8ca2c85c248dfd7","apps/cartera-back/src/controllers/investor.ts","4007","console.log","⚠️ Sin boleta PENDIENTE, se liquida sin boleta","unresolved","unresolved","","","pending_semantic_review"
"56717ddef8f0bbd8c8633172c8ca2c85c248dfd7","apps/cartera-back/src/controllers/investor.ts","4034","console.log","⚠️ Inversionista {expr} sin pagos para liquidar","unresolved","unresolved","","","pending_semantic_review"
"56717ddef8f0bbd8c8633172c8ca2c85c248dfd7","apps/cartera-back/src/controllers/investor.ts","4052","console.warn","⚠️ Inversionista {expr} no liquidado: {expr} crédito(s) en PENDIENTE_AUTORIZACION","unresolved","unresolved","","","pending_semantic_review"
"56717ddef8f0bbd8c8633172c8ca2c85c248dfd7","apps/cartera-back/src/controllers/investor.ts","4071","console.log","📊 Total pagos a liquidar: {expr}","unresolved","unresolved","","","pending_semantic_review"
"56717ddef8f0bbd8c8633172c8ca2c85c248dfd7","apps/cartera-back/src/controllers/investor.ts","4118","console.log","✅ Liquidación creada: liquidacion_id={expr}","unresolved","unresolved","","","pending_semantic_review"
"56717ddef8f0bbd8c8633172c8ca2c85c248dfd7","apps/cartera-back/src/controllers/investor.ts","4127","console.log","✅ Boleta {expr} marcada como PROCESADO","unresolved","unresolved","","","pending_semantic_review"
"56717ddef8f0bbd8c8633172c8ca2c85c248dfd7","apps/cartera-back/src/controllers/investor.ts","4147","console.log","✅ Saldo reinversión actualizado (+{expr})","unresolved","unresolved","","","pending_semantic_review"
"56717ddef8f0bbd8c8633172c8ca2c85c248dfd7","apps/cartera-back/src/controllers/investor.ts","4276","console.log","✅ {expr} pagos espejo actualizados","unresolved","unresolved","","","pending_semantic_review"
"56717ddef8f0bbd8c8633172c8ca2c85c248dfd7","apps/cartera-back/src/controllers/investor.ts","4311","console.log","✅ {expr} abono(s) a capital marcados como liquidados","unresolved","unresolved","","","pending_semantic_review"
"56717ddef8f0bbd8c8633172c8ca2c85c248dfd7","apps/cartera-back/src/controllers/investor.ts","4346","console.log","✅ {expr} cuotas actualizadas","unresolved","unresolved","","","pending_semantic_review"
"56717ddef8f0bbd8c8633172c8ca2c85c248dfd7","apps/cartera-back/src/controllers/investor.ts","4387","console.log","📄 Generando Excel...","unresolved","unresolved","","","pending_semantic_review"
"56717ddef8f0bbd8c8633172c8ca2c85c248dfd7","apps/cartera-back/src/controllers/investor.ts","4398","console.log","✅ Excel generado: {expr}","unresolved","unresolved","","","pending_semantic_review"
"56717ddef8f0bbd8c8633172c8ca2c85c248dfd7","apps/cartera-back/src/controllers/investor.ts","4408","console.log","📧 Preparando envío de correo para {expr}...","unresolved","unresolved","","","pending_semantic_review"
"56717ddef8f0bbd8c8633172c8ca2c85c248dfd7","apps/cartera-back/src/controllers/investor.ts","4428","console.log","✅ Correo enviado exitosamente a {expr}","unresolved","unresolved","","","pending_semantic_review"
"56717ddef8f0bbd8c8633172c8ca2c85c248dfd7","apps/cartera-back/src/controllers/investor.ts","4430","console.error","❌ Error devuelto por el servicio de correo para {expr}:","unresolved","unresolved","","","pending_semantic_review"
"56717ddef8f0bbd8c8633172c8ca2c85c248dfd7","apps/cartera-back/src/controllers/investor.ts","4433","console.error","❌ Error inesperado al intentar enviar correo a {expr}:","unresolved","unresolved","","","pending_semantic_review"
"56717ddef8f0bbd8c8633172c8ca2c85c248dfd7","apps/cartera-back/src/controllers/investor.ts","4437","console.warn","⚠️ El inversionista {expr} ({expr}) no tiene un correo electrónico configurado en su ficha. Se omitió la notificación.","unresolved","unresolved","","","pending_semantic_review"
"56717ddef8f0bbd8c8633172c8ca2c85c248dfd7","apps/cartera-back/src/controllers/investor.ts","4440","console.error","❌ No se pudo adjuntar el reporte Excel porque el generador devolvió un buffer vacío para el inversionista {expr}.","unresolved","unresolved","","","pending_semantic_review"
"56717ddef8f0bbd8c8633172c8ca2c85c248dfd7","apps/cartera-back/src/controllers/investor.ts","4457","console.log","🔄 Ejecutando reinversión automática por Q{expr}...","unresolved","unresolved","","","pending_semantic_review"
"56717ddef8f0bbd8c8633172c8ca2c85c248dfd7","apps/cartera-back/src/controllers/investor.ts","4495","console.log","📊 Moda porcentaje inversión: {expr}%, cash in: {expr}%","unresolved","unresolved","","","pending_semantic_review"
"56717ddef8f0bbd8c8633172c8ca2c85c248dfd7","apps/cartera-back/src/controllers/investor.ts","4522","console.log","📊 Modalidad combinada → {expr} reinversión(es): {expr}","unresolved","unresolved","","","pending_semantic_review"
"56717ddef8f0bbd8c8633172c8ca2c85c248dfd7","apps/cartera-back/src/controllers/investor.ts","4541","console.error","❌ Reinversión [{expr}] sin candidatos compatibles. Aborto las siguientes:","unresolved","unresolved","","","pending_semantic_review"
"56717ddef8f0bbd8c8633172c8ca2c85c248dfd7","apps/cartera-back/src/controllers/investor.ts","4552","console.error","⚠️ Reinversión [{expr}] quedó con Q{expr} sin colocar por contención:","unresolved","unresolved","","","pending_semantic_review"
"56717ddef8f0bbd8c8633172c8ca2c85c248dfd7","apps/cartera-back/src/controllers/investor.ts","4556","console.log","✅ Reinversión [{expr}] completada por Q{expr}:","unresolved","unresolved","","","pending_semantic_review"
"56717ddef8f0bbd8c8633172c8ca2c85c248dfd7","apps/cartera-back/src/controllers/investor.ts","4559","console.error","❌ Error en reinversión automática (liquidación ya guardada):","unresolved","unresolved","","","pending_semantic_review"
"56717ddef8f0bbd8c8633172c8ca2c85c248dfd7","apps/cartera-back/src/controllers/investor.ts","4589","console.log","🚪 Inversionista {expr} en pendiente_devolucion → exitInvestor (salida total) sobre {expr} crédito(s)","unresolved","unresolved","","","pending_semantic_review"
"56717ddef8f0bbd8c8633172c8ca2c85c248dfd7","apps/cartera-back/src/controllers/investor.ts","4605","console.error","❌ exitInvestor (salida total) falló para inversionista {expr} — no se marca inactivo ni COMPLETADO:","unresolved","unresolved","","","pending_semantic_review"
"56717ddef8f0bbd8c8633172c8ca2c85c248dfd7","apps/cartera-back/src/controllers/investor.ts","4610","console.log","✅ Salida total ejecutada:","unresolved","unresolved","","","pending_semantic_review"
"56717ddef8f0bbd8c8633172c8ca2c85c248dfd7","apps/cartera-back/src/controllers/investor.ts","4617","console.log","✅ Inversionista {expr} marcado como inactivo","unresolved","unresolved","","","pending_semantic_review"
"56717ddef8f0bbd8c8633172c8ca2c85c248dfd7","apps/cartera-back/src/controllers/investor.ts","4636","console.log","✅ Créditos VERIFICADO reseteados a COMPLETADO tras salida total del inversionista {expr}","unresolved","unresolved","","","pending_semantic_review"
"56717ddef8f0bbd8c8633172c8ca2c85c248dfd7","apps/cartera-back/src/controllers/investor.ts","4642","console.warn","⚠️ exitInvestor (salida total) tuvo {expr} crédito(s) con error — no marcados COMPLETADO:","unresolved","unresolved","","","pending_semantic_review"
"56717ddef8f0bbd8c8633172c8ca2c85c248dfd7","apps/cartera-back/src/controllers/investor.ts","4666","console.log","🚪 Inversionista {expr} → exitInvestor por estado_devolucion=VERIFICADO en {expr} crédito(s)","unresolved","unresolved","","","pending_semantic_review"
"56717ddef8f0bbd8c8633172c8ca2c85c248dfd7","apps/cartera-back/src/controllers/investor.ts","4710","console.warn","⚠️ créditos con espejo inválido (monto != 0 o sin fila) antes de exitInvestor para inversionista {expr} — se omiten:","unresolved","unresolved","","","pending_semantic_review"
"56717ddef8f0bbd8c8633172c8ca2c85c248dfd7","apps/cartera-back/src/controllers/investor.ts","4738","console.error","❌ exitInvestor (devolución VERIFICADO) falló para inversionista {expr} — no se marca COMPLETADO:","unresolved","unresolved","","","pending_semantic_review"
"56717ddef8f0bbd8c8633172c8ca2c85c248dfd7","apps/cartera-back/src/controllers/investor.ts","4755","console.log","✅ Salida por estado_devolucion=VERIFICADO ejecutada y créditos reseteados a COMPLETADO:","unresolved","unresolved","","","pending_semantic_review"
"56717ddef8f0bbd8c8633172c8ca2c85c248dfd7","apps/cartera-back/src/controllers/investor.ts","4759","console.warn","⚠️ exitInvestor (devolución VERIFICADO) tuvo {expr} crédito(s) con error — quedan en VERIFICADO:","unresolved","unresolved","","","pending_semantic_review"
"56717ddef8f0bbd8c8633172c8ca2c85c248dfd7","apps/cartera-back/src/controllers/investor.ts","4770","console.error","❌ Error en salida automática (liquidación ya guardada):","unresolved","unresolved","","","pending_semantic_review"
"56717ddef8f0bbd8c8633172c8ca2c85c248dfd7","apps/cartera-back/src/controllers/investor.ts","4776","console.error","❌ Error generando Excel (datos financieros ya guardados):","unresolved","unresolved","","","pending_semantic_review"
"56717ddef8f0bbd8c8633172c8ca2c85c248dfd7","apps/cartera-back/src/controllers/investor.ts","4782","console.error","❌ Error procesando inversionista {expr}:","unresolved","unresolved","","","pending_semantic_review"
"56717ddef8f0bbd8c8633172c8ca2c85c248dfd7","apps/cartera-back/src/controllers/investor.ts","4805","console.log","✅ RESUMEN FINAL:","unresolved","unresolved","","","pending_semantic_review"
"56717ddef8f0bbd8c8633172c8ca2c85c248dfd7","apps/cartera-back/src/controllers/investor.ts","4806","console.log","- Liquidaciones creadas: {expr}","unresolved","unresolved","","","pending_semantic_review"
"56717ddef8f0bbd8c8633172c8ca2c85c248dfd7","apps/cartera-back/src/controllers/investor.ts","4807","console.log","- Pagos liquidados: {expr}","unresolved","unresolved","","","pending_semantic_review"
"56717ddef8f0bbd8c8633172c8ca2c85c248dfd7","apps/cartera-back/src/controllers/investor.ts","4808","console.log","- Excels generados: {expr}","unresolved","unresolved","","","pending_semantic_review"
"56717ddef8f0bbd8c8633172c8ca2c85c248dfd7","apps/cartera-back/src/controllers/investor.ts","4809","console.log","- Boletas procesadas: {expr}","unresolved","unresolved","","","pending_semantic_review"
"56717ddef8f0bbd8c8633172c8ca2c85c248dfd7","apps/cartera-back/src/controllers/investor.ts","4810","console.log","- Inversionistas saltados: {expr}","unresolved","unresolved","","","pending_semantic_review"
"56717ddef8f0bbd8c8633172c8ca2c85c248dfd7","apps/cartera-back/src/controllers/investor.ts","4813","console.log","⚠️ INVERSIONISTAS NO PROCESADOS:","unresolved","unresolved","","","pending_semantic_review"
"56717ddef8f0bbd8c8633172c8ca2c85c248dfd7","apps/cartera-back/src/controllers/investor.ts","4815","console.log","- ID {expr}: {expr}","unresolved","unresolved","","","pending_semantic_review"
"56717ddef8f0bbd8c8633172c8ca2c85c248dfd7","apps/cartera-back/src/controllers/investor.ts","5285","console.log","🔍 Buscando/creando inversionista: ""{expr}""","unresolved","unresolved","","","pending_semantic_review"
"56717ddef8f0bbd8c8633172c8ca2c85c248dfd7","apps/cartera-back/src/controllers/investor.ts","5292","console.log","🎯 Estrategia 1: Búsqueda exacta...","unresolved","unresolved","","","pending_semantic_review"
"56717ddef8f0bbd8c8633172c8ca2c85c248dfd7","apps/cartera-back/src/controllers/investor.ts","5300","console.log","✅ Inversionista encontrado (exacto): {expr} (ID: {expr})","unresolved","unresolved","","","pending_semantic_review"
"56717ddef8f0bbd8c8633172c8ca2c85c248dfd7","apps/cartera-back/src/controllers/investor.ts","5305","console.log","🎯 Estrategia 2: Búsqueda sin tildes...","unresolved","unresolved","","","pending_semantic_review"
"56717ddef8f0bbd8c8633172c8ca2c85c248dfd7","apps/cartera-back/src/controllers/investor.ts","5328","console.log","✅ Inversionista encontrado (sin tildes): {expr} (ID: {expr})","unresolved","unresolved","","","pending_semantic_review"
"56717ddef8f0bbd8c8633172c8ca2c85c248dfd7","apps/cartera-back/src/controllers/investor.ts","5333","console.log","🎯 Estrategia 3: Búsqueda ""comienza con""...","unresolved","unresolved","","","pending_semantic_review"
"56717ddef8f0bbd8c8633172c8ca2c85c248dfd7","apps/cartera-back/src/controllers/investor.ts","5353","console.log","✅ Inversionista encontrado (nombre base): {expr} (ID: {expr})","unresolved","unresolved","","","pending_semantic_review"
"56717ddef8f0bbd8c8633172c8ca2c85c248dfd7","apps/cartera-back/src/controllers/investor.ts","5354","console.log","ℹ️ ""{expr}"" coincide con ""{expr}""","unresolved","unresolved","","","pending_semantic_review"
"56717ddef8f0bbd8c8633172c8ca2c85c248dfd7","apps/cartera-back/src/controllers/investor.ts","5359","console.log","🎯 Estrategia 4: Búsqueda inversa (nombre más largo en BD)...","unresolved","unresolved","","","pending_semantic_review"
"56717ddef8f0bbd8c8633172c8ca2c85c248dfd7","apps/cartera-back/src/controllers/investor.ts","5370","console.log","✅ Inversionista encontrado (nombre completo en BD): {expr} (ID: {expr})","unresolved","unresolved","","","pending_semantic_review"
"56717ddef8f0bbd8c8633172c8ca2c85c248dfd7","apps/cartera-back/src/controllers/investor.ts","5371","console.log","ℹ️ ""{expr}"" es parte de ""{expr}""","unresolved","unresolved","","","pending_semantic_review"
"56717ddef8f0bbd8c8633172c8ca2c85c248dfd7","apps/cartera-back/src/controllers/investor.ts","5376","console.log","🎯 Estrategia 5: Búsqueda por palabras clave...","unresolved","unresolved","","","pending_semantic_review"
"56717ddef8f0bbd8c8633172c8ca2c85c248dfd7","apps/cartera-back/src/controllers/investor.ts","5394","console.log","✅ Inversionista encontrado (por palabras): {expr} (ID: {expr})","unresolved","unresolved","","","pending_semantic_review"
"56717ddef8f0bbd8c8633172c8ca2c85c248dfd7","apps/cartera-back/src/controllers/investor.ts","5397","console.log","⚠️ Múltiples matches ({expr}):","unresolved","unresolved","","","pending_semantic_review"
"56717ddef8f0bbd8c8633172c8ca2c85c248dfd7","apps/cartera-back/src/controllers/investor.ts","5399","console.log","{expr}. {expr} (ID: {expr})","unresolved","unresolved","","","pending_semantic_review"
"56717ddef8f0bbd8c8633172c8ca2c85c248dfd7","apps/cartera-back/src/controllers/investor.ts","5407","console.log","✅ Usando el más corto: {expr} (ID: {expr})","unresolved","unresolved","","","pending_semantic_review"
"56717ddef8f0bbd8c8633172c8ca2c85c248dfd7","apps/cartera-back/src/controllers/investor.ts","5413","console.log","➕ Inversionista no encontrado, creando nuevo...","unresolved","unresolved","","","pending_semantic_review"
"56717ddef8f0bbd8c8633172c8ca2c85c248dfd7","apps/cartera-back/src/controllers/investor.ts","5427","console.log","✅ Inversionista creado: {expr} (ID: {expr})","unresolved","unresolved","","","pending_semantic_review"
"56717ddef8f0bbd8c8633172c8ca2c85c248dfd7","apps/cartera-back/src/controllers/investor.ts","5492","console.log","Actualizando inversionista_id:","unresolved","unresolved","","","pending_semantic_review"
"56717ddef8f0bbd8c8633172c8ca2c85c248dfd7","apps/cartera-back/src/controllers/investor.ts","5505","console.log","Inversionistas actualizados:","unresolved","unresolved","","","pending_semantic_review"
"56717ddef8f0bbd8c8633172c8ca2c85c248dfd7","apps/cartera-back/src/controllers/investor.ts","5588","console.warn","[updateInvestorStatus] No se pudo resolver el usuario del JWT:","unresolved","unresolved","","","pending_semantic_review"
"56717ddef8f0bbd8c8633172c8ca2c85c248dfd7","apps/cartera-back/src/controllers/investor.ts","5660","console.warn","[updateInvestorStatus] {expr} correo(s) fallaron de {expr}","unresolved","unresolved","","","pending_semantic_review"
"56717ddef8f0bbd8c8633172c8ca2c85c248dfd7","apps/cartera-back/src/controllers/investor.ts","5676","console.error","[updateInvestorStatus] Error:","unresolved","unresolved","","","pending_semantic_review"
"56717ddef8f0bbd8c8633172c8ca2c85c248dfd7","apps/cartera-back/src/controllers/investor.ts","5777","console.log","[exitInvestor][{expr}]","unresolved","unresolved","","","pending_semantic_review"
"56717ddef8f0bbd8c8633172c8ca2c85c248dfd7","apps/cartera-back/src/controllers/investor.ts","5778","console.warn","[exitInvestor][{expr}]","unresolved","unresolved","","","pending_semantic_review"
"56717ddef8f0bbd8c8633172c8ca2c85c248dfd7","apps/cartera-back/src/controllers/investor.ts","5779","console.error","[exitInvestor][{expr}]","unresolved","unresolved","","","pending_semantic_review"
"56717ddef8f0bbd8c8633172c8ca2c85c248dfd7","apps/cartera-back/src/controllers/investor.ts","6508","console.log","🚀 Iniciando corrección para Cube Investment (ID: {expr})","unresolved","unresolved","","","pending_semantic_review"
"56717ddef8f0bbd8c8633172c8ca2c85c248dfd7","apps/cartera-back/src/controllers/investor.ts","6538","console.log","📝 Corrigiendo porcentajes para crédito {expr} en tabla original","unresolved","unresolved","","","pending_semantic_review"
"56717ddef8f0bbd8c8633172c8ca2c85c248dfd7","apps/cartera-back/src/controllers/investor.ts","6552","console.log","➕ Creando registro espejo faltante para crédito {expr}","unresolved","unresolved","","","pending_semantic_review"
"56717ddef8f0bbd8c8633172c8ca2c85c248dfd7","apps/cartera-back/src/controllers/investor.ts","6577","console.log","📝 Corrigiendo porcentajes para crédito {expr} en tabla espejo","unresolved","unresolved","","","pending_semantic_review"
"56717ddef8f0bbd8c8633172c8ca2c85c248dfd7","apps/cartera-back/src/controllers/investor.ts","6589","console.log","✅ Proceso finalizado. Originales: {expr}, Espejos actualizados: {expr}, Espejos creados: {expr}","unresolved","unresolved","","","pending_semantic_review"
"56717ddef8f0bbd8c8633172c8ca2c85c248dfd7","apps/cartera-back/src/controllers/investor.ts","6597","console.error","❌ Error en fixCubeInvestment:","unresolved","unresolved","","","pending_semantic_review"
"56717ddef8f0bbd8c8633172c8ca2c85c248dfd7","apps/cartera-back/src/controllers/investor.ts","6605","console.log","🚀 Iniciando RECONCILIACIÓN SELECTIVA de porcentajes espejo...","unresolved","unresolved","","","pending_semantic_review"
"56717ddef8f0bbd8c8633172c8ca2c85c248dfd7","apps/cartera-back/src/controllers/investor.ts","6673","console.log","✅ Corrigiendo valores invertidos en espejo para ID {expr}","unresolved","unresolved","","","pending_semantic_review"
"56717ddef8f0bbd8c8633172c8ca2c85c248dfd7","apps/cartera-back/src/controllers/investor.ts","6704","console.log","✅ Reconciliación finalizada. Actualizados (Swapped): {expr}, Otros descuadres: {expr}","unresolved","unresolved","","","pending_semantic_review"
"56717ddef8f0bbd8c8633172c8ca2c85c248dfd7","apps/cartera-back/src/controllers/investor.ts","6713","console.error","❌ Error en reconcileMirrorPercentages:","unresolved","unresolved","","","pending_semantic_review"
"56717ddef8f0bbd8c8633172c8ca2c85c248dfd7","apps/cartera-back/src/controllers/investor.ts","6721","console.log","🔍 Iniciando AUDITORÍA de porcentajes espejo (Solo lectura)...","unresolved","unresolved","","","pending_semantic_review"
"56717ddef8f0bbd8c8633172c8ca2c85c248dfd7","apps/cartera-back/src/controllers/investor.ts","6813","console.log","✅ Auditoría finalizada. Discrepancias: {expr}, Faltantes: {expr}","unresolved","unresolved","","","pending_semantic_review"
"56717ddef8f0bbd8c8633172c8ca2c85c248dfd7","apps/cartera-back/src/controllers/investor.ts","6822","console.error","❌ Error en auditMirrorPercentages:","unresolved","unresolved","","","pending_semantic_review"
"56717ddef8f0bbd8c8633172c8ca2c85c248dfd7","apps/cartera-back/src/controllers/investor.ts","8037","console.log","resumen-global result IDs:","unresolved","unresolved","","","pending_semantic_review"
"56717ddef8f0bbd8c8633172c8ca2c85c248dfd7","apps/cartera-back/src/controllers/investor.ts","8038","console.log","resumen-global total:","unresolved","unresolved","","","pending_semantic_review"
"56717ddef8f0bbd8c8633172c8ca2c85c248dfd7","apps/cartera-back/src/controllers/investor.ts","8281","console.log","resumen-global-liquidaciones estado:","unresolved","unresolved","","","pending_semantic_review"
"56717ddef8f0bbd8c8633172c8ca2c85c248dfd7","apps/cartera-back/src/controllers/investor.ts","8282","console.log","resumen-global-liquidaciones total:","unresolved","unresolved","","","pending_semantic_review"
"56717ddef8f0bbd8c8633172c8ca2c85c248dfd7","apps/cartera-back/src/controllers/investor.ts","8659","console.log","[getLiquidaciones] Params:","unresolved","unresolved","","","pending_semantic_review"
"56717ddef8f0bbd8c8633172c8ca2c85c248dfd7","apps/cartera-back/src/controllers/investor.ts","8746","console.log","🔍 Buscando boleta ID: {expr} para liquidación {expr}","unresolved","unresolved","","","pending_semantic_review"
"56717ddef8f0bbd8c8633172c8ca2c85c248dfd7","apps/cartera-back/src/controllers/investor.ts","8781","console.log","✅ Boleta encontrada: {expr}","unresolved","unresolved","","","pending_semantic_review"
"56717ddef8f0bbd8c8633172c8ca2c85c248dfd7","apps/cartera-back/src/controllers/investor.ts","8783","console.warn","⚠️ Boleta ID {expr} no encontrada en BD","unresolved","unresolved","","","pending_semantic_review"
"56717ddef8f0bbd8c8633172c8ca2c85c248dfd7","apps/cartera-back/src/controllers/investor.ts","8786","console.log","ℹ️ Liquidación {expr} no tiene boleta asociada","unresolved","unresolved","","","pending_semantic_review"
"56717ddef8f0bbd8c8633172c8ca2c85c248dfd7","apps/cartera-back/src/controllers/investor.ts","8981","console.log","💾 Aplicando cambios de pagos espejo para inversionista ID: {expr}","unresolved","unresolved","","","pending_semantic_review"
"56717ddef8f0bbd8c8633172c8ca2c85c248dfd7","apps/cartera-back/src/controllers/investor.ts","9024","console.log","✅ Transacción completada. {expr} créditos actualizados.","unresolved","unresolved","","","pending_semantic_review"
"56717ddef8f0bbd8c8633172c8ca2c85c248dfd7","apps/cartera-back/src/controllers/investor.ts","9033","console.log","🔄 DELETE Pagos Espejo NO_LIQUIDADO (inversionista: {expr})","unresolved","unresolved","","","pending_semantic_review"
"56717ddef8f0bbd8c8633172c8ca2c85c248dfd7","apps/cartera-back/src/controllers/investor.ts","9047","console.log","✅ {expr} pagos eliminados.","unresolved","unresolved","","","pending_semantic_review"
"56717ddef8f0bbd8c8633172c8ca2c85c248dfd7","apps/cartera-back/src/controllers/investor.ts","9050","console.error","Error eliminando pagos no liquidados:","unresolved","unresolved","","","pending_semantic_review"
"56717ddef8f0bbd8c8633172c8ca2c85c248dfd7","apps/cartera-back/src/controllers/investor.ts","9059","console.log","🧪 Iniciando prueba de envío (PDF Adjunto) para inversionista {expr}...","unresolved","unresolved","","","pending_semantic_review"
"56717ddef8f0bbd8c8633172c8ca2c85c248dfd7","apps/cartera-back/src/controllers/investor.ts","9070","console.log","📄 Generando PDF en memoria...","unresolved","unresolved","","","pending_semantic_review"
"56717ddef8f0bbd8c8633172c8ca2c85c248dfd7","apps/cartera-back/src/controllers/investor.ts","9077","console.log","📧 Enviando correo a {expr} con PDF adjunto","unresolved","unresolved","","","pending_semantic_review"
"56717ddef8f0bbd8c8633172c8ca2c85c248dfd7","apps/cartera-back/src/controllers/latefee.ts","95","console.error","[HISTORIAL] ⚠️ No se pudo registrar evento de mora:","unresolved","unresolved","","","pending_semantic_review"
"56717ddef8f0bbd8c8633172c8ca2c85c248dfd7","apps/cartera-back/src/controllers/latefee.ts","286","console.error","[MORA] ⚠️ desactivarMoraSiCreditoAlDia({expr}) falló (no rompe la validación del pago):","unresolved","unresolved","","","pending_semantic_review"
"56717ddef8f0bbd8c8633172c8ca2c85c248dfd7","apps/cartera-back/src/controllers/latefee.ts","324","console.log","╔════════════════════════════════════════════════════════════ ║ [CREATE MORA ENTRY] Request ID: {expr} ║ Crédito ID: {expr} ║ Monto Mora: {expr} ║ Cuotas Atrasadas: {expr} ║ Timest","unresolved","unresolved","","","pending_semantic_review"
"56717ddef8f0bbd8c8633172c8ca2c85c248dfd7","apps/cartera-back/src/controllers/latefee.ts","337","console.log","[{expr}] ❌ RECHAZADO: Monto debe ser mayor a 0","unresolved","unresolved","","","pending_semantic_review"
"56717ddef8f0bbd8c8633172c8ca2c85c248dfd7","apps/cartera-back/src/controllers/latefee.ts","348","console.log","[{expr}] ❌ RECHAZADO: cuotas_atrasadas requerido (>=1)","unresolved","unresolved","","","pending_semantic_review"
"56717ddef8f0bbd8c8633172c8ca2c85c248dfd7","apps/cartera-back/src/controllers/latefee.ts","387","console.log","[{expr}] ❌ RECHAZADO: cuotas_atrasadas={expr} ≠ vencidas reales={expr}","unresolved","unresolved","","","pending_semantic_review"
"56717ddef8f0bbd8c8633172c8ca2c85c248dfd7","apps/cartera-back/src/controllers/latefee.ts","404","console.log","[{expr}] ❌ RECHAZADO: status '{expr}' excluido de mora","unresolved","unresolved","","","pending_semantic_review"
"56717ddef8f0bbd8c8633172c8ca2c85c248dfd7","apps/cartera-back/src/controllers/latefee.ts","420","console.log","[{expr}] ❌ RECHAZADO: monto {expr} fuera de rango (fórmula {expr})","unresolved","unresolved","","","pending_semantic_review"
"56717ddef8f0bbd8c8633172c8ca2c85c248dfd7","apps/cartera-back/src/controllers/latefee.ts","444","console.log","[{expr}] 🔍 Verificando mora activa existente...","unresolved","unresolved","","","pending_semantic_review"
"56717ddef8f0bbd8c8633172c8ca2c85c248dfd7","apps/cartera-back/src/controllers/latefee.ts","467","console.log","[{expr}] 🔄 Mora activa existente (ID: {expr}), actualizando...","unresolved","unresolved","","","pending_semantic_review"
"56717ddef8f0bbd8c8633172c8ca2c85c248dfd7","apps/cartera-back/src/controllers/latefee.ts","483","console.log","[{expr}] ✅ Mora actualizada: ID={expr}","unresolved","unresolved","","","pending_semantic_review"
"56717ddef8f0bbd8c8633172c8ca2c85c248dfd7","apps/cartera-back/src/controllers/latefee.ts","486","console.log","[{expr}] 💰 Insertando nueva mora con monto {expr}...","unresolved","unresolved","","","pending_semantic_review"
"56717ddef8f0bbd8c8633172c8ca2c85c248dfd7","apps/cartera-back/src/controllers/latefee.ts","501","console.log","[{expr}] ✅ Mora creada: ID={expr}","unresolved","unresolved","","","pending_semantic_review"
"56717ddef8f0bbd8c8633172c8ca2c85c248dfd7","apps/cartera-back/src/controllers/latefee.ts","506","console.log","[{expr}] 🔄 Actualizando status a MOROSO...","unresolved","unresolved","","","pending_semantic_review"
"56717ddef8f0bbd8c8633172c8ca2c85c248dfd7","apps/cartera-back/src/controllers/latefee.ts","511","console.log","[{expr}] ✅ Status actualizado a MOROSO","unresolved","unresolved","","","pending_semantic_review"
"56717ddef8f0bbd8c8633172c8ca2c85c248dfd7","apps/cartera-back/src/controllers/latefee.ts","528","console.log","╔════════════════════════════════════════════════════════════ ║ [CREATE MORA SUCCESS] Request ID: {expr} ║ Mora ID: {expr} ║ Status: MOROSO ║ Timestamp: {expr} ╚═══════════════════","unresolved","unresolved","","","pending_semantic_review"
"56717ddef8f0bbd8c8633172c8ca2c85c248dfd7","apps/cartera-back/src/controllers/latefee.ts","544","console.error","╔════════════════════════════════════════════════════════════ ║ [CREATE MORA ERROR] Request ID: {expr} ║ Crédito ID: {expr} ║ Error: {expr} ║ Timestamp: {expr} ╚═══════════════════","unresolved","unresolved","","","pending_semantic_review"
"56717ddef8f0bbd8c8633172c8ca2c85c248dfd7","apps/cartera-back/src/controllers/latefee.ts","619","console.log","╔════════════════════════════════════════════════════════════ ║ [UPDATE MORA] Request ID: {expr} ║ Crédito ID: {expr} ║ Tipo: {expr} ║ Monto Cambio: {expr} ║ Timestamp: {expr} ╚═══","unresolved","unresolved","","","pending_semantic_review"
"56717ddef8f0bbd8c8633172c8ca2c85c248dfd7","apps/cartera-back/src/controllers/latefee.ts","718","console.log","[{expr}] ⏭️ Status '{expr}' protegido (STATUS_EXCLUIDOS_MORA): no se cambia a {expr}","unresolved","unresolved","","","pending_semantic_review"
"56717ddef8f0bbd8c8633172c8ca2c85c248dfd7","apps/cartera-back/src/controllers/latefee.ts","734","console.log","[{expr}] ❌ No se encontró mora activa para este crédito","unresolved","unresolved","","","pending_semantic_review"
"56717ddef8f0bbd8c8633172c8ca2c85c248dfd7","apps/cartera-back/src/controllers/latefee.ts","751","console.log","╔════════════════════════════════════════════════════════════ ║ [UPDATE MORA SUCCESS] Request ID: {expr} ║ Mora ID: {expr} ║ Nuevo Monto: {expr} ║ Status Crédito: {expr} ║ Timestam","unresolved","unresolved","","","pending_semantic_review"
"56717ddef8f0bbd8c8633172c8ca2c85c248dfd7","apps/cartera-back/src/controllers/latefee.ts","768","console.error","╔════════════════════════════════════════════════════════════ ║ [UPDATE MORA ERROR] Request ID: {expr} ║ Crédito ID: {expr} ║ Error: {expr} ║ Timestamp: {expr} ╚═══════════════════","unresolved","unresolved","","","pending_semantic_review"
"56717ddef8f0bbd8c8633172c8ca2c85c248dfd7","apps/cartera-back/src/controllers/latefee.ts","815","console.log","[MORA] ⏭️ Otra instancia ya está procesando moras; se omite esta corrida.","unresolved","unresolved","","","pending_semantic_review"
"56717ddef8f0bbd8c8633172c8ca2c85c248dfd7","apps/cartera-back/src/controllers/latefee.ts","821","console.log","[INFO] Current Guatemala date (midnight):","unresolved","unresolved","","","pending_semantic_review"
"56717ddef8f0bbd8c8633172c8ca2c85c248dfd7","apps/cartera-back/src/controllers/latefee.ts","822","console.log","╔════════════════════════════════════════════════════════════","unresolved","unresolved","","","pending_semantic_review"
"56717ddef8f0bbd8c8633172c8ca2c85c248dfd7","apps/cartera-back/src/controllers/latefee.ts","823","console.log","║ [JOB] 🚀 INICIANDO PROCESO DE MORAS (UPSERT)","unresolved","unresolved","","","pending_semantic_review"
"56717ddef8f0bbd8c8633172c8ca2c85c248dfd7","apps/cartera-back/src/controllers/latefee.ts","824","console.log","╚════════════════════════════════════════════════════════════","unresolved","unresolved","","","pending_semantic_review"
"56717ddef8f0bbd8c8633172c8ca2c85c248dfd7","apps/cartera-back/src/controllers/latefee.ts","855","console.log","[DEBUG] Total installments fetched: {expr}","unresolved","unresolved","","","pending_semantic_review"
"56717ddef8f0bbd8c8633172c8ca2c85c248dfd7","apps/cartera-back/src/controllers/latefee.ts","860","console.log","[DEBUG] Overdue installments found: {expr}","unresolved","unresolved","","","pending_semantic_review"
"56717ddef8f0bbd8c8633172c8ca2c85c248dfd7","apps/cartera-back/src/controllers/latefee.ts","871","console.log","[DEBUG] Grouping overdue installments by credit:","unresolved","unresolved","","","pending_semantic_review"
"56717ddef8f0bbd8c8633172c8ca2c85c248dfd7","apps/cartera-back/src/controllers/latefee.ts","902","console.log","[WARN] Credit {expr} not found","unresolved","unresolved","","","pending_semantic_review"
"56717ddef8f0bbd8c8633172c8ca2c85c248dfd7","apps/cartera-back/src/controllers/latefee.ts","942","console.log","[SKIP] Credit #{expr} sin capital ({expr}) — mora quitada","unresolved","unresolved","","","pending_semantic_review"
"56717ddef8f0bbd8c8633172c8ca2c85c248dfd7","apps/cartera-back/src/controllers/latefee.ts","970","console.log","[SKIP] Credit #{expr} mora ya creada por otra instancia (índice único)","unresolved","unresolved","","","pending_semantic_review"
"56717ddef8f0bbd8c8633172c8ca2c85c248dfd7","apps/cartera-back/src/controllers/latefee.ts","995","console.log","[CREATE] Credit #{expr} → mora Q{expr} ({expr} cuotas)","unresolved","unresolved","","","pending_semantic_review"
"56717ddef8f0bbd8c8633172c8ca2c85c248dfd7","apps/cartera-back/src/controllers/latefee.ts","1034","console.log","[UPDATE] Credit #{expr} → mora Q{expr} → Q{expr}","unresolved","unresolved","","","pending_semantic_review"
"56717ddef8f0bbd8c8633172c8ca2c85c248dfd7","apps/cartera-back/src/controllers/latefee.ts","1078","console.log","[DEACTIVATE] Credit #{expr} se puso al día → mora desactivada","unresolved","unresolved","","","pending_semantic_review"
"56717ddef8f0bbd8c8633172c8ca2c85c248dfd7","apps/cartera-back/src/controllers/latefee.ts","1081","console.log","╔════════════════════════════════════════════════════════════","unresolved","unresolved","","","pending_semantic_review"
"56717ddef8f0bbd8c8633172c8ca2c85c248dfd7","apps/cartera-back/src/controllers/latefee.ts","1082","console.log","║ [JOB] ✅ FINISHED MORA PROCESSING","unresolved","unresolved","","","pending_semantic_review"
"56717ddef8f0bbd8c8633172c8ca2c85c248dfd7","apps/cartera-back/src/controllers/latefee.ts","1083","console.log","║ Creadas: {expr}","unresolved","unresolved","","","pending_semantic_review"
"56717ddef8f0bbd8c8633172c8ca2c85c248dfd7","apps/cartera-back/src/controllers/latefee.ts","1084","console.log","║ Recalculadas: {expr}","unresolved","unresolved","","","pending_semantic_review"
"56717ddef8f0bbd8c8633172c8ca2c85c248dfd7","apps/cartera-back/src/controllers/latefee.ts","1085","console.log","║ Sin cambios: {expr}","unresolved","unresolved","","","pending_semantic_review"
"56717ddef8f0bbd8c8633172c8ca2c85c248dfd7","apps/cartera-back/src/controllers/latefee.ts","1086","console.log","║ Desactivadas: {expr}","unresolved","unresolved","","","pending_semantic_review"
"56717ddef8f0bbd8c8633172c8ca2c85c248dfd7","apps/cartera-back/src/controllers/latefee.ts","1087","console.log","║ Sin capital (omitidas): {expr}","unresolved","unresolved","","","pending_semantic_review"
"56717ddef8f0bbd8c8633172c8ca2c85c248dfd7","apps/cartera-back/src/controllers/latefee.ts","1088","console.log","╚════════════════════════════════════════════════════════════","unresolved","unresolved","","","pending_semantic_review"
"56717ddef8f0bbd8c8633172c8ca2c85c248dfd7","apps/cartera-back/src/controllers/latefee.ts","1093","console.error","╔════════════════════════════════════════════════════════════","unresolved","unresolved","","","pending_semantic_review"
"56717ddef8f0bbd8c8633172c8ca2c85c248dfd7","apps/cartera-back/src/controllers/latefee.ts","1094","console.error","║ [ERROR] ❌ FAILED TO PROCESS MORAS","unresolved","unresolved","","","pending_semantic_review"
"56717ddef8f0bbd8c8633172c8ca2c85c248dfd7","apps/cartera-back/src/controllers/latefee.ts","1095","console.error","╚════════════════════════════════════════════════════════════","unresolved","unresolved","","","pending_semantic_review"
"56717ddef8f0bbd8c8633172c8ca2c85c248dfd7","apps/cartera-back/src/controllers/latefee.ts","1096","console.error","[ERROR] Message:","unresolved","unresolved","","","pending_semantic_review"
"56717ddef8f0bbd8c8633172c8ca2c85c248dfd7","apps/cartera-back/src/controllers/latefee.ts","1097","console.error","[ERROR] Stack trace:","unresolved","unresolved","","","pending_semantic_review"
"56717ddef8f0bbd8c8633172c8ca2c85c248dfd7","apps/cartera-back/src/controllers/latefee.ts","1161","console.log","[INFO] Current mora amount for credit #{expr}: {expr}","unresolved","unresolved","","","pending_semantic_review"
"56717ddef8f0bbd8c8633172c8ca2c85c248dfd7","apps/cartera-back/src/controllers/latefee.ts","1162","console.log","[INFO] Condonation reason: {expr}","unresolved","unresolved","","","pending_semantic_review"
"56717ddef8f0bbd8c8633172c8ca2c85c248dfd7","apps/cartera-back/src/controllers/latefee.ts","1417","console.log","<dynamic>","unresolved","unresolved","","","pending_semantic_review"
"56717ddef8f0bbd8c8633172c8ca2c85c248dfd7","apps/cartera-back/src/controllers/latefee.ts","1419","console.log","[DEBUG] Condonations found:","unresolved","unresolved","","","pending_semantic_review"
"56717ddef8f0bbd8c8633172c8ca2c85c248dfd7","apps/cartera-back/src/controllers/latefee.ts","1516","console.log","[INFO] Found {expr} morose credits to condone","unresolved","unresolved","","","pending_semantic_review"
"56717ddef8f0bbd8c8633172c8ca2c85c248dfd7","apps/cartera-back/src/controllers/liquidateInvestor.ts","63","console.log","🔧 Porcentaje ya en decimal: {expr} → {expr}","unresolved","unresolved","","","pending_semantic_review"
"56717ddef8f0bbd8c8633172c8ca2c85c248dfd7","apps/cartera-back/src/controllers/liquidateInvestor.ts","71","console.log","🔧 Porcentaje convertido: {expr} → {expr}","unresolved","unresolved","","","pending_semantic_review"
"56717ddef8f0bbd8c8633172c8ca2c85c248dfd7","apps/cartera-back/src/controllers/liquidateInvestor.ts","103","console.log","📝 Log escrito en: {expr}","unresolved","unresolved","","","pending_semantic_review"
"56717ddef8f0bbd8c8633172c8ca2c85c248dfd7","apps/cartera-back/src/controllers/liquidateInvestor.ts","105","console.error","❌ Error escribiendo log:","unresolved","unresolved","","","pending_semantic_review"
"56717ddef8f0bbd8c8633172c8ca2c85c248dfd7","apps/cartera-back/src/controllers/liquidateInvestor.ts","111","console.log","🔧 Normalizando mes: ""{expr}""","unresolved","unresolved","","","pending_semantic_review"
"56717ddef8f0bbd8c8633172c8ca2c85c248dfd7","apps/cartera-back/src/controllers/liquidateInvestor.ts","120","console.log","🔧 Agregado espacio: ""{expr}""","unresolved","unresolved","","","pending_semantic_review"
"56717ddef8f0bbd8c8633172c8ca2c85c248dfd7","apps/cartera-back/src/controllers/liquidateInvestor.ts","137","console.log","⚠️ Múltiples meses detectados, tomando el último","unresolved","unresolved","","","pending_semantic_review"
"56717ddef8f0bbd8c8633172c8ca2c85c248dfd7","apps/cartera-back/src/controllers/liquidateInvestor.ts","140","console.log","✅ Mes seleccionado: ""{expr}""","unresolved","unresolved","","","pending_semantic_review"
"56717ddef8f0bbd8c8633172c8ca2c85c248dfd7","apps/cartera-back/src/controllers/liquidateInvestor.ts","145","console.log","⚠️ Múltiples meses con coma, tomando el último","unresolved","unresolved","","","pending_semantic_review"
"56717ddef8f0bbd8c8633172c8ca2c85c248dfd7","apps/cartera-back/src/controllers/liquidateInvestor.ts","148","console.log","✅ Mes seleccionado: ""{expr}""","unresolved","unresolved","","","pending_semantic_review"
"56717ddef8f0bbd8c8633172c8ca2c85c248dfd7","apps/cartera-back/src/controllers/liquidateInvestor.ts","186","console.log","✅ Resultado normalizado: ""{expr}""","unresolved","unresolved","","","pending_semantic_review"
"56717ddef8f0bbd8c8633172c8ca2c85c248dfd7","apps/cartera-back/src/controllers/liquidateInvestor.ts","194","console.log","🔍 ========== BÚSQUEDA PERMISIVA DE USUARIO ==========","unresolved","unresolved","","","pending_semantic_review"
"56717ddef8f0bbd8c8633172c8ca2c85c248dfd7","apps/cartera-back/src/controllers/liquidateInvestor.ts","195","console.log","📝 Buscando: ""{expr}""","unresolved","unresolved","","","pending_semantic_review"
"56717ddef8f0bbd8c8633172c8ca2c85c248dfd7","apps/cartera-back/src/controllers/liquidateInvestor.ts","208","console.log","🧹 Nombre limpio: ""{expr}""","unresolved","unresolved","","","pending_semantic_review"
"56717ddef8f0bbd8c8633172c8ca2c85c248dfd7","apps/cartera-back/src/controllers/liquidateInvestor.ts","211","console.log","🎯 Estrategia 1: Búsqueda exacta...","unresolved","unresolved","","","pending_semantic_review"
"56717ddef8f0bbd8c8633172c8ca2c85c248dfd7","apps/cartera-back/src/controllers/liquidateInvestor.ts","218","console.log","✅ Encontrados {expr} con búsqueda exacta","unresolved","unresolved","","","pending_semantic_review"
"56717ddef8f0bbd8c8633172c8ca2c85c248dfd7","apps/cartera-back/src/controllers/liquidateInvestor.ts","225","console.log","🎯 Estrategia 1.5: Búsqueda exacta sin tildes...","unresolved","unresolved","","","pending_semantic_review"
"56717ddef8f0bbd8c8633172c8ca2c85c248dfd7","apps/cartera-back/src/controllers/liquidateInvestor.ts","240","console.log","✅ Encontrados {expr} con búsqueda exacta sin tildes","unresolved","unresolved","","","pending_semantic_review"
"56717ddef8f0bbd8c8633172c8ca2c85c248dfd7","apps/cartera-back/src/controllers/liquidateInvestor.ts","247","console.log","🎯 Estrategia 1.75: Búsqueda al inicio del nombre (para mancomunados)...","unresolved","unresolved","","","pending_semantic_review"
"56717ddef8f0bbd8c8633172c8ca2c85c248dfd7","apps/cartera-back/src/controllers/liquidateInvestor.ts","264","console.log","✅ Encontrados {expr} con búsqueda al inicio","unresolved","unresolved","","","pending_semantic_review"
"56717ddef8f0bbd8c8633172c8ca2c85c248dfd7","apps/cartera-back/src/controllers/liquidateInvestor.ts","270","console.log","✅ Usuario único encontrado: {expr}","unresolved","unresolved","","","pending_semantic_review"
"56717ddef8f0bbd8c8633172c8ca2c85c248dfd7","apps/cartera-back/src/controllers/liquidateInvestor.ts","306","console.log","📊 Usuarios ordenados por score:","unresolved","unresolved","","","pending_semantic_review"
"56717ddef8f0bbd8c8633172c8ca2c85c248dfd7","apps/cartera-back/src/controllers/liquidateInvestor.ts","308","console.log","{expr}. {expr} (score: {expr})","unresolved","unresolved","","","pending_semantic_review"
"56717ddef8f0bbd8c8633172c8ca2c85c248dfd7","apps/cartera-back/src/controllers/liquidateInvestor.ts","315","console.log","✅ Usuario con mejor score: {expr}","unresolved","unresolved","","","pending_semantic_review"
"56717ddef8f0bbd8c8633172c8ca2c85c248dfd7","apps/cartera-back/src/controllers/liquidateInvestor.ts","333","console.log","🎯 Estrategia 2: Búsqueda con LIKE (contiene)...","unresolved","unresolved","","","pending_semantic_review"
"56717ddef8f0bbd8c8633172c8ca2c85c248dfd7","apps/cartera-back/src/controllers/liquidateInvestor.ts","342","console.log","✅ Encontrados {expr} con LIKE","unresolved","unresolved","","","pending_semantic_review"
"56717ddef8f0bbd8c8633172c8ca2c85c248dfd7","apps/cartera-back/src/controllers/liquidateInvestor.ts","381","console.log","📊 Usuarios ordenados por score:","unresolved","unresolved","","","pending_semantic_review"
"56717ddef8f0bbd8c8633172c8ca2c85c248dfd7","apps/cartera-back/src/controllers/liquidateInvestor.ts","383","console.log","{expr}. {expr} (score: {expr})","unresolved","unresolved","","","pending_semantic_review"
"56717ddef8f0bbd8c8633172c8ca2c85c248dfd7","apps/cartera-back/src/controllers/liquidateInvestor.ts","389","console.log","✅ Usuario con mejor score ({expr}): {expr}","unresolved","unresolved","","","pending_semantic_review"
"56717ddef8f0bbd8c8633172c8ca2c85c248dfd7","apps/cartera-back/src/controllers/liquidateInvestor.ts","406","console.log","🎯 Estrategia 3: Búsqueda por partes del nombre...","unresolved","unresolved","","","pending_semantic_review"
"56717ddef8f0bbd8c8633172c8ca2c85c248dfd7","apps/cartera-back/src/controllers/liquidateInvestor.ts","413","console.log","🔍 Buscando con: ""{expr}"" Y ""{expr}""","unresolved","unresolved","","","pending_semantic_review"
"56717ddef8f0bbd8c8633172c8ca2c85c248dfd7","apps/cartera-back/src/controllers/liquidateInvestor.ts","426","console.log","✅ Encontrados {expr} con búsqueda por partes","unresolved","unresolved","","","pending_semantic_review"
"56717ddef8f0bbd8c8633172c8ca2c85c248dfd7","apps/cartera-back/src/controllers/liquidateInvestor.ts","434","console.log","🎯 Estrategia 4: Búsqueda con similitud...","unresolved","unresolved","","","pending_semantic_review"
"56717ddef8f0bbd8c8633172c8ca2c85c248dfd7","apps/cartera-back/src/controllers/liquidateInvestor.ts","447","console.log","✅ Encontrados {expr} con similitud","unresolved","unresolved","","","pending_semantic_review"
"56717ddef8f0bbd8c8633172c8ca2c85c248dfd7","apps/cartera-back/src/controllers/liquidateInvestor.ts","451","console.log","{expr}. {expr}","unresolved","unresolved","","","pending_semantic_review"
"56717ddef8f0bbd8c8633172c8ca2c85c248dfd7","apps/cartera-back/src/controllers/liquidateInvestor.ts","456","console.log","⚠️ Extensión pg_trgm no disponible, saltando...","unresolved","unresolved","","","pending_semantic_review"
"56717ddef8f0bbd8c8633172c8ca2c85c248dfd7","apps/cartera-back/src/controllers/liquidateInvestor.ts","460","console.log","🎯 Estrategia 5: Búsqueda con cualquier palabra...","unresolved","unresolved","","","pending_semantic_review"
"56717ddef8f0bbd8c8633172c8ca2c85c248dfd7","apps/cartera-back/src/controllers/liquidateInvestor.ts","464","console.log","🔍 Probando con: ""{expr}""","unresolved","unresolved","","","pending_semantic_review"
"56717ddef8f0bbd8c8633172c8ca2c85c248dfd7","apps/cartera-back/src/controllers/liquidateInvestor.ts","471","console.log","✅ Encontrados {expr} con palabra ""{expr}""","unresolved","unresolved","","","pending_semantic_review"
"56717ddef8f0bbd8c8633172c8ca2c85c248dfd7","apps/cartera-back/src/controllers/liquidateInvestor.ts","478","console.log","❌ No se encontró ningún usuario","unresolved","unresolved","","","pending_semantic_review"
"56717ddef8f0bbd8c8633172c8ca2c85c248dfd7","apps/cartera-back/src/controllers/liquidateInvestor.ts","484","console.log","🔍 ========== BÚSQUEDA PERMISIVA DE INVERSIONISTA ==========","unresolved","unresolved","","","pending_semantic_review"
"56717ddef8f0bbd8c8633172c8ca2c85c248dfd7","apps/cartera-back/src/controllers/liquidateInvestor.ts","485","console.log","📝 Buscando: ""{expr}""","unresolved","unresolved","","","pending_semantic_review"
"56717ddef8f0bbd8c8633172c8ca2c85c248dfd7","apps/cartera-back/src/controllers/liquidateInvestor.ts","498","console.log","🧹 Nombre limpio: ""{expr}""","unresolved","unresolved","","","pending_semantic_review"
"56717ddef8f0bbd8c8633172c8ca2c85c248dfd7","apps/cartera-back/src/controllers/liquidateInvestor.ts","501","console.log","🎯 Estrategia 1: Búsqueda exacta...","unresolved","unresolved","","","pending_semantic_review"
"56717ddef8f0bbd8c8633172c8ca2c85c248dfd7","apps/cartera-back/src/controllers/liquidateInvestor.ts","508","console.log","✅ Encontrados {expr} con búsqueda exacta","unresolved","unresolved","","","pending_semantic_review"
"56717ddef8f0bbd8c8633172c8ca2c85c248dfd7","apps/cartera-back/src/controllers/liquidateInvestor.ts","515","console.log","🎯 Estrategia 1.5: Búsqueda exacta sin tildes...","unresolved","unresolved","","","pending_semantic_review"
"56717ddef8f0bbd8c8633172c8ca2c85c248dfd7","apps/cartera-back/src/controllers/liquidateInvestor.ts","530","console.log","✅ Encontrados {expr} con búsqueda exacta sin tildes","unresolved","unresolved","","","pending_semantic_review"
"56717ddef8f0bbd8c8633172c8ca2c85c248dfd7","apps/cartera-back/src/controllers/liquidateInvestor.ts","537","console.log","🎯 Estrategia 2: Búsqueda con LIKE (contiene)...","unresolved","unresolved","","","pending_semantic_review"
"56717ddef8f0bbd8c8633172c8ca2c85c248dfd7","apps/cartera-back/src/controllers/liquidateInvestor.ts","546","console.log","✅ Encontrados {expr} con LIKE","unresolved","unresolved","","","pending_semantic_review"
"56717ddef8f0bbd8c8633172c8ca2c85c248dfd7","apps/cartera-back/src/controllers/liquidateInvestor.ts","581","console.log","📊 Inversionistas ordenados por score:","unresolved","unresolved","","","pending_semantic_review"
"56717ddef8f0bbd8c8633172c8ca2c85c248dfd7","apps/cartera-back/src/controllers/liquidateInvestor.ts","583","console.log","{expr}. {expr} (score: {expr})","unresolved","unresolved","","","pending_semantic_review"
"56717ddef8f0bbd8c8633172c8ca2c85c248dfd7","apps/cartera-back/src/controllers/liquidateInvestor.ts","589","console.log","✅ Inversionista con mejor score: {expr}","unresolved","unresolved","","","pending_semantic_review"
"56717ddef8f0bbd8c8633172c8ca2c85c248dfd7","apps/cartera-back/src/controllers/liquidateInvestor.ts","602","console.log","🎯 Estrategia 3: Búsqueda por partes del nombre...","unresolved","unresolved","","","pending_semantic_review"
"56717ddef8f0bbd8c8633172c8ca2c85c248dfd7","apps/cartera-back/src/controllers/liquidateInvestor.ts","609","console.log","🔍 Buscando con: ""{expr}"" Y ""{expr}""","unresolved","unresolved","","","pending_semantic_review"
"56717ddef8f0bbd8c8633172c8ca2c85c248dfd7","apps/cartera-back/src/controllers/liquidateInvestor.ts","622","console.log","✅ Encontrados {expr} con búsqueda por partes","unresolved","unresolved","","","pending_semantic_review"
"56717ddef8f0bbd8c8633172c8ca2c85c248dfd7","apps/cartera-back/src/controllers/liquidateInvestor.ts","629","console.log","❌ No se encontró ningún inversionista","unresolved","unresolved","","","pending_semantic_review"
"56717ddef8f0bbd8c8633172c8ca2c85c248dfd7","apps/cartera-back/src/controllers/liquidateInvestor.ts","737","console.log","💾 ========== LOG DE RELACIONES FALLIDAS ==========","unresolved","unresolved","","","pending_semantic_review"
"56717ddef8f0bbd8c8633172c8ca2c85c248dfd7","apps/cartera-back/src/controllers/liquidateInvestor.ts","738","console.log","Archivo: {expr}","unresolved","unresolved","","","pending_semantic_review"
"56717ddef8f0bbd8c8633172c8ca2c85c248dfd7","apps/cartera-back/src/controllers/liquidateInvestor.ts","739","console.log","Total créditos fallidos: {expr}","unresolved","unresolved","","","pending_semantic_review"
"56717ddef8f0bbd8c8633172c8ca2c85c248dfd7","apps/cartera-back/src/controllers/liquidateInvestor.ts","740","console.log","================================================","unresolved","unresolved","","","pending_semantic_review"
"56717ddef8f0bbd8c8633172c8ca2c85c248dfd7","apps/cartera-back/src/controllers/liquidateInvestor.ts","744","console.error","❌ Error guardando log de relaciones fallidas:","unresolved","unresolved","","","pending_semantic_review"
"56717ddef8f0bbd8c8633172c8ca2c85c248dfd7","apps/cartera-back/src/controllers/liquidateInvestor.ts","765","console.log","🔥 ========== INICIANDO LIQUIDACIÓN POR CRÉDITO ==========","unresolved","unresolved","","","pending_semantic_review"
"56717ddef8f0bbd8c8633172c8ca2c85c248dfd7","apps/cartera-back/src/controllers/liquidateInvestor.ts","766","console.log","🔧 MODO CREAR RELACIONES: {expr}","unresolved","unresolved","","","pending_semantic_review"
"56717ddef8f0bbd8c8633172c8ca2c85c248dfd7","apps/cartera-back/src/controllers/liquidateInvestor.ts","769","console.log","📝 Input:","unresolved","unresolved","","","pending_semantic_review"
"56717ddef8f0bbd8c8633172c8ca2c85c248dfd7","apps/cartera-back/src/controllers/liquidateInvestor.ts","774","console.error","<dynamic>","unresolved","unresolved","","","pending_semantic_review"
"56717ddef8f0bbd8c8633172c8ca2c85c248dfd7","apps/cartera-back/src/controllers/liquidateInvestor.ts","780","console.error","<dynamic>","unresolved","unresolved","","","pending_semantic_review"
"56717ddef8f0bbd8c8633172c8ca2c85c248dfd7","apps/cartera-back/src/controllers/liquidateInvestor.ts","790","console.error","<dynamic>","unresolved","unresolved","","","pending_semantic_review"
"56717ddef8f0bbd8c8633172c8ca2c85c248dfd7","apps/cartera-back/src/controllers/liquidateInvestor.ts","796","console.error","<dynamic>","unresolved","unresolved","","","pending_semantic_review"
"56717ddef8f0bbd8c8633172c8ca2c85c248dfd7","apps/cartera-back/src/controllers/liquidateInvestor.ts","806","console.error","<dynamic>","unresolved","unresolved","","","pending_semantic_review"
"56717ddef8f0bbd8c8633172c8ca2c85c248dfd7","apps/cartera-back/src/controllers/liquidateInvestor.ts","816","console.log","💰 Capital total: {expr}","unresolved","unresolved","","","pending_semantic_review"
"56717ddef8f0bbd8c8633172c8ca2c85c248dfd7","apps/cartera-back/src/controllers/liquidateInvestor.ts","817","console.log","🆔 Crédito ID: {expr}","unresolved","unresolved","","","pending_semantic_review"
"56717ddef8f0bbd8c8633172c8ca2c85c248dfd7","apps/cartera-back/src/controllers/liquidateInvestor.ts","818","console.log","👤 Inversionista ID: {expr}","unresolved","unresolved","","","pending_semantic_review"
"56717ddef8f0bbd8c8633172c8ca2c85c248dfd7","apps/cartera-back/src/controllers/liquidateInvestor.ts","825","console.log","📊 % Inversor: {expr}%","unresolved","unresolved","","","pending_semantic_review"
"56717ddef8f0bbd8c8633172c8ca2c85c248dfd7","apps/cartera-back/src/controllers/liquidateInvestor.ts","831","console.log","🔍 Buscando crédito por ID: {expr}...","unresolved","unresolved","","","pending_semantic_review"
"56717ddef8f0bbd8c8633172c8ca2c85c248dfd7","apps/cartera-back/src/controllers/liquidateInvestor.ts","841","console.error","<dynamic>","unresolved","unresolved","","","pending_semantic_review"
"56717ddef8f0bbd8c8633172c8ca2c85c248dfd7","apps/cartera-back/src/controllers/liquidateInvestor.ts","850","console.log","✅ Crédito encontrado: {expr}","unresolved","unresolved","","","pending_semantic_review"
"56717ddef8f0bbd8c8633172c8ca2c85c248dfd7","apps/cartera-back/src/controllers/liquidateInvestor.ts","855","console.log","🔍 Buscando inversionista por ID: {expr}...","unresolved","unresolved","","","pending_semantic_review"
"56717ddef8f0bbd8c8633172c8ca2c85c248dfd7","apps/cartera-back/src/controllers/liquidateInvestor.ts","867","console.error","<dynamic>","unresolved","unresolved","","","pending_semantic_review"
"56717ddef8f0bbd8c8633172c8ca2c85c248dfd7","apps/cartera-back/src/controllers/liquidateInvestor.ts","876","console.log","✅ Inversionista encontrado: {expr}","unresolved","unresolved","","","pending_semantic_review"
"56717ddef8f0bbd8c8633172c8ca2c85c248dfd7","apps/cartera-back/src/controllers/liquidateInvestor.ts","881","console.log","🔄 ========== RESETEANDO CUOTAS ==========","unresolved","unresolved","","","pending_semantic_review"
"56717ddef8f0bbd8c8633172c8ca2c85c248dfd7","apps/cartera-back/src/controllers/liquidateInvestor.ts","892","console.log","✅ {expr} cuotas reseteadas","unresolved","unresolved","","","pending_semantic_review"
"56717ddef8f0bbd8c8633172c8ca2c85c248dfd7","apps/cartera-back/src/controllers/liquidateInvestor.ts","900","console.log","📅 ========== RANGO CALCULADO ==========","unresolved","unresolved","","","pending_semantic_review"
"56717ddef8f0bbd8c8633172c8ca2c85c248dfd7","apps/cartera-back/src/controllers/liquidateInvestor.ts","901","console.log","Normalizado: ""{expr}""","unresolved","unresolved","","","pending_semantic_review"
"56717ddef8f0bbd8c8633172c8ca2c85c248dfd7","apps/cartera-back/src/controllers/liquidateInvestor.ts","902","console.log","Mes descriptivo: {expr}","unresolved","unresolved","","","pending_semantic_review"
"56717ddef8f0bbd8c8633172c8ca2c85c248dfd7","apps/cartera-back/src/controllers/liquidateInvestor.ts","903","console.log","Rango: {expr} - {expr}","unresolved","unresolved","","","pending_semantic_review"
"56717ddef8f0bbd8c8633172c8ca2c85c248dfd7","apps/cartera-back/src/controllers/liquidateInvestor.ts","904","console.log","========================================","unresolved","unresolved","","","pending_semantic_review"
"56717ddef8f0bbd8c8633172c8ca2c85c248dfd7","apps/cartera-back/src/controllers/liquidateInvestor.ts","907","console.error","<dynamic>","unresolved","unresolved","","","pending_semantic_review"
"56717ddef8f0bbd8c8633172c8ca2c85c248dfd7","apps/cartera-back/src/controllers/liquidateInvestor.ts","918","console.log","🔍 BUSCANDO cuota que vence en {expr}...","unresolved","unresolved","","","pending_semantic_review"
"56717ddef8f0bbd8c8633172c8ca2c85c248dfd7","apps/cartera-back/src/controllers/liquidateInvestor.ts","933","console.log","📊 Cuotas encontradas: {expr}","unresolved","unresolved","","","pending_semantic_review"
"56717ddef8f0bbd8c8633172c8ca2c85c248dfd7","apps/cartera-back/src/controllers/liquidateInvestor.ts","939","console.log","⚠️ No hay cuota que venza en {expr}","unresolved","unresolved","","","pending_semantic_review"
"56717ddef8f0bbd8c8633172c8ca2c85c248dfd7","apps/cartera-back/src/controllers/liquidateInvestor.ts","944","console.log","✅ CUOTA SELECCIONADA: #{expr}","unresolved","unresolved","","","pending_semantic_review"
"56717ddef8f0bbd8c8633172c8ca2c85c248dfd7","apps/cartera-back/src/controllers/liquidateInvestor.ts","945","console.log","Vence: {expr}","unresolved","unresolved","","","pending_semantic_review"
"56717ddef8f0bbd8c8633172c8ca2c85c248dfd7","apps/cartera-back/src/controllers/liquidateInvestor.ts","965","console.log","✅ {expr} cuotas liquidadas","unresolved","unresolved","","","pending_semantic_review"
"56717ddef8f0bbd8c8633172c8ca2c85c248dfd7","apps/cartera-back/src/controllers/liquidateInvestor.ts","971","console.log","👥 ========== BUSCANDO RELACIÓN INVERSIONISTA ==========","unresolved","unresolved","","","pending_semantic_review"
"56717ddef8f0bbd8c8633172c8ca2c85c248dfd7","apps/cartera-back/src/controllers/liquidateInvestor.ts","991","console.log","❌ Relación no existe","unresolved","unresolved","","","pending_semantic_review"
"56717ddef8f0bbd8c8633172c8ca2c85c248dfd7","apps/cartera-back/src/controllers/liquidateInvestor.ts","994","console.log","🔥 ========== CREANDO RELACIÓN ==========","unresolved","unresolved","","","pending_semantic_review"
"56717ddef8f0bbd8c8633172c8ca2c85c248dfd7","apps/cartera-back/src/controllers/liquidateInvestor.ts","1001","console.log","🔍 BUSCANDO INVERSIONISTA CON MAYOR MONTO APORTADO EN EL CRÉDITO:","unresolved","unresolved","","","pending_semantic_review"
"56717ddef8f0bbd8c8633172c8ca2c85c248dfd7","apps/cartera-back/src/controllers/liquidateInvestor.ts","1025","console.log","📋 Inversionistas encontrados:","unresolved","unresolved","","","pending_semantic_review"
"56717ddef8f0bbd8c8633172c8ca2c85c248dfd7","apps/cartera-back/src/controllers/liquidateInvestor.ts","1027","console.log","[{expr}] ID {expr}: Q{expr}","unresolved","unresolved","","","pending_semantic_review"
"56717ddef8f0bbd8c8633172c8ca2c85c248dfd7","apps/cartera-back/src/controllers/liquidateInvestor.ts","1036","console.log","🏆 Mayor encontrado: ID {expr} con Q{expr}","unresolved","unresolved","","","pending_semantic_review"
"56717ddef8f0bbd8c8633172c8ca2c85c248dfd7","apps/cartera-back/src/controllers/liquidateInvestor.ts","1043","console.log","¿Es este inversionista el mayor? {expr}","unresolved","unresolved","","","pending_semantic_review"
"56717ddef8f0bbd8c8633172c8ca2c85c248dfd7","apps/cartera-back/src/controllers/liquidateInvestor.ts","1048","console.log","💳 CÁLCULO DE CUOTA DEL INVERSIONISTA:","unresolved","unresolved","","","pending_semantic_review"
"56717ddef8f0bbd8c8633172c8ca2c85c248dfd7","apps/cartera-back/src/controllers/liquidateInvestor.ts","1054","console.log","Cuota Total: Q{expr}","unresolved","unresolved","","","pending_semantic_review"
"56717ddef8f0bbd8c8633172c8ca2c85c248dfd7","apps/cartera-back/src/controllers/liquidateInvestor.ts","1055","console.log","- Seguro: Q{expr}","unresolved","unresolved","","","pending_semantic_review"
"56717ddef8f0bbd8c8633172c8ca2c85c248dfd7","apps/cartera-back/src/controllers/liquidateInvestor.ts","1056","console.log","- Membresía: Q{expr}","unresolved","unresolved","","","pending_semantic_review"
"56717ddef8f0bbd8c8633172c8ca2c85c248dfd7","apps/cartera-back/src/controllers/liquidateInvestor.ts","1062","console.log","📐 PARTICIPACIÓN:","unresolved","unresolved","","","pending_semantic_review"
"56717ddef8f0bbd8c8633172c8ca2c85c248dfd7","apps/cartera-back/src/controllers/liquidateInvestor.ts","1063","console.log","💰 Capital total crédito: Q{expr}","unresolved","unresolved","","","pending_semantic_review"
"56717ddef8f0bbd8c8633172c8ca2c85c248dfd7","apps/cartera-back/src/controllers/liquidateInvestor.ts","1064","console.log","💰 Capital aportado: Q{expr}","unresolved","unresolved","","","pending_semantic_review"
"56717ddef8f0bbd8c8633172c8ca2c85c248dfd7","apps/cartera-back/src/controllers/liquidateInvestor.ts","1065","console.log","📊 % Participación: {expr}%","unresolved","unresolved","","","pending_semantic_review"
"56717ddef8f0bbd8c8633172c8ca2c85c248dfd7","apps/cartera-back/src/controllers/liquidateInvestor.ts","1068","console.log","Fórmula: ({expr} / {expr}) * 100","unresolved","unresolved","","","pending_semantic_review"
"56717ddef8f0bbd8c8633172c8ca2c85c248dfd7","apps/cartera-back/src/controllers/liquidateInvestor.ts","1075","console.log","🔢 PASO 1: RESTAR CARGOS","unresolved","unresolved","","","pending_semantic_review"
"56717ddef8f0bbd8c8633172c8ca2c85c248dfd7","apps/cartera-back/src/controllers/liquidateInvestor.ts","1076","console.log","Cuota sin cargos: Q{expr}","unresolved","unresolved","","","pending_semantic_review"
"56717ddef8f0bbd8c8633172c8ca2c85c248dfd7","apps/cartera-back/src/controllers/liquidateInvestor.ts","1077","console.log","Fórmula: {expr} - {expr} - {expr}","unresolved","unresolved","","","pending_semantic_review"
"56717ddef8f0bbd8c8633172c8ca2c85c248dfd7","apps/cartera-back/src/controllers/liquidateInvestor.ts","1086","console.log","🔢 PASO 2: MULTIPLICAR POR PORCENTAJE","unresolved","unresolved","","","pending_semantic_review"
"56717ddef8f0bbd8c8633172c8ca2c85c248dfd7","apps/cartera-back/src/controllers/liquidateInvestor.ts","1087","console.log","Cuota Base: Q{expr}","unresolved","unresolved","","","pending_semantic_review"
"56717ddef8f0bbd8c8633172c8ca2c85c248dfd7","apps/cartera-back/src/controllers/liquidateInvestor.ts","1088","console.log","Fórmula: {expr} * ({expr}% / 100)","unresolved","unresolved","","","pending_semantic_review"
"56717ddef8f0bbd8c8633172c8ca2c85c248dfd7","apps/cartera-back/src/controllers/liquidateInvestor.ts","1095","console.log","🎯 PASO 3: CALCULAR CUOTA FINAL","unresolved","unresolved","","","pending_semantic_review"
"56717ddef8f0bbd8c8633172c8ca2c85c248dfd7","apps/cartera-back/src/controllers/liquidateInvestor.ts","1098","console.log","🏆 ESTE ES EL INVERSIONISTA MAYOR","unresolved","unresolved","","","pending_semantic_review"
"56717ddef8f0bbd8c8633172c8ca2c85c248dfd7","apps/cartera-back/src/controllers/liquidateInvestor.ts","1099","console.log","Cuota Base: Q{expr}","unresolved","unresolved","","","pending_semantic_review"
"56717ddef8f0bbd8c8633172c8ca2c85c248dfd7","apps/cartera-back/src/controllers/liquidateInvestor.ts","1100","console.log","+ Seguro: Q{expr}","unresolved","unresolved","","","pending_semantic_review"
"56717ddef8f0bbd8c8633172c8ca2c85c248dfd7","apps/cartera-back/src/controllers/liquidateInvestor.ts","1101","console.log","+ Membresía: Q{expr}","unresolved","unresolved","","","pending_semantic_review"
"56717ddef8f0bbd8c8633172c8ca2c85c248dfd7","apps/cartera-back/src/controllers/liquidateInvestor.ts","1105","console.log","= Cuota Final: Q{expr}","unresolved","unresolved","","","pending_semantic_review"
"56717ddef8f0bbd8c8633172c8ca2c85c248dfd7","apps/cartera-back/src/controllers/liquidateInvestor.ts","1106","console.log","Fórmula: {expr} + {expr} + {expr}","unresolved","unresolved","","","pending_semantic_review"
"56717ddef8f0bbd8c8633172c8ca2c85c248dfd7","apps/cartera-back/src/controllers/liquidateInvestor.ts","1110","console.log","📍 Inversionista normal (no es el mayor)","unresolved","unresolved","","","pending_semantic_review"
"56717ddef8f0bbd8c8633172c8ca2c85c248dfd7","apps/cartera-back/src/controllers/liquidateInvestor.ts","1111","console.log","Cuota Final = Cuota Base: Q{expr}","unresolved","unresolved","","","pending_semantic_review"
"56717ddef8f0bbd8c8633172c8ca2c85c248dfd7","apps/cartera-back/src/controllers/liquidateInvestor.ts","1114","console.log","(No se suman cargos)","unresolved","unresolved","","","pending_semantic_review"
"56717ddef8f0bbd8c8633172c8ca2c85c248dfd7","apps/cartera-back/src/controllers/liquidateInvestor.ts","1117","console.log","💹 CÁLCULO DE INTERESES:","unresolved","unresolved","","","pending_semantic_review"
"56717ddef8f0bbd8c8633172c8ca2c85c248dfd7","apps/cartera-back/src/controllers/liquidateInvestor.ts","1118","console.log","Tasa de Interés: {expr}%","unresolved","unresolved","","","pending_semantic_review"
"56717ddef8f0bbd8c8633172c8ca2c85c248dfd7","apps/cartera-back/src/controllers/liquidateInvestor.ts","1121","console.log","Capital Aportado: Q{expr}","unresolved","unresolved","","","pending_semantic_review"
"56717ddef8f0bbd8c8633172c8ca2c85c248dfd7","apps/cartera-back/src/controllers/liquidateInvestor.ts","1125","console.log","Interés Calculado: Q{expr}","unresolved","unresolved","","","pending_semantic_review"
"56717ddef8f0bbd8c8633172c8ca2c85c248dfd7","apps/cartera-back/src/controllers/liquidateInvestor.ts","1126","console.log","Fórmula: {expr} * {expr}","unresolved","unresolved","","","pending_semantic_review"
"56717ddef8f0bbd8c8633172c8ca2c85c248dfd7","apps/cartera-back/src/controllers/liquidateInvestor.ts","1134","console.log","📊 DISTRIBUCIÓN DE INTERÉS:","unresolved","unresolved","","","pending_semantic_review"
"56717ddef8f0bbd8c8633172c8ca2c85c248dfd7","apps/cartera-back/src/controllers/liquidateInvestor.ts","1142","console.log","✅ % Inversor (del Excel): {expr}%","unresolved","unresolved","","","pending_semantic_review"
"56717ddef8f0bbd8c8633172c8ca2c85c248dfd7","apps/cartera-back/src/controllers/liquidateInvestor.ts","1145","console.log","✅ % Cash-In (calculado): {expr}%","unresolved","unresolved","","","pending_semantic_review"
"56717ddef8f0bbd8c8633172c8ca2c85c248dfd7","apps/cartera-back/src/controllers/liquidateInvestor.ts","1150","console.log","📌 % Inversor (default): {expr}%","unresolved","unresolved","","","pending_semantic_review"
"56717ddef8f0bbd8c8633172c8ca2c85c248dfd7","apps/cartera-back/src/controllers/liquidateInvestor.ts","1153","console.log","📌 % Cash-In (default): {expr}%","unresolved","unresolved","","","pending_semantic_review"
"56717ddef8f0bbd8c8633172c8ca2c85c248dfd7","apps/cartera-back/src/controllers/liquidateInvestor.ts","1166","console.log","Monto Inversionista: Q{expr}","unresolved","unresolved","","","pending_semantic_review"
"56717ddef8f0bbd8c8633172c8ca2c85c248dfd7","apps/cartera-back/src/controllers/liquidateInvestor.ts","1167","console.log","Fórmula: {expr} * ({expr}% / 100)","unresolved","unresolved","","","pending_semantic_review"
"56717ddef8f0bbd8c8633172c8ca2c85c248dfd7","apps/cartera-back/src/controllers/liquidateInvestor.ts","1170","console.log","Monto Cash-In: Q{expr}","unresolved","unresolved","","","pending_semantic_review"
"56717ddef8f0bbd8c8633172c8ca2c85c248dfd7","apps/cartera-back/src/controllers/liquidateInvestor.ts","1171","console.log","Fórmula: {expr} * ({expr}% / 100)","unresolved","unresolved","","","pending_semantic_review"
"56717ddef8f0bbd8c8633172c8ca2c85c248dfd7","apps/cartera-back/src/controllers/liquidateInvestor.ts","1180","console.log","🧾 CÁLCULO DE IVA (12%):","unresolved","unresolved","","","pending_semantic_review"
"56717ddef8f0bbd8c8633172c8ca2c85c248dfd7","apps/cartera-back/src/controllers/liquidateInvestor.ts","1181","console.log","IVA Inversionista: Q{expr}","unresolved","unresolved","","","pending_semantic_review"
"56717ddef8f0bbd8c8633172c8ca2c85c248dfd7","apps/cartera-back/src/controllers/liquidateInvestor.ts","1182","console.log","Fórmula: {expr} * 0.12","unresolved","unresolved","","","pending_semantic_review"
"56717ddef8f0bbd8c8633172c8ca2c85c248dfd7","apps/cartera-back/src/controllers/liquidateInvestor.ts","1183","console.log","IVA Cash-In: Q{expr}","unresolved","unresolved","","","pending_semantic_review"
"56717ddef8f0bbd8c8633172c8ca2c85c248dfd7","apps/cartera-back/src/controllers/liquidateInvestor.ts","1184","console.log","Fórmula: {expr} * 0.12","unresolved","unresolved","","","pending_semantic_review"
"56717ddef8f0bbd8c8633172c8ca2c85c248dfd7","apps/cartera-back/src/controllers/liquidateInvestor.ts","1186","console.log","✅ RESUMEN FINAL ANTES DE INSERTAR:","unresolved","unresolved","","","pending_semantic_review"
"56717ddef8f0bbd8c8633172c8ca2c85c248dfd7","apps/cartera-back/src/controllers/liquidateInvestor.ts","1187","console.log","- Cuota Inversionista: Q{expr}","unresolved","unresolved","","","pending_semantic_review"
"56717ddef8f0bbd8c8633172c8ca2c85c248dfd7","apps/cartera-back/src/controllers/liquidateInvestor.ts","1190","console.log","- Monto Inversionista: Q{expr}","unresolved","unresolved","","","pending_semantic_review"
"56717ddef8f0bbd8c8633172c8ca2c85c248dfd7","apps/cartera-back/src/controllers/liquidateInvestor.ts","1191","console.log","- IVA Inversionista: Q{expr}","unresolved","unresolved","","","pending_semantic_review"
"56717ddef8f0bbd8c8633172c8ca2c85c248dfd7","apps/cartera-back/src/controllers/liquidateInvestor.ts","1192","console.log","- Monto Cash-In: Q{expr}","unresolved","unresolved","","","pending_semantic_review"
"56717ddef8f0bbd8c8633172c8ca2c85c248dfd7","apps/cartera-back/src/controllers/liquidateInvestor.ts","1193","console.log","- IVA Cash-In: Q{expr}","unresolved","unresolved","","","pending_semantic_review"
"56717ddef8f0bbd8c8633172c8ca2c85c248dfd7","apps/cartera-back/src/controllers/liquidateInvestor.ts","1194","console.log","- % Participación: {expr}%","unresolved","unresolved","","","pending_semantic_review"
"56717ddef8f0bbd8c8633172c8ca2c85c248dfd7","apps/cartera-back/src/controllers/liquidateInvestor.ts","1213","console.log","✅ Relación credito-inversionista creada exitosamente","unresolved","unresolved","","","pending_semantic_review"
"56717ddef8f0bbd8c8633172c8ca2c85c248dfd7","apps/cartera-back/src/controllers/liquidateInvestor.ts","1214","console.log","{expr}","unresolved","unresolved","","","pending_semantic_review"
"56717ddef8f0bbd8c8633172c8ca2c85c248dfd7","apps/cartera-back/src/controllers/liquidateInvestor.ts","1216","console.log","✅ RELACIÓN CREADA","unresolved","unresolved","","","pending_semantic_review"
"56717ddef8f0bbd8c8633172c8ca2c85c248dfd7","apps/cartera-back/src/controllers/liquidateInvestor.ts","1220","console.log","❌ Modo crear relaciones DESACTIVADO","unresolved","unresolved","","","pending_semantic_review"
"56717ddef8f0bbd8c8633172c8ca2c85c248dfd7","apps/cartera-back/src/controllers/liquidateInvestor.ts","1231","console.log","✅ RELACIÓN ENCONTRADA","unresolved","unresolved","","","pending_semantic_review"
"56717ddef8f0bbd8c8633172c8ca2c85c248dfd7","apps/cartera-back/src/controllers/liquidateInvestor.ts","1232","console.log","Monto aportado ANTERIOR: {expr}","unresolved","unresolved","","","pending_semantic_review"
"56717ddef8f0bbd8c8633172c8ca2c85c248dfd7","apps/cartera-back/src/controllers/liquidateInvestor.ts","1237","console.log","🧮 ========== RECALCULANDO MONTOS ==========","unresolved","unresolved","","","pending_semantic_review"
"56717ddef8f0bbd8c8633172c8ca2c85c248dfd7","apps/cartera-back/src/controllers/liquidateInvestor.ts","1246","console.log","💰 NUEVO Monto aportado: {expr}","unresolved","unresolved","","","pending_semantic_review"
"56717ddef8f0bbd8c8633172c8ca2c85c248dfd7","apps/cartera-back/src/controllers/liquidateInvestor.ts","1247","console.log","📊 % Participación: {expr}%","unresolved","unresolved","","","pending_semantic_review"
"56717ddef8f0bbd8c8633172c8ca2c85c248dfd7","apps/cartera-back/src/controllers/liquidateInvestor.ts","1250","console.log","💵 NUEVA Cuota inversionista: {expr}","unresolved","unresolved","","","pending_semantic_review"
"56717ddef8f0bbd8c8633172c8ca2c85c248dfd7","apps/cartera-back/src/controllers/liquidateInvestor.ts","1264","console.log","📊 % Inversor (del Excel): {expr}%","unresolved","unresolved","","","pending_semantic_review"
"56717ddef8f0bbd8c8633172c8ca2c85c248dfd7","apps/cartera-back/src/controllers/liquidateInvestor.ts","1267","console.log","📊 % Cash-In (calculado): {expr}%","unresolved","unresolved","","","pending_semantic_review"
"56717ddef8f0bbd8c8633172c8ca2c85c248dfd7","apps/cartera-back/src/controllers/liquidateInvestor.ts","1275","console.log","📊 % Inversor (de BD): {expr}%","unresolved","unresolved","","","pending_semantic_review"
"56717ddef8f0bbd8c8633172c8ca2c85c248dfd7","apps/cartera-back/src/controllers/liquidateInvestor.ts","1278","console.log","📊 % Cash-In (de BD): {expr}%","unresolved","unresolved","","","pending_semantic_review"
"56717ddef8f0bbd8c8633172c8ca2c85c248dfd7","apps/cartera-back/src/controllers/liquidateInvestor.ts","1303","console.log","💵 Monto inversionista: {expr}","unresolved","unresolved","","","pending_semantic_review"
"56717ddef8f0bbd8c8633172c8ca2c85c248dfd7","apps/cartera-back/src/controllers/liquidateInvestor.ts","1304","console.log","💵 Monto cash_in: {expr}","unresolved","unresolved","","","pending_semantic_review"
"56717ddef8f0bbd8c8633172c8ca2c85c248dfd7","apps/cartera-back/src/controllers/liquidateInvestor.ts","1331","console.log","✅ RELACIÓN ACTUALIZADA","unresolved","unresolved","","","pending_semantic_review"
"56717ddef8f0bbd8c8633172c8ca2c85c248dfd7","apps/cartera-back/src/controllers/liquidateInvestor.ts","1338","console.log","🎉 ========== LIQUIDACIÓN COMPLETADA ==========","unresolved","unresolved","","","pending_semantic_review"
"56717ddef8f0bbd8c8633172c8ca2c85c248dfd7","apps/cartera-back/src/controllers/liquidateInvestor.ts","1339","console.log","✅ Crédito: {expr}","unresolved","unresolved","","","pending_semantic_review"
"56717ddef8f0bbd8c8633172c8ca2c85c248dfd7","apps/cartera-back/src/controllers/liquidateInvestor.ts","1340","console.log","✅ Inversionista: {expr}","unresolved","unresolved","","","pending_semantic_review"
"56717ddef8f0bbd8c8633172c8ca2c85c248dfd7","apps/cartera-back/src/controllers/liquidateInvestor.ts","1341","console.log","✅ Cuotas reseteadas: {expr}","unresolved","unresolved","","","pending_semantic_review"
"56717ddef8f0bbd8c8633172c8ca2c85c248dfd7","apps/cartera-back/src/controllers/liquidateInvestor.ts","1342","console.log","✅ Cuotas liquidadas: {expr}","unresolved","unresolved","","","pending_semantic_review"
"56717ddef8f0bbd8c8633172c8ca2c85c248dfd7","apps/cartera-back/src/controllers/liquidateInvestor.ts","1343","console.log","💰 Capital aplicado: {expr}","unresolved","unresolved","","","pending_semantic_review"
"56717ddef8f0bbd8c8633172c8ca2c85c248dfd7","apps/cartera-back/src/controllers/liquidateInvestor.ts","1344","console.log","🔥 Relación creada: {expr}","unresolved","unresolved","","","pending_semantic_review"
"56717ddef8f0bbd8c8633172c8ca2c85c248dfd7","apps/cartera-back/src/controllers/liquidateInvestor.ts","1368","console.error","❌ Error en liquidación por crédito:","unresolved","unresolved","","","pending_semantic_review"
"56717ddef8f0bbd8c8633172c8ca2c85c248dfd7","apps/cartera-back/src/controllers/liquidateInvestor.ts","1431","console.log","========== CREANDO BOLETA ==========","unresolved","unresolved","","","pending_semantic_review"
"56717ddef8f0bbd8c8633172c8ca2c85c248dfd7","apps/cartera-back/src/controllers/liquidateInvestor.ts","1432","console.log","Datos recibidos:","unresolved","unresolved","","","pending_semantic_review"
"56717ddef8f0bbd8c8633172c8ca2c85c248dfd7","apps/cartera-back/src/controllers/liquidateInvestor.ts","1458","console.log","Inversionista encontrado: {expr}","unresolved","unresolved","","","pending_semantic_review"
"56717ddef8f0bbd8c8633172c8ca2c85c248dfd7","apps/cartera-back/src/controllers/liquidateInvestor.ts","1485","console.log","Boleta creada: ID {expr}","unresolved","unresolved","","","pending_semantic_review"
"56717ddef8f0bbd8c8633172c8ca2c85c248dfd7","apps/cartera-back/src/controllers/liquidateInvestor.ts","1513","console.warn","⚠️ [Background] Boleta {expr} quedó PENDIENTE por devolución CUBE: {expr}","unresolved","unresolved","","","pending_semantic_review"
"56717ddef8f0bbd8c8633172c8ca2c85c248dfd7","apps/cartera-back/src/controllers/liquidateInvestor.ts","1518","console.error","❌ [Background] Error liquidando inversionista {expr} post-boleta:","unresolved","unresolved","","","pending_semantic_review"
"56717ddef8f0bbd8c8633172c8ca2c85c248dfd7","apps/cartera-back/src/controllers/liquidateInvestor.ts","1521","console.log","========== BOLETA CREADA, LIQUIDACION EN BACKGROUND ==========","unresolved","unresolved","","","pending_semantic_review"
"56717ddef8f0bbd8c8633172c8ca2c85c248dfd7","apps/cartera-back/src/controllers/liquidateInvestor.ts","1532","console.error","========== ERROR CREANDO BOLETA ==========","unresolved","unresolved","","","pending_semantic_review"
"56717ddef8f0bbd8c8633172c8ca2c85c248dfd7","apps/cartera-back/src/controllers/liquidateInvestor.ts","1533","console.error","<dynamic>","unresolved","unresolved","","","pending_semantic_review"
"56717ddef8f0bbd8c8633172c8ca2c85c248dfd7","apps/cartera-back/src/controllers/liquidateInvestor.ts","1546","console.log","🔍 Buscando boleta ID: {expr}","unresolved","unresolved","","","pending_semantic_review"
"56717ddef8f0bbd8c8633172c8ca2c85c248dfd7","apps/cartera-back/src/controllers/liquidateInvestor.ts","1568","console.log","✅ Boleta encontrada:","unresolved","unresolved","","","pending_semantic_review"
"56717ddef8f0bbd8c8633172c8ca2c85c248dfd7","apps/cartera-back/src/controllers/liquidateInvestor.ts","1571","console.error","❌ Error obteniendo boleta:","unresolved","unresolved","","","pending_semantic_review"
"56717ddef8f0bbd8c8633172c8ca2c85c248dfd7","apps/cartera-back/src/controllers/liquidateInvestor.ts","1586","console.log","📋 Listando boletas con filtros:","unresolved","unresolved","","","pending_semantic_review"
"56717ddef8f0bbd8c8633172c8ca2c85c248dfd7","apps/cartera-back/src/controllers/liquidateInvestor.ts","1623","console.log","✅ Boletas encontradas: {expr}","unresolved","unresolved","","","pending_semantic_review"
"56717ddef8f0bbd8c8633172c8ca2c85c248dfd7","apps/cartera-back/src/controllers/liquidateInvestor.ts","1626","console.error","❌ Error listando boletas:","unresolved","unresolved","","","pending_semantic_review"
"56717ddef8f0bbd8c8633172c8ca2c85c248dfd7","apps/cartera-back/src/controllers/liquidateInvestor.ts","1636","console.log","📋 Obteniendo boletas PENDIENTES{expr}","unresolved","unresolved","","","pending_semantic_review"
"56717ddef8f0bbd8c8633172c8ca2c85c248dfd7","apps/cartera-back/src/controllers/liquidateInvestor.ts","1645","console.error","❌ Error obteniendo boletas pendientes:","unresolved","unresolved","","","pending_semantic_review"
"56717ddef8f0bbd8c8633172c8ca2c85c248dfd7","apps/cartera-back/src/controllers/liquidateInvestor.ts","1655","console.log","📋 Obteniendo boletas para inversionista {expr}","unresolved","unresolved","","","pending_semantic_review"
"56717ddef8f0bbd8c8633172c8ca2c85c248dfd7","apps/cartera-back/src/controllers/liquidateInvestor.ts","1661","console.error","❌ Error obteniendo boletas por inversionista:","unresolved","unresolved","","","pending_semantic_review"
"56717ddef8f0bbd8c8633172c8ca2c85c248dfd7","apps/cartera-back/src/controllers/liquidateInvestor.ts","1671","console.log","✏️ Actualizando boleta {expr}:","unresolved","unresolved","","","pending_semantic_review"
"56717ddef8f0bbd8c8633172c8ca2c85c248dfd7","apps/cartera-back/src/controllers/liquidateInvestor.ts","1697","console.log","✅ Boleta actualizada:","unresolved","unresolved","","","pending_semantic_review"
"56717ddef8f0bbd8c8633172c8ca2c85c248dfd7","apps/cartera-back/src/controllers/liquidateInvestor.ts","1700","console.error","❌ Error actualizando boleta:","unresolved","unresolved","","","pending_semantic_review"
"56717ddef8f0bbd8c8633172c8ca2c85c248dfd7","apps/cartera-back/src/controllers/liquidateInvestor.ts","1710","console.log","🔄 Marcando boleta {expr} como PROCESADA","unresolved","unresolved","","","pending_semantic_review"
"56717ddef8f0bbd8c8633172c8ca2c85c248dfd7","apps/cartera-back/src/controllers/liquidateInvestor.ts","1717","console.error","❌ Error marcando boleta como procesada:","unresolved","unresolved","","","pending_semantic_review"
"56717ddef8f0bbd8c8633172c8ca2c85c248dfd7","apps/cartera-back/src/controllers/liquidateInvestor.ts","1727","console.log","🔄 Marcando boleta {expr} como PENDIENTE","unresolved","unresolved","","","pending_semantic_review"
"56717ddef8f0bbd8c8633172c8ca2c85c248dfd7","apps/cartera-back/src/controllers/liquidateInvestor.ts","1734","console.error","❌ Error marcando boleta como pendiente:","unresolved","unresolved","","","pending_semantic_review"
"56717ddef8f0bbd8c8633172c8ca2c85c248dfd7","apps/cartera-back/src/controllers/liquidateInvestor.ts","1744","console.log","🗑️ Eliminando boleta {expr}","unresolved","unresolved","","","pending_semantic_review"
"56717ddef8f0bbd8c8633172c8ca2c85c248dfd7","apps/cartera-back/src/controllers/liquidateInvestor.ts","1770","console.log","✅ Boleta eliminada:","unresolved","unresolved","","","pending_semantic_review"
"56717ddef8f0bbd8c8633172c8ca2c85c248dfd7","apps/cartera-back/src/controllers/liquidateInvestor.ts","1773","console.error","❌ Error eliminando boleta:","unresolved","unresolved","","","pending_semantic_review"
"56717ddef8f0bbd8c8633172c8ca2c85c248dfd7","apps/cartera-back/src/controllers/liquidateInvestor.ts","1783","console.log","📊 Obteniendo estadísticas de boletas{expr}","unresolved","unresolved","","","pending_semantic_review"
"56717ddef8f0bbd8c8633172c8ca2c85c248dfd7","apps/cartera-back/src/controllers/liquidateInvestor.ts","1813","console.log","✅ Estadísticas:","unresolved","unresolved","","","pending_semantic_review"
"56717ddef8f0bbd8c8633172c8ca2c85c248dfd7","apps/cartera-back/src/controllers/liquidateInvestor.ts","1816","console.error","❌ Error obteniendo estadísticas:","unresolved","unresolved","","","pending_semantic_review"
"56717ddef8f0bbd8c8633172c8ca2c85c248dfd7","apps/cartera-back/src/controllers/liquidateInvestor.ts","1852","console.log","🔥 ========== INICIANDO LIQUIDACIÓN BATCH INTELIGENTE ==========","unresolved","unresolved","","","pending_semantic_review"
"56717ddef8f0bbd8c8633172c8ca2c85c248dfd7","apps/cartera-back/src/controllers/liquidateInvestor.ts","1855","console.log","👤 Inversionista: {expr}","unresolved","unresolved","","","pending_semantic_review"
"56717ddef8f0bbd8c8633172c8ca2c85c248dfd7","apps/cartera-back/src/controllers/liquidateInvestor.ts","1856","console.log","📊 Total liquidaciones: {expr}","unresolved","unresolved","","","pending_semantic_review"
"56717ddef8f0bbd8c8633172c8ca2c85c248dfd7","apps/cartera-back/src/controllers/liquidateInvestor.ts","1863","console.log","🔍 Buscando inversionista: ""{expr}""...","unresolved","unresolved","","","pending_semantic_review"
"56717ddef8f0bbd8c8633172c8ca2c85c248dfd7","apps/cartera-back/src/controllers/liquidateInvestor.ts","1870","console.error","<dynamic>","unresolved","unresolved","","","pending_semantic_review"
"56717ddef8f0bbd8c8633172c8ca2c85c248dfd7","apps/cartera-back/src/controllers/liquidateInvestor.ts","1887","console.log","⚠️ Múltiples inversionistas encontrados:","unresolved","unresolved","","","pending_semantic_review"
"56717ddef8f0bbd8c8633172c8ca2c85c248dfd7","apps/cartera-back/src/controllers/liquidateInvestor.ts","1889","console.log","{expr}. {expr} (ID: {expr})","unresolved","unresolved","","","pending_semantic_review"
"56717ddef8f0bbd8c8633172c8ca2c85c248dfd7","apps/cartera-back/src/controllers/liquidateInvestor.ts","1901","console.log","✅ MATCH EXACTO: {expr}","unresolved","unresolved","","","pending_semantic_review"
"56717ddef8f0bbd8c8633172c8ca2c85c248dfd7","apps/cartera-back/src/controllers/liquidateInvestor.ts","1904","console.log","⚠️ Sin match exacto, TOMANDO EL PRIMERO: {expr}","unresolved","unresolved","","","pending_semantic_review"
"56717ddef8f0bbd8c8633172c8ca2c85c248dfd7","apps/cartera-back/src/controllers/liquidateInvestor.ts","1913","console.log","✅ Inversionista seleccionado: {expr} (ID: {expr})","unresolved","unresolved","","","pending_semantic_review"
"56717ddef8f0bbd8c8633172c8ca2c85c248dfd7","apps/cartera-back/src/controllers/liquidateInvestor.ts","1920","console.log","📊 ========== OBTENIENDO RELACIONES ACTUALES ==========","unresolved","unresolved","","","pending_semantic_review"
"56717ddef8f0bbd8c8633172c8ca2c85c248dfd7","apps/cartera-back/src/controllers/liquidateInvestor.ts","1944","console.log","📊 Relaciones actuales en BD: {expr}","unresolved","unresolved","","","pending_semantic_review"
"56717ddef8f0bbd8c8633172c8ca2c85c248dfd7","apps/cartera-back/src/controllers/liquidateInvestor.ts","1994","console.log","📊 Map por crédito: {expr} créditos","unresolved","unresolved","","","pending_semantic_review"
"56717ddef8f0bbd8c8633172c8ca2c85c248dfd7","apps/cartera-back/src/controllers/liquidateInvestor.ts","1995","console.log","📊 Map por usuario: {expr} keys únicas","unresolved","unresolved","","","pending_semantic_review"
"56717ddef8f0bbd8c8633172c8ca2c85c248dfd7","apps/cartera-back/src/controllers/liquidateInvestor.ts","2008","console.log","👤 {expr}: {expr} créditos","unresolved","unresolved","","","pending_semantic_review"
"56717ddef8f0bbd8c8633172c8ca2c85c248dfd7","apps/cartera-back/src/controllers/liquidateInvestor.ts","2010","console.log","- Crédito {expr} (ID: {expr}) - Q{expr}","unresolved","unresolved","","","pending_semantic_review"
"56717ddef8f0bbd8c8633172c8ca2c85c248dfd7","apps/cartera-back/src/controllers/liquidateInvestor.ts","2027","console.log","📋 ========== PROCESANDO LIQUIDACIONES ==========","unresolved","unresolved","","","pending_semantic_review"
"56717ddef8f0bbd8c8633172c8ca2c85c248dfd7","apps/cartera-back/src/controllers/liquidateInvestor.ts","2038","console.log","[{expr}/{expr}] 👤 {expr} - 📅 {expr} - 💰 Q{expr} {expr}{expr}","unresolved","unresolved","","","pending_semantic_review"
"56717ddef8f0bbd8c8633172c8ca2c85c248dfd7","apps/cartera-back/src/controllers/liquidateInvestor.ts","2049","console.log","✅ Usuario encontrado en relaciones ({expr} crédito{expr})","unresolved","unresolved","","","pending_semantic_review"
"56717ddef8f0bbd8c8633172c8ca2c85c248dfd7","apps/cartera-back/src/controllers/liquidateInvestor.ts","2057","console.log","⚠️ Usuario tiene múltiples créditos, usando:","unresolved","unresolved","","","pending_semantic_review"
"56717ddef8f0bbd8c8633172c8ca2c85c248dfd7","apps/cartera-back/src/controllers/liquidateInvestor.ts","2060","console.log","{expr} Crédito {expr} (ID: {expr}) - Q{expr}","unresolved","unresolved","","","pending_semantic_review"
"56717ddef8f0bbd8c8633172c8ca2c85c248dfd7","apps/cartera-back/src/controllers/liquidateInvestor.ts","2065","console.log","📋 Crédito: {expr} (ID: {expr})","unresolved","unresolved","","","pending_semantic_review"
"56717ddef8f0bbd8c8633172c8ca2c85c248dfd7","apps/cartera-back/src/controllers/liquidateInvestor.ts","2086","console.log","➕ Relación creada","unresolved","unresolved","","","pending_semantic_review"
"56717ddef8f0bbd8c8633172c8ca2c85c248dfd7","apps/cartera-back/src/controllers/liquidateInvestor.ts","2089","console.log","🔄 Relación actualizada","unresolved","unresolved","","","pending_semantic_review"
"56717ddef8f0bbd8c8633172c8ca2c85c248dfd7","apps/cartera-back/src/controllers/liquidateInvestor.ts","2093","console.log","❌ Falló: {expr}","unresolved","unresolved","","","pending_semantic_review"
"56717ddef8f0bbd8c8633172c8ca2c85c248dfd7","apps/cartera-back/src/controllers/liquidateInvestor.ts","2108","console.log","⚠️ Usuario NO tiene relación con {expr}","unresolved","unresolved","","","pending_semantic_review"
"56717ddef8f0bbd8c8633172c8ca2c85c248dfd7","apps/cartera-back/src/controllers/liquidateInvestor.ts","2111","console.log","🔍 Buscando usuario en sistema...","unresolved","unresolved","","","pending_semantic_review"
"56717ddef8f0bbd8c8633172c8ca2c85c248dfd7","apps/cartera-back/src/controllers/liquidateInvestor.ts","2120","console.log","❌ Usuario no encontrado en sistema","unresolved","unresolved","","","pending_semantic_review"
"56717ddef8f0bbd8c8633172c8ca2c85c248dfd7","apps/cartera-back/src/controllers/liquidateInvestor.ts","2134","console.log","✅ Usuario encontrado: {expr} (ID: {expr})","unresolved","unresolved","","","pending_semantic_review"
"56717ddef8f0bbd8c8633172c8ca2c85c248dfd7","apps/cartera-back/src/controllers/liquidateInvestor.ts","2146","console.log","❌ Usuario no tiene créditos","unresolved","unresolved","","","pending_semantic_review"
"56717ddef8f0bbd8c8633172c8ca2c85c248dfd7","apps/cartera-back/src/controllers/liquidateInvestor.ts","2161","console.log","📋 Créditos disponibles: {expr}","unresolved","unresolved","","","pending_semantic_review"
"56717ddef8f0bbd8c8633172c8ca2c85c248dfd7","apps/cartera-back/src/controllers/liquidateInvestor.ts","2162","console.log","👉 Usando crédito: {expr} (ID: {expr})","unresolved","unresolved","","","pending_semantic_review"
"56717ddef8f0bbd8c8633172c8ca2c85c248dfd7","apps/cartera-back/src/controllers/liquidateInvestor.ts","2182","console.log","➕ Nueva relación creada","unresolved","unresolved","","","pending_semantic_review"
"56717ddef8f0bbd8c8633172c8ca2c85c248dfd7","apps/cartera-back/src/controllers/liquidateInvestor.ts","2185","console.log","🔄 Relación actualizada","unresolved","unresolved","","","pending_semantic_review"
"56717ddef8f0bbd8c8633172c8ca2c85c248dfd7","apps/cartera-back/src/controllers/liquidateInvestor.ts","2189","console.log","❌ Falló: {expr}","unresolved","unresolved","","","pending_semantic_review"
"56717ddef8f0bbd8c8633172c8ca2c85c248dfd7","apps/cartera-back/src/controllers/liquidateInvestor.ts","2206","console.error","❌ Error: {expr}","unresolved","unresolved","","","pending_semantic_review"
"56717ddef8f0bbd8c8633172c8ca2c85c248dfd7","apps/cartera-back/src/controllers/liquidateInvestor.ts","2223","console.log","🧹 ========== LIMPIANDO RELACIONES HUÉRFANAS ==========","unresolved","unresolved","","","pending_semantic_review"
"56717ddef8f0bbd8c8633172c8ca2c85c248dfd7","apps/cartera-back/src/controllers/liquidateInvestor.ts","2224","console.log","📊 Créditos procesados en Excel: {expr}","unresolved","unresolved","","","pending_semantic_review"
"56717ddef8f0bbd8c8633172c8ca2c85c248dfd7","apps/cartera-back/src/controllers/liquidateInvestor.ts","2227","console.log","📊 Créditos en BD: {expr}","unresolved","unresolved","","","pending_semantic_review"
"56717ddef8f0bbd8c8633172c8ca2c85c248dfd7","apps/cartera-back/src/controllers/liquidateInvestor.ts","2236","console.log","➖ ELIMINANDO relación huérfana:","unresolved","unresolved","","","pending_semantic_review"
"56717ddef8f0bbd8c8633172c8ca2c85c248dfd7","apps/cartera-back/src/controllers/liquidateInvestor.ts","2237","console.log","Usuario: {expr}","unresolved","unresolved","","","pending_semantic_review"
"56717ddef8f0bbd8c8633172c8ca2c85c248dfd7","apps/cartera-back/src/controllers/liquidateInvestor.ts","2238","console.log","Crédito: {expr} (ID: {expr})","unresolved","unresolved","","","pending_semantic_review"
"56717ddef8f0bbd8c8633172c8ca2c85c248dfd7","apps/cartera-back/src/controllers/liquidateInvestor.ts","2241","console.log","Monto aportado: Q{expr}","unresolved","unresolved","","","pending_semantic_review"
"56717ddef8f0bbd8c8633172c8ca2c85c248dfd7","apps/cartera-back/src/controllers/liquidateInvestor.ts","2258","console.log","✅ Relación eliminada","unresolved","unresolved","","","pending_semantic_review"
"56717ddef8f0bbd8c8633172c8ca2c85c248dfd7","apps/cartera-back/src/controllers/liquidateInvestor.ts","2263","console.log","✅ No hay relaciones huérfanas para eliminar","unresolved","unresolved","","","pending_semantic_review"
"56717ddef8f0bbd8c8633172c8ca2c85c248dfd7","apps/cartera-back/src/controllers/liquidateInvestor.ts","2265","console.log","🗑️ Total relaciones eliminadas: {expr}","unresolved","unresolved","","","pending_semantic_review"
"56717ddef8f0bbd8c8633172c8ca2c85c248dfd7","apps/cartera-back/src/controllers/liquidateInvestor.ts","2271","console.log","🎉 ========== BATCH INTELIGENTE COMPLETADO ==========","unresolved","unresolved","","","pending_semantic_review"
"56717ddef8f0bbd8c8633172c8ca2c85c248dfd7","apps/cartera-back/src/controllers/liquidateInvestor.ts","2272","console.log","✅ Exitosos: {expr}","unresolved","unresolved","","","pending_semantic_review"
"56717ddef8f0bbd8c8633172c8ca2c85c248dfd7","apps/cartera-back/src/controllers/liquidateInvestor.ts","2273","console.log","❌ Fallidos: {expr}","unresolved","unresolved","","","pending_semantic_review"
"56717ddef8f0bbd8c8633172c8ca2c85c248dfd7","apps/cartera-back/src/controllers/liquidateInvestor.ts","2274","console.log","➕ Agregados (nuevas relaciones): {expr}","unresolved","unresolved","","","pending_semantic_review"
"56717ddef8f0bbd8c8633172c8ca2c85c248dfd7","apps/cartera-back/src/controllers/liquidateInvestor.ts","2275","console.log","🔄 Actualizados (relaciones existentes): {expr}","unresolved","unresolved","","","pending_semantic_review"
"56717ddef8f0bbd8c8633172c8ca2c85c248dfd7","apps/cartera-back/src/controllers/liquidateInvestor.ts","2276","console.log","➖ Eliminados (relaciones huérfanas): {expr}","unresolved","unresolved","","","pending_semantic_review"
"56717ddef8f0bbd8c8633172c8ca2c85c248dfd7","apps/cartera-back/src/controllers/liquidateInvestor.ts","2277","console.log","📊 Total procesados: {expr}","unresolved","unresolved","","","pending_semantic_review"
"56717ddef8f0bbd8c8633172c8ca2c85c248dfd7","apps/cartera-back/src/controllers/liquidateInvestor.ts","2278","console.log","=========================================","unresolved","unresolved","","","pending_semantic_review"
"56717ddef8f0bbd8c8633172c8ca2c85c248dfd7","apps/cartera-back/src/controllers/liquidateInvestor.ts","2296","console.error","❌ Error en batch inteligente:","unresolved","unresolved","","","pending_semantic_review"
"56717ddef8f0bbd8c8633172c8ca2c85c248dfd7","apps/cartera-back/src/controllers/liquidateInvestor.ts","2326","console.log","🔥 ========== MARCAR LIQUIDADO POR NOMBRE ==========","unresolved","unresolved","","","pending_semantic_review"
"56717ddef8f0bbd8c8633172c8ca2c85c248dfd7","apps/cartera-back/src/controllers/liquidateInvestor.ts","2327","console.log","👤 Inversionista: ""{expr}""","unresolved","unresolved","","","pending_semantic_review"
"56717ddef8f0bbd8c8633172c8ca2c85c248dfd7","apps/cartera-back/src/controllers/liquidateInvestor.ts","2328","console.log","🧑 Cliente: ""{expr}""","unresolved","unresolved","","","pending_semantic_review"
"56717ddef8f0bbd8c8633172c8ca2c85c248dfd7","apps/cartera-back/src/controllers/liquidateInvestor.ts","2329","console.log","📅 Cuota mes: ""{expr}""","unresolved","unresolved","","","pending_semantic_review"
"56717ddef8f0bbd8c8633172c8ca2c85c248dfd7","apps/cartera-back/src/controllers/liquidateInvestor.ts","2353","console.log","✅ Inversionista: {expr} (ID: {expr})","unresolved","unresolved","","","pending_semantic_review"
"56717ddef8f0bbd8c8633172c8ca2c85c248dfd7","apps/cartera-back/src/controllers/liquidateInvestor.ts","2372","console.log","✅ Cliente: {expr} (ID: {expr})","unresolved","unresolved","","","pending_semantic_review"
"56717ddef8f0bbd8c8633172c8ca2c85c248dfd7","apps/cartera-back/src/controllers/liquidateInvestor.ts","2408","console.log","✅ Crédito: {expr} (ID: {expr})","unresolved","unresolved","","","pending_semantic_review"
"56717ddef8f0bbd8c8633172c8ca2c85c248dfd7","apps/cartera-back/src/controllers/liquidateInvestor.ts","2416","console.log","🔧 Mes normalizado: ""{expr}""","unresolved","unresolved","","","pending_semantic_review"
"56717ddef8f0bbd8c8633172c8ca2c85c248dfd7","apps/cartera-back/src/controllers/liquidateInvestor.ts","2431","console.log","📅 Fecha de corte (inclusive): {expr} ({expr})","unresolved","unresolved","","","pending_semantic_review"
"56717ddef8f0bbd8c8633172c8ca2c85c248dfd7","apps/cartera-back/src/controllers/liquidateInvestor.ts","2444","console.log","📊 Total cuotas del crédito: {expr}","unresolved","unresolved","","","pending_semantic_review"
"56717ddef8f0bbd8c8633172c8ca2c85c248dfd7","apps/cartera-back/src/controllers/liquidateInvestor.ts","2506","console.log","✅ [A] Cuota #{expr} ({expr}) → true, liq: {expr}","unresolved","unresolved","","","pending_semantic_review"
"56717ddef8f0bbd8c8633172c8ca2c85c248dfd7","apps/cartera-back/src/controllers/liquidateInvestor.ts","2534","console.log","✅ [B] Cuota #{expr} ({expr}) → true, liq: {expr}","unresolved","unresolved","","","pending_semantic_review"
"56717ddef8f0bbd8c8633172c8ca2c85c248dfd7","apps/cartera-back/src/controllers/liquidateInvestor.ts","2560","console.log","⏭️ [C] Cuota #{expr} ({expr}) → false, null","unresolved","unresolved","","","pending_semantic_review"
"56717ddef8f0bbd8c8633172c8ca2c85c248dfd7","apps/cartera-back/src/controllers/liquidateInvestor.ts","2565","console.log","✅ Cuotas liquidadas (true): {expr}","unresolved","unresolved","","","pending_semantic_review"
"56717ddef8f0bbd8c8633172c8ca2c85c248dfd7","apps/cartera-back/src/controllers/liquidateInvestor.ts","2566","console.log","✅ Cuotas pendientes (false): {expr}","unresolved","unresolved","","","pending_semantic_review"
"56717ddef8f0bbd8c8633172c8ca2c85c248dfd7","apps/cartera-back/src/controllers/liquidateInvestor.ts","2594","console.error","❌ Error en marcarLiquidadoInversionistasPorNombre:","unresolved","unresolved","","","pending_semantic_review"
"56717ddef8f0bbd8c8633172c8ca2c85c248dfd7","apps/cartera-back/src/controllers/migrateInvestor.ts","121","console.log","✅ CSV actualizado: {expr}","unresolved","unresolved","","","pending_semantic_review"
"56717ddef8f0bbd8c8633172c8ca2c85c248dfd7","apps/cartera-back/src/controllers/migrateInvestor.ts","123","console.error","❌ Error guardando CSV:","unresolved","unresolved","","","pending_semantic_review"
"56717ddef8f0bbd8c8633172c8ca2c85c248dfd7","apps/cartera-back/src/controllers/migrateInvestor.ts","161","console.log","✅ CSV de porcentajes actualizado: {expr}","unresolved","unresolved","","","pending_semantic_review"
"56717ddef8f0bbd8c8633172c8ca2c85c248dfd7","apps/cartera-back/src/controllers/migrateInvestor.ts","163","console.error","❌ Error guardando CSV de porcentajes:","unresolved","unresolved","","","pending_semantic_review"
"56717ddef8f0bbd8c8633172c8ca2c85c248dfd7","apps/cartera-back/src/controllers/migrateInvestor.ts","346","console.log","📊 Palabras clave: [{expr}]","unresolved","unresolved","","","pending_semantic_review"
"56717ddef8f0bbd8c8633172c8ca2c85c248dfd7","apps/cartera-back/src/controllers/migrateInvestor.ts","351","console.log","📍 Estrategia 0: Match exacto...","unresolved","unresolved","","","pending_semantic_review"
"56717ddef8f0bbd8c8633172c8ca2c85c248dfd7","apps/cartera-back/src/controllers/migrateInvestor.ts","354","console.log","✅ EXACT match: ""{expr}""","unresolved","unresolved","","","pending_semantic_review"
"56717ddef8f0bbd8c8633172c8ca2c85c248dfd7","apps/cartera-back/src/controllers/migrateInvestor.ts","366","console.log","📍 Estrategia 1: Similitud por tokens...","unresolved","unresolved","","","pending_semantic_review"
"56717ddef8f0bbd8c8633172c8ca2c85c248dfd7","apps/cartera-back/src/controllers/migrateInvestor.ts","380","console.log","✅ TOKEN match: ""{expr}"" ({expr}%)","unresolved","unresolved","","","pending_semantic_review"
"56717ddef8f0bbd8c8633172c8ca2c85c248dfd7","apps/cartera-back/src/controllers/migrateInvestor.ts","381","console.log","Tokens origen: [{expr}]","unresolved","unresolved","","","pending_semantic_review"
"56717ddef8f0bbd8c8633172c8ca2c85c248dfd7","apps/cartera-back/src/controllers/migrateInvestor.ts","382","console.log","Tokens match: [{expr}]","unresolved","unresolved","","","pending_semantic_review"
"56717ddef8f0bbd8c8633172c8ca2c85c248dfd7","apps/cartera-back/src/controllers/migrateInvestor.ts","400","console.log","⚠️ Match dudoso ({expr}%), requiere confirmación","unresolved","unresolved","","","pending_semantic_review"
"56717ddef8f0bbd8c8633172c8ca2c85c248dfd7","apps/cartera-back/src/controllers/migrateInvestor.ts","414","console.log","📍 Estrategia 2: LIKE en BD...","unresolved","unresolved","","","pending_semantic_review"
"56717ddef8f0bbd8c8633172c8ca2c85c248dfd7","apps/cartera-back/src/controllers/migrateInvestor.ts","429","console.log","📋 Encontrados {expr} candidatos con LIKE","unresolved","unresolved","","","pending_semantic_review"
"56717ddef8f0bbd8c8633172c8ca2c85c248dfd7","apps/cartera-back/src/controllers/migrateInvestor.ts","439","console.log","💡 Candidato LIKE: ""{expr}"" → {expr}%","unresolved","unresolved","","","pending_semantic_review"
"56717ddef8f0bbd8c8633172c8ca2c85c248dfd7","apps/cartera-back/src/controllers/migrateInvestor.ts","457","console.log","✅ MEJOR MATCH (LIKE): ""{expr}"" → {expr}%","unresolved","unresolved","","","pending_semantic_review"
"56717ddef8f0bbd8c8633172c8ca2c85c248dfd7","apps/cartera-back/src/controllers/migrateInvestor.ts","465","console.log","⚠️ Match dudoso ({expr}%), requiere confirmación","unresolved","unresolved","","","pending_semantic_review"
"56717ddef8f0bbd8c8633172c8ca2c85c248dfd7","apps/cartera-back/src/controllers/migrateInvestor.ts","475","console.error","⚠️ Error en búsqueda LIKE:","unresolved","unresolved","","","pending_semantic_review"
"56717ddef8f0bbd8c8633172c8ca2c85c248dfd7","apps/cartera-back/src/controllers/migrateInvestor.ts","480","console.log","📍 Estrategia 3: Fuzzy matching...","unresolved","unresolved","","","pending_semantic_review"
"56717ddef8f0bbd8c8633172c8ca2c85c248dfd7","apps/cartera-back/src/controllers/migrateInvestor.ts","506","console.log","🎯 Candidato fuzzy: ""{expr}"" → {expr}%","unresolved","unresolved","","","pending_semantic_review"
"56717ddef8f0bbd8c8633172c8ca2c85c248dfd7","apps/cartera-back/src/controllers/migrateInvestor.ts","518","console.log","⚠️ Match dudoso ({expr}%), requiere confirmación","unresolved","unresolved","","","pending_semantic_review"
"56717ddef8f0bbd8c8633172c8ca2c85c248dfd7","apps/cartera-back/src/controllers/migrateInvestor.ts","520","console.log","✅ MEJOR MATCH (FUZZY): ""{expr}"" → {expr}%","unresolved","unresolved","","","pending_semantic_review"
"56717ddef8f0bbd8c8633172c8ca2c85c248dfd7","apps/cartera-back/src/controllers/migrateInvestor.ts","531","console.log","❌ No se encontró match >= 50%","unresolved","unresolved","","","pending_semantic_review"
"56717ddef8f0bbd8c8633172c8ca2c85c248dfd7","apps/cartera-back/src/controllers/migrateInvestor.ts","532","console.log","🔍 Top 5 candidatos más cercanos:","unresolved","unresolved","","","pending_semantic_review"
"56717ddef8f0bbd8c8633172c8ca2c85c248dfd7","apps/cartera-back/src/controllers/migrateInvestor.ts","534","console.log","{expr}. [{expr}%] ""{expr}"" (ID: {expr})","unresolved","unresolved","","","pending_semantic_review"
"56717ddef8f0bbd8c8633172c8ca2c85c248dfd7","apps/cartera-back/src/controllers/migrateInvestor.ts","557","console.log","🔍 Buscando match para: ""{expr}""","unresolved","unresolved","","","pending_semantic_review"
"56717ddef8f0bbd8c8633172c8ca2c85c248dfd7","apps/cartera-back/src/controllers/migrateInvestor.ts","564","console.log","👤 Nombre en paréntesis detectado: ""{expr}""","unresolved","unresolved","","","pending_semantic_review"
"56717ddef8f0bbd8c8633172c8ca2c85c248dfd7","apps/cartera-back/src/controllers/migrateInvestor.ts","565","console.log","🏢 Nombre sin paréntesis: ""{expr}""","unresolved","unresolved","","","pending_semantic_review"
"56717ddef8f0bbd8c8633172c8ca2c85c248dfd7","apps/cartera-back/src/controllers/migrateInvestor.ts","573","console.log","✅ Mejor match (comparando persona vs empresa): ""{expr}"" ({expr}%)","unresolved","unresolved","","","pending_semantic_review"
"56717ddef8f0bbd8c8633172c8ca2c85c248dfd7","apps/cartera-back/src/controllers/migrateInvestor.ts","577","console.log","✅ Match encontrado por nombre en paréntesis: ""{expr}""","unresolved","unresolved","","","pending_semantic_review"
"56717ddef8f0bbd8c8633172c8ca2c85c248dfd7","apps/cartera-back/src/controllers/migrateInvestor.ts","581","console.log","✅ Match encontrado por nombre de empresa: ""{expr}""","unresolved","unresolved","","","pending_semantic_review"
"56717ddef8f0bbd8c8633172c8ca2c85c248dfd7","apps/cartera-back/src/controllers/migrateInvestor.ts","587","console.log","🔍 Búsqueda normal para: ""{expr}""","unresolved","unresolved","","","pending_semantic_review"
"56717ddef8f0bbd8c8633172c8ca2c85c248dfd7","apps/cartera-back/src/controllers/migrateInvestor.ts","623","console.log","📁 Guardando inversionistas no encontrados...","unresolved","unresolved","","","pending_semantic_review"
"56717ddef8f0bbd8c8633172c8ca2c85c248dfd7","apps/cartera-back/src/controllers/migrateInvestor.ts","631","console.log","✅ Cargados {expr} registros existentes","unresolved","unresolved","","","pending_semantic_review"
"56717ddef8f0bbd8c8633172c8ca2c85c248dfd7","apps/cartera-back/src/controllers/migrateInvestor.ts","633","console.log","ℹ️ No existe archivo previo, creando nuevo","unresolved","unresolved","","","pending_semantic_review"
"56717ddef8f0bbd8c8633172c8ca2c85c248dfd7","apps/cartera-back/src/controllers/migrateInvestor.ts","649","console.log","⏭️ Ya existe: ""{expr}"" en {expr}","unresolved","unresolved","","","pending_semantic_review"
"56717ddef8f0bbd8c8633172c8ca2c85c248dfd7","apps/cartera-back/src/controllers/migrateInvestor.ts","653","console.log","➕ Agregados {expr} nuevos registros","unresolved","unresolved","","","pending_semantic_review"
"56717ddef8f0bbd8c8633172c8ca2c85c248dfd7","apps/cartera-back/src/controllers/migrateInvestor.ts","654","console.log","📊 Total acumulado: {expr} registros","unresolved","unresolved","","","pending_semantic_review"
"56717ddef8f0bbd8c8633172c8ca2c85c248dfd7","apps/cartera-back/src/controllers/migrateInvestor.ts","673","console.log","✅ JSON actualizado: {expr}","unresolved","unresolved","","","pending_semantic_review"
"56717ddef8f0bbd8c8633172c8ca2c85c248dfd7","apps/cartera-back/src/controllers/migrateInvestor.ts","678","console.log","📋 Nuevos inversionistas no encontrados:","unresolved","unresolved","","","pending_semantic_review"
"56717ddef8f0bbd8c8633172c8ca2c85c248dfd7","apps/cartera-back/src/controllers/migrateInvestor.ts","680","console.log","{expr}. ""{expr}"" ({expr})","unresolved","unresolved","","","pending_semantic_review"
"56717ddef8f0bbd8c8633172c8ca2c85c248dfd7","apps/cartera-back/src/controllers/migrateInvestor.ts","686","console.error","❌ Error guardando log:","unresolved","unresolved","","","pending_semantic_review"
"56717ddef8f0bbd8c8633172c8ca2c85c248dfd7","apps/cartera-back/src/controllers/migrateInvestor.ts","699","console.log","📁 Guardando errores de porcentajes...","unresolved","unresolved","","","pending_semantic_review"
"56717ddef8f0bbd8c8633172c8ca2c85c248dfd7","apps/cartera-back/src/controllers/migrateInvestor.ts","707","console.log","✅ Cargados {expr} errores existentes","unresolved","unresolved","","","pending_semantic_review"
"56717ddef8f0bbd8c8633172c8ca2c85c248dfd7","apps/cartera-back/src/controllers/migrateInvestor.ts","709","console.log","ℹ️ No existe archivo previo, creando nuevo","unresolved","unresolved","","","pending_semantic_review"
"56717ddef8f0bbd8c8633172c8ca2c85c248dfd7","apps/cartera-back/src/controllers/migrateInvestor.ts","725","console.log","➕ Agregados {expr} nuevos errores","unresolved","unresolved","","","pending_semantic_review"
"56717ddef8f0bbd8c8633172c8ca2c85c248dfd7","apps/cartera-back/src/controllers/migrateInvestor.ts","726","console.log","📊 Total acumulado: {expr} errores","unresolved","unresolved","","","pending_semantic_review"
"56717ddef8f0bbd8c8633172c8ca2c85c248dfd7","apps/cartera-back/src/controllers/migrateInvestor.ts","735","console.log","✅ JSON actualizado: {expr}","unresolved","unresolved","","","pending_semantic_review"
"56717ddef8f0bbd8c8633172c8ca2c85c248dfd7","apps/cartera-back/src/controllers/migrateInvestor.ts","741","console.error","❌ Error guardando errores de porcentajes:","unresolved","unresolved","","","pending_semantic_review"
"56717ddef8f0bbd8c8633172c8ca2c85c248dfd7","apps/cartera-back/src/controllers/migrateInvestor.ts","768","console.log","🔄 ========== PROCESANDO INVERSIONISTAS DESDE EXCEL ==========","unresolved","unresolved","","","pending_semantic_review"
"56717ddef8f0bbd8c8633172c8ca2c85c248dfd7","apps/cartera-back/src/controllers/migrateInvestor.ts","769","console.log","📋 Crédito Base: {expr}","unresolved","unresolved","","","pending_semantic_review"
"56717ddef8f0bbd8c8633172c8ca2c85c248dfd7","apps/cartera-back/src/controllers/migrateInvestor.ts","770","console.log","👤 Cliente: {expr}","unresolved","unresolved","","","pending_semantic_review"
"56717ddef8f0bbd8c8633172c8ca2c85c248dfd7","apps/cartera-back/src/controllers/migrateInvestor.ts","771","console.log","👥 Filas recibidas: {expr}","unresolved","unresolved","","","pending_semantic_review"
"56717ddef8f0bbd8c8633172c8ca2c85c248dfd7","apps/cartera-back/src/controllers/migrateInvestor.ts","821","console.log","⚠️ SIFCO no encontrado, buscando por nombre: ""{expr}""","unresolved","unresolved","","","pending_semantic_review"
"56717ddef8f0bbd8c8633172c8ca2c85c248dfd7","apps/cartera-back/src/controllers/migrateInvestor.ts","846","console.log","📋 Encontrados {expr} creditos por nombre","unresolved","unresolved","","","pending_semantic_review"
"56717ddef8f0bbd8c8633172c8ca2c85c248dfd7","apps/cartera-back/src/controllers/migrateInvestor.ts","850","console.log","✅ Encontrado por nombre: {expr} ({expr})","unresolved","unresolved","","","pending_semantic_review"
"56717ddef8f0bbd8c8633172c8ca2c85c248dfd7","apps/cartera-back/src/controllers/migrateInvestor.ts","862","console.log","✅ Mejor match por nombre ({expr}%): {expr} ({expr})","unresolved","unresolved","","","pending_semantic_review"
"56717ddef8f0bbd8c8633172c8ca2c85c248dfd7","apps/cartera-back/src/controllers/migrateInvestor.ts","864","console.log","⚠️ Multiples creditos, ninguno suficientemente similar","unresolved","unresolved","","","pending_semantic_review"
"56717ddef8f0bbd8c8633172c8ca2c85c248dfd7","apps/cartera-back/src/controllers/migrateInvestor.ts","996","console.log","✅ Actualizado inv_id {expr}: {expr} → {expr}","unresolved","unresolved","","","pending_semantic_review"
"56717ddef8f0bbd8c8633172c8ca2c85c248dfd7","apps/cartera-back/src/controllers/migrateInvestor.ts","1004","console.log","❌ ========== INVERSIONISTAS FALLIDOS ==========","unresolved","unresolved","","","pending_semantic_review"
"56717ddef8f0bbd8c8633172c8ca2c85c248dfd7","apps/cartera-back/src/controllers/migrateInvestor.ts","1006","console.log","{expr}. {expr} → {expr}","unresolved","unresolved","","","pending_semantic_review"
"56717ddef8f0bbd8c8633172c8ca2c85c248dfd7","apps/cartera-back/src/controllers/migrateInvestor.ts","1008","console.log","============================================","unresolved","unresolved","","","pending_semantic_review"
"56717ddef8f0bbd8c8633172c8ca2c85c248dfd7","apps/cartera-back/src/controllers/migrateInvestor.ts","1020","console.error","❌ ERROR EN PROCESO:","unresolved","unresolved","","","pending_semantic_review"
"56717ddef8f0bbd8c8633172c8ca2c85c248dfd7","apps/cartera-back/src/controllers/migratePayments.ts","23","console.log","🔧 Ajustando crédito {expr} - SOLO FECHAS Y PLAZO","unresolved","unresolved","","","pending_semantic_review"
"56717ddef8f0bbd8c8633172c8ca2c85c248dfd7","apps/cartera-back/src/controllers/migratePayments.ts","24","console.log","📊 Cuota esperada: {expr} (fecha: {expr})","unresolved","unresolved","","","pending_semantic_review"
"56717ddef8f0bbd8c8633172c8ca2c85c248dfd7","apps/cartera-back/src/controllers/migratePayments.ts","25","console.log","📐 Plazo completo (TU sistema): {expr}","unresolved","unresolved","","","pending_semantic_review"
"56717ddef8f0bbd8c8633172c8ca2c85c248dfd7","apps/cartera-back/src/controllers/migratePayments.ts","53","console.log","📦 Cuotas existentes en BD (sin la 0): {expr}","unresolved","unresolved","","","pending_semantic_review"
"56717ddef8f0bbd8c8633172c8ca2c85c248dfd7","apps/cartera-back/src/controllers/migratePayments.ts","69","console.log","📌 Día de vencimiento explícito: {expr}","unresolved","unresolved","","","pending_semantic_review"
"56717ddef8f0bbd8c8633172c8ca2c85c248dfd7","apps/cartera-back/src/controllers/migratePayments.ts","75","console.log","⚠️ Fecha en día 1 detectada, vencimiento día 30 mismo mes","unresolved","unresolved","","","pending_semantic_review"
"56717ddef8f0bbd8c8633172c8ca2c85c248dfd7","apps/cartera-back/src/controllers/migratePayments.ts","106","console.log","✅ Cuota 1 vence: {expr}","unresolved","unresolved","","","pending_semantic_review"
"56717ddef8f0bbd8c8633172c8ca2c85c248dfd7","apps/cartera-back/src/controllers/migratePayments.ts","107","console.log","✅ Cuota {expr} vence: {expr}","unresolved","unresolved","","","pending_semantic_review"
"56717ddef8f0bbd8c8633172c8ca2c85c248dfd7","apps/cartera-back/src/controllers/migratePayments.ts","108","console.log","✅ Cuota 0 vence: {expr}","unresolved","unresolved","","","pending_semantic_review"
"56717ddef8f0bbd8c8633172c8ca2c85c248dfd7","apps/cartera-back/src/controllers/migratePayments.ts","117","console.log","🗑️ LIMPIANDO {expr} cuotas que exceden el plazo completo ({expr})...","unresolved","unresolved","","","pending_semantic_review"
"56717ddef8f0bbd8c8633172c8ca2c85c248dfd7","apps/cartera-back/src/controllers/migratePayments.ts","131","console.log","🗑️ {expr} cuotas eliminadas","unresolved","unresolved","","","pending_semantic_review"
"56717ddef8f0bbd8c8633172c8ca2c85c248dfd7","apps/cartera-back/src/controllers/migratePayments.ts","142","console.log","📊 Validación de cuotas:","unresolved","unresolved","","","pending_semantic_review"
"56717ddef8f0bbd8c8633172c8ca2c85c248dfd7","apps/cartera-back/src/controllers/migratePayments.ts","143","console.log","📦 Cuotas válidas después de limpieza: {expr}","unresolved","unresolved","","","pending_semantic_review"
"56717ddef8f0bbd8c8633172c8ca2c85c248dfd7","apps/cartera-back/src/controllers/migratePayments.ts","144","console.log","🎯 Plazo completo: {expr}","unresolved","unresolved","","","pending_semantic_review"
"56717ddef8f0bbd8c8633172c8ca2c85c248dfd7","apps/cartera-back/src/controllers/migratePayments.ts","145","console.log","🧮 Cuotas necesarias: {expr}","unresolved","unresolved","","","pending_semantic_review"
"56717ddef8f0bbd8c8633172c8ca2c85c248dfd7","apps/cartera-back/src/controllers/migratePayments.ts","148","console.log","➕ Creando {expr} cuotas faltantes...","unresolved","unresolved","","","pending_semantic_review"
"56717ddef8f0bbd8c8633172c8ca2c85c248dfd7","apps/cartera-back/src/controllers/migratePayments.ts","160","console.warn","⚠️ Saltando cuota {expr} - excede plazo_completo","unresolved","unresolved","","","pending_semantic_review"
"56717ddef8f0bbd8c8633172c8ca2c85c248dfd7","apps/cartera-back/src/controllers/migratePayments.ts","196","console.log","✅ {expr} cuotas creadas","unresolved","unresolved","","","pending_semantic_review"
"56717ddef8f0bbd8c8633172c8ca2c85c248dfd7","apps/cartera-back/src/controllers/migratePayments.ts","198","console.log","⚠️ No hay cuotas nuevas para crear (todas exceden plazo_completo)","unresolved","unresolved","","","pending_semantic_review"
"56717ddef8f0bbd8c8633172c8ca2c85c248dfd7","apps/cartera-back/src/controllers/migratePayments.ts","201","console.log","✅ Ya existen todas las cuotas del plazo completo","unresolved","unresolved","","","pending_semantic_review"
"56717ddef8f0bbd8c8633172c8ca2c85c248dfd7","apps/cartera-back/src/controllers/migratePayments.ts","218","console.log","🔧 Cuota 0 fecha_vencimiento: {expr}","unresolved","unresolved","","","pending_semantic_review"
"56717ddef8f0bbd8c8633172c8ca2c85c248dfd7","apps/cartera-back/src/controllers/migratePayments.ts","239","console.log","📦 Total de cuotas válidas: {expr}","unresolved","unresolved","","","pending_semantic_review"
"56717ddef8f0bbd8c8633172c8ca2c85c248dfd7","apps/cartera-back/src/controllers/migratePayments.ts","240","console.log","🔄 Actualizando fecha_vencimiento de {expr} cuotas...","unresolved","unresolved","","","pending_semantic_review"
"56717ddef8f0bbd8c8633172c8ca2c85c248dfd7","apps/cartera-back/src/controllers/migratePayments.ts","263","console.log","✅ {expr} cuotas con fecha_vencimiento actualizada","unresolved","unresolved","","","pending_semantic_review"
"56717ddef8f0bbd8c8633172c8ca2c85c248dfd7","apps/cartera-back/src/controllers/migratePayments.ts","266","console.log","🎉 AJUSTE COMPLETADO","unresolved","unresolved","","","pending_semantic_review"
"56717ddef8f0bbd8c8633172c8ca2c85c248dfd7","apps/cartera-back/src/controllers/migratePayments.ts","267","console.log","📐 Plazo completo: {expr} cuotas","unresolved","unresolved","","","pending_semantic_review"
"56717ddef8f0bbd8c8633172c8ca2c85c248dfd7","apps/cartera-back/src/controllers/migratePayments.ts","268","console.log","📅 Día de vencimiento: {expr}","unresolved","unresolved","","","pending_semantic_review"
"56717ddef8f0bbd8c8633172c8ca2c85c248dfd7","apps/cartera-back/src/controllers/migratePayments.ts","287","console.log","🎯 INICIANDO PROCESAMIENTO DE PAGOS DESDE JSON SIFCO","unresolved","unresolved","","","pending_semantic_review"
"56717ddef8f0bbd8c8633172c8ca2c85c248dfd7","apps/cartera-back/src/controllers/migratePayments.ts","288","console.log","📦 Total de créditos a procesar: {expr}","unresolved","unresolved","","","pending_semantic_review"
"56717ddef8f0bbd8c8633172c8ca2c85c248dfd7","apps/cartera-back/src/controllers/migratePayments.ts","300","console.warn","⚠️ Crédito {expr} no tiene pagos en el array","unresolved","unresolved","","","pending_semantic_review"
"56717ddef8f0bbd8c8633172c8ca2c85c248dfd7","apps/cartera-back/src/controllers/migratePayments.ts","305","console.log","🔄 Procesando: {expr}","unresolved","unresolved","","","pending_semantic_review"
"56717ddef8f0bbd8c8633172c8ca2c85c248dfd7","apps/cartera-back/src/controllers/migratePayments.ts","306","console.log","📍 Marcar como PAGADAS desde cuota 1 hasta cuota #{expr}","unresolved","unresolved","","","pending_semantic_review"
"56717ddef8f0bbd8c8633172c8ca2c85c248dfd7","apps/cartera-back/src/controllers/migratePayments.ts","314","console.log","✅ Cuotas marcadas como PAGADAS","unresolved","unresolved","","","pending_semantic_review"
"56717ddef8f0bbd8c8633172c8ca2c85c248dfd7","apps/cartera-back/src/controllers/migratePayments.ts","317","console.error","❌ Error procesando {expr}:","unresolved","unresolved","","","pending_semantic_review"
"56717ddef8f0bbd8c8633172c8ca2c85c248dfd7","apps/cartera-back/src/controllers/migratePayments.ts","321","console.log","🎉 PROCESAMIENTO COMPLETADO","unresolved","unresolved","","","pending_semantic_review"
"56717ddef8f0bbd8c8633172c8ca2c85c248dfd7","apps/cartera-back/src/controllers/migratePayments.ts","322","console.log","✅ Exitosos: {expr}","unresolved","unresolved","","","pending_semantic_review"
"56717ddef8f0bbd8c8633172c8ca2c85c248dfd7","apps/cartera-back/src/controllers/migratePayments.ts","323","console.log","❌ Errores: {expr}","unresolved","unresolved","","","pending_semantic_review"
"56717ddef8f0bbd8c8633172c8ca2c85c248dfd7","apps/cartera-back/src/controllers/migratePayments.ts","587","console.log","✅ Cuotas marcadas correctamente hasta la {expr}","unresolved","unresolved","","","pending_semantic_review"
"56717ddef8f0bbd8c8633172c8ca2c85c248dfd7","apps/cartera-back/src/controllers/migratePayments.ts","594","console.log","✅ Cuotas pendientes recalculadas para {expr}","unresolved","unresolved","","","pending_semantic_review"
"56717ddef8f0bbd8c8633172c8ca2c85c248dfd7","apps/cartera-back/src/controllers/mirrorInvestor.ts","141","console.log","[calcularCuotaInversionista] credito={expr} inv={expr}","unresolved","unresolved","","","pending_semantic_review"
"56717ddef8f0bbd8c8633172c8ca2c85c248dfd7","apps/cartera-back/src/controllers/mirrorInvestor.ts","142","console.log","capitalTotal={expr} | cuotaTotal={expr}","unresolved","unresolved","","","pending_semantic_review"
"56717ddef8f0bbd8c8633172c8ca2c85c248dfd7","apps/cartera-back/src/controllers/mirrorInvestor.ts","143","console.log","seguro={expr} | membresias={expr}","unresolved","unresolved","","","pending_semantic_review"
"56717ddef8f0bbd8c8633172c8ca2c85c248dfd7","apps/cartera-back/src/controllers/mirrorInvestor.ts","144","console.log","montoAportadoEspejo={expr} | %participacion={expr}%","unresolved","unresolved","","","pending_semantic_review"
"56717ddef8f0bbd8c8633172c8ca2c85c248dfd7","apps/cartera-back/src/controllers/mirrorInvestor.ts","145","console.log","cuotaSinCargos={expr} | cuotaBase={expr}","unresolved","unresolved","","","pending_semantic_review"
"56717ddef8f0bbd8c8633172c8ca2c85c248dfd7","apps/cartera-back/src/controllers/mirrorInvestor.ts","146","console.log","esMayor={expr} (mayor={expr}, monto={expr})","unresolved","unresolved","","","pending_semantic_review"
"56717ddef8f0bbd8c8633172c8ca2c85c248dfd7","apps/cartera-back/src/controllers/mirrorInvestor.ts","147","console.log","cuotaInversionista={expr}","unresolved","unresolved","","","pending_semantic_review"
"56717ddef8f0bbd8c8633172c8ca2c85c248dfd7","apps/cartera-back/src/controllers/mirrorInvestor.ts","226","console.log","[ESPEJO] Buscando crédito para cliente=""{expr}""{expr}","unresolved","unresolved","","","pending_semantic_review"
"56717ddef8f0bbd8c8633172c8ca2c85c248dfd7","apps/cartera-back/src/controllers/mirrorInvestor.ts","346","console.log","[ESPEJO] Cliente: {expr} | calcularCuota={expr}","unresolved","unresolved","","","pending_semantic_review"
"56717ddef8f0bbd8c8633172c8ca2c85c248dfd7","apps/cartera-back/src/controllers/mirrorInvestor.ts","347","console.log","capital={expr} | inversor={expr} → %cashIn={expr}","unresolved","unresolved","","","pending_semantic_review"
"56717ddef8f0bbd8c8633172c8ca2c85c248dfd7","apps/cartera-back/src/controllers/mirrorInvestor.ts","348","console.log","%interes={expr} | cuotaInteres={expr}","unresolved","unresolved","","","pending_semantic_review"
"56717ddef8f0bbd8c8633172c8ca2c85c248dfd7","apps/cartera-back/src/controllers/mirrorInvestor.ts","349","console.log","montoCashIn={expr} | ivaCashIn={expr}","unresolved","unresolved","","","pending_semantic_review"
"56717ddef8f0bbd8c8633172c8ca2c85c248dfd7","apps/cartera-back/src/controllers/mirrorInvestor.ts","350","console.log","cuotaInversionista={expr}","unresolved","unresolved","","","pending_semantic_review"
"56717ddef8f0bbd8c8633172c8ca2c85c248dfd7","apps/cartera-back/src/controllers/mirrorInvestor.ts","410","console.error","[llenarTablaEspejo] Error:","unresolved","unresolved","","","pending_semantic_review"
"56717ddef8f0bbd8c8633172c8ca2c85c248dfd7","apps/cartera-back/src/controllers/mirrorInvestor.ts","523","console.error","[getCreditsWithMirrors] Error:","unresolved","unresolved","","","pending_semantic_review"
"56717ddef8f0bbd8c8633172c8ca2c85c248dfd7","apps/cartera-back/src/controllers/mirrorInvestor.ts","645","console.error","[getCreditsByInvestor] Error:","unresolved","unresolved","","","pending_semantic_review"
"56717ddef8f0bbd8c8633172c8ca2c85c248dfd7","apps/cartera-back/src/controllers/mirrorInvestor.ts","743","console.error","[asignarReinversionEspejo] Error:","unresolved","unresolved","","","pending_semantic_review"
"56717ddef8f0bbd8c8633172c8ca2c85c248dfd7","apps/cartera-back/src/controllers/paymentAgreement.ts","39","console.log","🚀 ========== INICIANDO CREACIÓN DE CONVENIO ==========","unresolved","unresolved","","","pending_semantic_review"
"56717ddef8f0bbd8c8633172c8ca2c85c248dfd7","apps/cartera-back/src/controllers/paymentAgreement.ts","40","console.log","📦 Input recibido:","unresolved","unresolved","","","pending_semantic_review"
"56717ddef8f0bbd8c8633172c8ca2c85c248dfd7","apps/cartera-back/src/controllers/paymentAgreement.ts","55","console.log","✅ Paso 1: Validando input...","unresolved","unresolved","","","pending_semantic_review"
"56717ddef8f0bbd8c8633172c8ca2c85c248dfd7","apps/cartera-back/src/controllers/paymentAgreement.ts","69","console.log","✅ Input validado correctamente","unresolved","unresolved","","","pending_semantic_review"
"56717ddef8f0bbd8c8633172c8ca2c85c248dfd7","apps/cartera-back/src/controllers/paymentAgreement.ts","74","console.log","✅ Paso 2: Buscando usuario creador...","unresolved","unresolved","","","pending_semantic_review"
"56717ddef8f0bbd8c8633172c8ca2c85c248dfd7","apps/cartera-back/src/controllers/paymentAgreement.ts","86","console.log","✅ Usuario encontrado:","unresolved","unresolved","","","pending_semantic_review"
"56717ddef8f0bbd8c8633172c8ca2c85c248dfd7","apps/cartera-back/src/controllers/paymentAgreement.ts","91","console.log","✅ Paso 3: Buscando pagos y cuotas asociadas...","unresolved","unresolved","","","pending_semantic_review"
"56717ddef8f0bbd8c8633172c8ca2c85c248dfd7","apps/cartera-back/src/controllers/paymentAgreement.ts","92","console.log","🔍 Payment IDs:","unresolved","unresolved","","","pending_semantic_review"
"56717ddef8f0bbd8c8633172c8ca2c85c248dfd7","apps/cartera-back/src/controllers/paymentAgreement.ts","106","console.log","📊 Pagos encontrados:","unresolved","unresolved","","","pending_semantic_review"
"56717ddef8f0bbd8c8633172c8ca2c85c248dfd7","apps/cartera-back/src/controllers/paymentAgreement.ts","107","console.log","📋 Detalle de pagos:","unresolved","unresolved","","","pending_semantic_review"
"56717ddef8f0bbd8c8633172c8ca2c85c248dfd7","apps/cartera-back/src/controllers/paymentAgreement.ts","117","console.log","✅ Todos los pagos existen","unresolved","unresolved","","","pending_semantic_review"
"56717ddef8f0bbd8c8633172c8ca2c85c248dfd7","apps/cartera-back/src/controllers/paymentAgreement.ts","122","console.log","✅ Paso 4: Verificando que todos los pagos pertenezcan al crédito...","unresolved","unresolved","","","pending_semantic_review"
"56717ddef8f0bbd8c8633172c8ca2c85c248dfd7","apps/cartera-back/src/controllers/paymentAgreement.ts","127","console.log","📊 Crédito esperado:","unresolved","unresolved","","","pending_semantic_review"
"56717ddef8f0bbd8c8633172c8ca2c85c248dfd7","apps/cartera-back/src/controllers/paymentAgreement.ts","128","console.log","📊 Créditos en pagos:","unresolved","unresolved","","","pending_semantic_review"
"56717ddef8f0bbd8c8633172c8ca2c85c248dfd7","apps/cartera-back/src/controllers/paymentAgreement.ts","130","console.error","❌ Pagos de diferentes créditos detectados!","unresolved","unresolved","","","pending_semantic_review"
"56717ddef8f0bbd8c8633172c8ca2c85c248dfd7","apps/cartera-back/src/controllers/paymentAgreement.ts","131","console.error","Crédito esperado:","unresolved","unresolved","","","pending_semantic_review"
"56717ddef8f0bbd8c8633172c8ca2c85c248dfd7","apps/cartera-back/src/controllers/paymentAgreement.ts","132","console.error","Créditos en pagos:","unresolved","unresolved","","","pending_semantic_review"
"56717ddef8f0bbd8c8633172c8ca2c85c248dfd7","apps/cartera-back/src/controllers/paymentAgreement.ts","136","console.log","✅ Todos los pagos pertenecen al crédito:","unresolved","unresolved","","","pending_semantic_review"
"56717ddef8f0bbd8c8633172c8ca2c85c248dfd7","apps/cartera-back/src/controllers/paymentAgreement.ts","141","console.log","✅ Paso 5: Validando que los pagos NO estén marcados como pagados...","unresolved","unresolved","","","pending_semantic_review"
"56717ddef8f0bbd8c8633172c8ca2c85c248dfd7","apps/cartera-back/src/controllers/paymentAgreement.ts","154","console.error","❌ Pagos pagados detectados:","unresolved","unresolved","","","pending_semantic_review"
"56717ddef8f0bbd8c8633172c8ca2c85c248dfd7","apps/cartera-back/src/controllers/paymentAgreement.ts","163","console.log","✅ Ningún pago está marcado como pagado","unresolved","unresolved","","","pending_semantic_review"
"56717ddef8f0bbd8c8633172c8ca2c85c248dfd7","apps/cartera-back/src/controllers/paymentAgreement.ts","168","console.log","✅ Paso 6: Validando que las cuotas NO estén pagadas (doble verificación)...","unresolved","unresolved","","","pending_semantic_review"
"56717ddef8f0bbd8c8633172c8ca2c85c248dfd7","apps/cartera-back/src/controllers/paymentAgreement.ts","173","console.error","❌ Cuotas pagadas detectadas:","unresolved","unresolved","","","pending_semantic_review"
"56717ddef8f0bbd8c8633172c8ca2c85c248dfd7","apps/cartera-back/src/controllers/paymentAgreement.ts","182","console.log","✅ Ninguna cuota está pagada","unresolved","unresolved","","","pending_semantic_review"
"56717ddef8f0bbd8c8633172c8ca2c85c248dfd7","apps/cartera-back/src/controllers/paymentAgreement.ts","187","console.log","✅ Paso 7: Verificando que el crédito exista...","unresolved","unresolved","","","pending_semantic_review"
"56717ddef8f0bbd8c8633172c8ca2c85c248dfd7","apps/cartera-back/src/controllers/paymentAgreement.ts","198","console.log","✅ Crédito encontrado!","unresolved","unresolved","","","pending_semantic_review"
"56717ddef8f0bbd8c8633172c8ca2c85c248dfd7","apps/cartera-back/src/controllers/paymentAgreement.ts","199","console.log","📊 Estado actual del crédito:","unresolved","unresolved","","","pending_semantic_review"
"56717ddef8f0bbd8c8633172c8ca2c85c248dfd7","apps/cartera-back/src/controllers/paymentAgreement.ts","200","console.log","📊 Cliente:","unresolved","unresolved","","","pending_semantic_review"
"56717ddef8f0bbd8c8633172c8ca2c85c248dfd7","apps/cartera-back/src/controllers/paymentAgreement.ts","205","console.log","✅ Paso 8: Verificando que NO tenga un convenio activo...","unresolved","unresolved","","","pending_semantic_review"
"56717ddef8f0bbd8c8633172c8ca2c85c248dfd7","apps/cartera-back/src/controllers/paymentAgreement.ts","219","console.error","❌ Ya existe un convenio activo!","unresolved","unresolved","","","pending_semantic_review"
"56717ddef8f0bbd8c8633172c8ca2c85c248dfd7","apps/cartera-back/src/controllers/paymentAgreement.ts","220","console.error","Convenio existente:","unresolved","unresolved","","","pending_semantic_review"
"56717ddef8f0bbd8c8633172c8ca2c85c248dfd7","apps/cartera-back/src/controllers/paymentAgreement.ts","224","console.log","✅ No hay convenios activos para este crédito","unresolved","unresolved","","","pending_semantic_review"
"56717ddef8f0bbd8c8633172c8ca2c85c248dfd7","apps/cartera-back/src/controllers/paymentAgreement.ts","229","console.log","✅ Paso 9: Calculando cuota mensual...","unresolved","unresolved","","","pending_semantic_review"
"56717ddef8f0bbd8c8633172c8ca2c85c248dfd7","apps/cartera-back/src/controllers/paymentAgreement.ts","233","console.log","💰 Monto total convenio:","unresolved","unresolved","","","pending_semantic_review"
"56717ddef8f0bbd8c8633172c8ca2c85c248dfd7","apps/cartera-back/src/controllers/paymentAgreement.ts","234","console.log","📅 Número de meses:","unresolved","unresolved","","","pending_semantic_review"
"56717ddef8f0bbd8c8633172c8ca2c85c248dfd7","apps/cartera-back/src/controllers/paymentAgreement.ts","235","console.log","💵 Cuota mensual calculada:","unresolved","unresolved","","","pending_semantic_review"
"56717ddef8f0bbd8c8633172c8ca2c85c248dfd7","apps/cartera-back/src/controllers/paymentAgreement.ts","240","console.log","✅ Paso 10: Creando el convenio de pago...","unresolved","unresolved","","","pending_semantic_review"
"56717ddef8f0bbd8c8633172c8ca2c85c248dfd7","apps/cartera-back/src/controllers/paymentAgreement.ts","266","console.log","✅ Convenio creado exitosamente!","unresolved","unresolved","","","pending_semantic_review"
"56717ddef8f0bbd8c8633172c8ca2c85c248dfd7","apps/cartera-back/src/controllers/paymentAgreement.ts","267","console.log","🆔 Convenio ID:","unresolved","unresolved","","","pending_semantic_review"
"56717ddef8f0bbd8c8633172c8ca2c85c248dfd7","apps/cartera-back/src/controllers/paymentAgreement.ts","268","console.log","📋 Convenio completo:","unresolved","unresolved","","","pending_semantic_review"
"56717ddef8f0bbd8c8633172c8ca2c85c248dfd7","apps/cartera-back/src/controllers/paymentAgreement.ts","273","console.log","✅ Paso 11: Asociando pagos al convenio...","unresolved","unresolved","","","pending_semantic_review"
"56717ddef8f0bbd8c8633172c8ca2c85c248dfd7","apps/cartera-back/src/controllers/paymentAgreement.ts","288","console.log","📦 Datos a insertar en pivot:","unresolved","unresolved","","","pending_semantic_review"
"56717ddef8f0bbd8c8633172c8ca2c85c248dfd7","apps/cartera-back/src/controllers/paymentAgreement.ts","294","console.log","✅ Pagos asociados al convenio correctamente","unresolved","unresolved","","","pending_semantic_review"
"56717ddef8f0bbd8c8633172c8ca2c85c248dfd7","apps/cartera-back/src/controllers/paymentAgreement.ts","299","console.log","✅ Paso 12: Creando las cuotas del convenio...","unresolved","unresolved","","","pending_semantic_review"
"56717ddef8f0bbd8c8633172c8ca2c85c248dfd7","apps/cartera-back/src/controllers/paymentAgreement.ts","316","console.log","📅 Cuotas pendientes del crédito encontradas: {expr}","unresolved","unresolved","","","pending_semantic_review"
"56717ddef8f0bbd8c8633172c8ca2c85c248dfd7","apps/cartera-back/src/controllers/paymentAgreement.ts","327","console.log","⚠️ No hay cuota pendiente #{expr} en el crédito, se omite","unresolved","unresolved","","","pending_semantic_review"
"56717ddef8f0bbd8c8633172c8ca2c85c248dfd7","apps/cartera-back/src/controllers/paymentAgreement.ts","338","console.log","📋 Cuota {expr}: Vence el {expr}","unresolved","unresolved","","","pending_semantic_review"
"56717ddef8f0bbd8c8633172c8ca2c85c248dfd7","apps/cartera-back/src/controllers/paymentAgreement.ts","343","console.log","✅ Cuotas del convenio creadas exitosamente!","unresolved","unresolved","","","pending_semantic_review"
"56717ddef8f0bbd8c8633172c8ca2c85c248dfd7","apps/cartera-back/src/controllers/paymentAgreement.ts","348","console.log","🔥 ========== ACTUALIZANDO ESTADO DEL CRÉDITO ==========","unresolved","unresolved","","","pending_semantic_review"
"56717ddef8f0bbd8c8633172c8ca2c85c248dfd7","apps/cartera-back/src/controllers/paymentAgreement.ts","349","console.log","🔥 Crédito ID:","unresolved","unresolved","","","pending_semantic_review"
"56717ddef8f0bbd8c8633172c8ca2c85c248dfd7","apps/cartera-back/src/controllers/paymentAgreement.ts","350","console.log","🔥 Estado actual:","unresolved","unresolved","","","pending_semantic_review"
"56717ddef8f0bbd8c8633172c8ca2c85c248dfd7","apps/cartera-back/src/controllers/paymentAgreement.ts","351","console.log","🔥 Estado nuevo: EN_CONVENIO","unresolved","unresolved","","","pending_semantic_review"
"56717ddef8f0bbd8c8633172c8ca2c85c248dfd7","apps/cartera-back/src/controllers/paymentAgreement.ts","352","console.log","🔥 Convenio ID:","unresolved","unresolved","","","pending_semantic_review"
"56717ddef8f0bbd8c8633172c8ca2c85c248dfd7","apps/cartera-back/src/controllers/paymentAgreement.ts","356","console.log","✅ Paso 13: Eliminando mora activa del crédito (si existe)...","unresolved","unresolved","","","pending_semantic_review"
"56717ddef8f0bbd8c8633172c8ca2c85c248dfd7","apps/cartera-back/src/controllers/paymentAgreement.ts","369","console.log","✅ Se eliminaron {expr} mora(s) activa(s)","unresolved","unresolved","","","pending_semantic_review"
"56717ddef8f0bbd8c8633172c8ca2c85c248dfd7","apps/cartera-back/src/controllers/paymentAgreement.ts","371","console.log","ℹ️ No había moras activas para eliminar","unresolved","unresolved","","","pending_semantic_review"
"56717ddef8f0bbd8c8633172c8ca2c85c248dfd7","apps/cartera-back/src/controllers/paymentAgreement.ts","381","console.log","🔥 Resultado del UPDATE:","unresolved","unresolved","","","pending_semantic_review"
"56717ddef8f0bbd8c8633172c8ca2c85c248dfd7","apps/cartera-back/src/controllers/paymentAgreement.ts","382","console.log","🔥 Cantidad de registros actualizados:","unresolved","unresolved","","","pending_semantic_review"
"56717ddef8f0bbd8c8633172c8ca2c85c248dfd7","apps/cartera-back/src/controllers/paymentAgreement.ts","385","console.log","✅ Nuevo estado del crédito:","unresolved","unresolved","","","pending_semantic_review"
"56717ddef8f0bbd8c8633172c8ca2c85c248dfd7","apps/cartera-back/src/controllers/paymentAgreement.ts","386","console.log","✅ ¡Estado actualizado correctamente!","unresolved","unresolved","","","pending_semantic_review"
"56717ddef8f0bbd8c8633172c8ca2c85c248dfd7","apps/cartera-back/src/controllers/paymentAgreement.ts","388","console.error","❌ NO SE ACTUALIZÓ NINGÚN REGISTRO!","unresolved","unresolved","","","pending_semantic_review"
"56717ddef8f0bbd8c8633172c8ca2c85c248dfd7","apps/cartera-back/src/controllers/paymentAgreement.ts","389","console.error","❌ Verificar que el credit_id existe:","unresolved","unresolved","","","pending_semantic_review"
"56717ddef8f0bbd8c8633172c8ca2c85c248dfd7","apps/cartera-back/src/controllers/paymentAgreement.ts","392","console.log","🔥 ========== FIN ACTUALIZACIÓN DE ESTADO ==========","unresolved","unresolved","","","pending_semantic_review"
"56717ddef8f0bbd8c8633172c8ca2c85c248dfd7","apps/cartera-back/src/controllers/paymentAgreement.ts","397","console.log","🎉 ========== CONVENIO CREADO EXITOSAMENTE ==========","unresolved","unresolved","","","pending_semantic_review"
"56717ddef8f0bbd8c8633172c8ca2c85c248dfd7","apps/cartera-back/src/controllers/paymentAgreement.ts","398","console.log","✅ Todo el proceso completado sin errores","unresolved","unresolved","","","pending_semantic_review"
"56717ddef8f0bbd8c8633172c8ca2c85c248dfd7","apps/cartera-back/src/controllers/paymentAgreement.ts","399","console.log","🆔 Convenio ID:","unresolved","unresolved","","","pending_semantic_review"
"56717ddef8f0bbd8c8633172c8ca2c85c248dfd7","apps/cartera-back/src/controllers/paymentAgreement.ts","400","console.log","💰 Monto total:","unresolved","unresolved","","","pending_semantic_review"
"56717ddef8f0bbd8c8633172c8ca2c85c248dfd7","apps/cartera-back/src/controllers/paymentAgreement.ts","401","console.log","📅 Cuotas creadas:","unresolved","unresolved","","","pending_semantic_review"
"56717ddef8f0bbd8c8633172c8ca2c85c248dfd7","apps/cartera-back/src/controllers/paymentAgreement.ts","402","console.log","📊 Estado del crédito:","unresolved","unresolved","","","pending_semantic_review"
"56717ddef8f0bbd8c8633172c8ca2c85c248dfd7","apps/cartera-back/src/controllers/paymentAgreement.ts","403","console.log","🎉 ========================================","unresolved","unresolved","","","pending_semantic_review"
"56717ddef8f0bbd8c8633172c8ca2c85c248dfd7","apps/cartera-back/src/controllers/paymentAgreement.ts","411","console.error","💥 ========== ERROR EN CREACIÓN DE CONVENIO ==========","unresolved","unresolved","","","pending_semantic_review"
"56717ddef8f0bbd8c8633172c8ca2c85c248dfd7","apps/cartera-back/src/controllers/paymentAgreement.ts","412","console.error","❌ Error:","unresolved","unresolved","","","pending_semantic_review"
"56717ddef8f0bbd8c8633172c8ca2c85c248dfd7","apps/cartera-back/src/controllers/paymentAgreement.ts","413","console.error","❌ Mensaje:","unresolved","unresolved","","","pending_semantic_review"
"56717ddef8f0bbd8c8633172c8ca2c85c248dfd7","apps/cartera-back/src/controllers/paymentAgreement.ts","414","console.error","❌ Stack:","unresolved","unresolved","","","pending_semantic_review"
"56717ddef8f0bbd8c8633172c8ca2c85c248dfd7","apps/cartera-back/src/controllers/paymentAgreement.ts","415","console.error","💥 ========================================","unresolved","unresolved","","","pending_semantic_review"
"56717ddef8f0bbd8c8633172c8ca2c85c248dfd7","apps/cartera-back/src/controllers/paymentAgreement.ts","611","console.error","Error processing agreement {expr}:","unresolved","unresolved","","","pending_semantic_review"
"56717ddef8f0bbd8c8633172c8ca2c85c248dfd7","apps/cartera-back/src/controllers/paymentAgreement.ts","638","console.error","Error getting payment agreements:","unresolved","unresolved","","","pending_semantic_review"
"56717ddef8f0bbd8c8633172c8ca2c85c248dfd7","apps/cartera-back/src/controllers/paymentAgreement.ts","803","console.log","✅ Marcando {expr} cuota(s) del convenio como pagada(s) (acumulado)","unresolved","unresolved","","","pending_semantic_review"
"56717ddef8f0bbd8c8633172c8ca2c85c248dfd7","apps/cartera-back/src/controllers/paymentAgreement.ts","849","console.log","✅ Cuotas marcadas: {expr}","unresolved","unresolved","","","pending_semantic_review"
"56717ddef8f0bbd8c8633172c8ca2c85c248dfd7","apps/cartera-back/src/controllers/paymentAgreement.ts","855","console.log","⚠️ No se encontraron cuotas pendientes para marcar","unresolved","unresolved","","","pending_semantic_review"
"56717ddef8f0bbd8c8633172c8ca2c85c248dfd7","apps/cartera-back/src/controllers/paymentAgreement.ts","858","console.log","⚠️ Pago parcial - el acumulado aún no completa una cuota del convenio","unresolved","unresolved","","","pending_semantic_review"
"56717ddef8f0bbd8c8633172c8ca2c85c248dfd7","apps/cartera-back/src/controllers/paymentAgreement.ts","889","console.error","Error procesando pago de convenio:","unresolved","unresolved","","","pending_semantic_review"
"56717ddef8f0bbd8c8633172c8ca2c85c248dfd7","apps/cartera-back/src/controllers/paymentAgreement.ts","953","console.log","🔵 ========== INICIANDO PROCESO DE CUOTAS DE CONVENIO ==========","unresolved","unresolved","","","pending_semantic_review"
"56717ddef8f0bbd8c8633172c8ca2c85c248dfd7","apps/cartera-back/src/controllers/paymentAgreement.ts","954","console.log","📋 Convenio ID:","unresolved","unresolved","","","pending_semantic_review"
"56717ddef8f0bbd8c8633172c8ca2c85c248dfd7","apps/cartera-back/src/controllers/paymentAgreement.ts","955","console.log","💰 Monto disponible:","unresolved","unresolved","","","pending_semantic_review"
"56717ddef8f0bbd8c8633172c8ca2c85c248dfd7","apps/cartera-back/src/controllers/paymentAgreement.ts","984","console.log","📊 Total de cuotas en convenio: {expr}","unresolved","unresolved","","","pending_semantic_review"
"56717ddef8f0bbd8c8633172c8ca2c85c248dfd7","apps/cartera-back/src/controllers/paymentAgreement.ts","990","console.log","✅ Usando información precargada del crédito (OPTIMIZADO)","unresolved","unresolved","","","pending_semantic_review"
"56717ddef8f0bbd8c8633172c8ca2c85c248dfd7","apps/cartera-back/src/controllers/paymentAgreement.ts","991","console.log","👥 Total inversionistas: {expr}","unresolved","unresolved","","","pending_semantic_review"
"56717ddef8f0bbd8c8633172c8ca2c85c248dfd7","apps/cartera-back/src/controllers/paymentAgreement.ts","1002","console.log","💰 Total monto cash in:","unresolved","unresolved","","","pending_semantic_review"
"56717ddef8f0bbd8c8633172c8ca2c85c248dfd7","apps/cartera-back/src/controllers/paymentAgreement.ts","1003","console.log","💰 Total IVA cash in:","unresolved","unresolved","","","pending_semantic_review"
"56717ddef8f0bbd8c8633172c8ca2c85c248dfd7","apps/cartera-back/src/controllers/paymentAgreement.ts","1013","console.log","===============================","unresolved","unresolved","","","pending_semantic_review"
"56717ddef8f0bbd8c8633172c8ca2c85c248dfd7","apps/cartera-back/src/controllers/paymentAgreement.ts","1014","console.log","🚀 Procesando cuota #{expr}","unresolved","unresolved","","","pending_semantic_review"
"56717ddef8f0bbd8c8633172c8ca2c85c248dfd7","apps/cartera-back/src/controllers/paymentAgreement.ts","1015","console.log","💰 Disponible antes de cuota: ${expr}","unresolved","unresolved","","","pending_semantic_review"
"56717ddef8f0bbd8c8633172c8ca2c85c248dfd7","apps/cartera-back/src/controllers/paymentAgreement.ts","1018","console.log","⛔ Sin saldo disponible, deteniendo proceso","unresolved","unresolved","","","pending_semantic_review"
"56717ddef8f0bbd8c8633172c8ca2c85c248dfd7","apps/cartera-back/src/controllers/paymentAgreement.ts","1042","console.log","🔍 ========== INICIO DISTRIBUCIÓN DE PAGO ==========","unresolved","unresolved","","","pending_semantic_review"
"56717ddef8f0bbd8c8633172c8ca2c85c248dfd7","apps/cartera-back/src/controllers/paymentAgreement.ts","1043","console.log","💰 Monto disponible inicial:","unresolved","unresolved","","","pending_semantic_review"
"56717ddef8f0bbd8c8633172c8ca2c85c248dfd7","apps/cartera-back/src/controllers/paymentAgreement.ts","1048","console.log","📌 PASO 1: Pagar Interés","unresolved","unresolved","","","pending_semantic_review"
"56717ddef8f0bbd8c8633172c8ca2c85c248dfd7","apps/cartera-back/src/controllers/paymentAgreement.ts","1049","console.log","Interés restante:","unresolved","unresolved","","","pending_semantic_review"
"56717ddef8f0bbd8c8633172c8ca2c85c248dfd7","apps/cartera-back/src/controllers/paymentAgreement.ts","1054","console.log","✅ Pago a aplicar:","unresolved","unresolved","","","pending_semantic_review"
"56717ddef8f0bbd8c8633172c8ca2c85c248dfd7","apps/cartera-back/src/controllers/paymentAgreement.ts","1057","console.log","💵 Disponible restante:","unresolved","unresolved","","","pending_semantic_review"
"56717ddef8f0bbd8c8633172c8ca2c85c248dfd7","apps/cartera-back/src/controllers/paymentAgreement.ts","1059","console.log","⏭️ Saltado (sin saldo o sin deuda)","unresolved","unresolved","","","pending_semantic_review"
"56717ddef8f0bbd8c8633172c8ca2c85c248dfd7","apps/cartera-back/src/controllers/paymentAgreement.ts","1063","console.log","📌 PASO 2: Pagar IVA","unresolved","unresolved","","","pending_semantic_review"
"56717ddef8f0bbd8c8633172c8ca2c85c248dfd7","apps/cartera-back/src/controllers/paymentAgreement.ts","1064","console.log","IVA restante:","unresolved","unresolved","","","pending_semantic_review"
"56717ddef8f0bbd8c8633172c8ca2c85c248dfd7","apps/cartera-back/src/controllers/paymentAgreement.ts","1069","console.log","✅ Pago a aplicar:","unresolved","unresolved","","","pending_semantic_review"
"56717ddef8f0bbd8c8633172c8ca2c85c248dfd7","apps/cartera-back/src/controllers/paymentAgreement.ts","1072","console.log","💵 Disponible restante:","unresolved","unresolved","","","pending_semantic_review"
"56717ddef8f0bbd8c8633172c8ca2c85c248dfd7","apps/cartera-back/src/controllers/paymentAgreement.ts","1074","console.log","⏭️ Saltado (sin saldo o sin deuda)","unresolved","unresolved","","","pending_semantic_review"
"56717ddef8f0bbd8c8633172c8ca2c85c248dfd7","apps/cartera-back/src/controllers/paymentAgreement.ts","1078","console.log","📌 PASO 3: Pagar Seguro","unresolved","unresolved","","","pending_semantic_review"
"56717ddef8f0bbd8c8633172c8ca2c85c248dfd7","apps/cartera-back/src/controllers/paymentAgreement.ts","1079","console.log","Seguro restante:","unresolved","unresolved","","","pending_semantic_review"
"56717ddef8f0bbd8c8633172c8ca2c85c248dfd7","apps/cartera-back/src/controllers/paymentAgreement.ts","1084","console.log","✅ Pago a aplicar:","unresolved","unresolved","","","pending_semantic_review"
"56717ddef8f0bbd8c8633172c8ca2c85c248dfd7","apps/cartera-back/src/controllers/paymentAgreement.ts","1087","console.log","💵 Disponible restante:","unresolved","unresolved","","","pending_semantic_review"
"56717ddef8f0bbd8c8633172c8ca2c85c248dfd7","apps/cartera-back/src/controllers/paymentAgreement.ts","1089","console.log","⏭️ Saltado (sin saldo o sin deuda)","unresolved","unresolved","","","pending_semantic_review"
"56717ddef8f0bbd8c8633172c8ca2c85c248dfd7","apps/cartera-back/src/controllers/paymentAgreement.ts","1093","console.log","📌 PASO 4: Pagar GPS","unresolved","unresolved","","","pending_semantic_review"
"56717ddef8f0bbd8c8633172c8ca2c85c248dfd7","apps/cartera-back/src/controllers/paymentAgreement.ts","1094","console.log","GPS restante:","unresolved","unresolved","","","pending_semantic_review"
"56717ddef8f0bbd8c8633172c8ca2c85c248dfd7","apps/cartera-back/src/controllers/paymentAgreement.ts","1099","console.log","✅ Pago a aplicar:","unresolved","unresolved","","","pending_semantic_review"
"56717ddef8f0bbd8c8633172c8ca2c85c248dfd7","apps/cartera-back/src/controllers/paymentAgreement.ts","1102","console.log","💵 Disponible restante:","unresolved","unresolved","","","pending_semantic_review"
"56717ddef8f0bbd8c8633172c8ca2c85c248dfd7","apps/cartera-back/src/controllers/paymentAgreement.ts","1104","console.log","⏭️ Saltado (sin saldo o sin deuda)","unresolved","unresolved","","","pending_semantic_review"
"56717ddef8f0bbd8c8633172c8ca2c85c248dfd7","apps/cartera-back/src/controllers/paymentAgreement.ts","1108","console.log","📌 PASO 5: Pagar Membresías","unresolved","unresolved","","","pending_semantic_review"
"56717ddef8f0bbd8c8633172c8ca2c85c248dfd7","apps/cartera-back/src/controllers/paymentAgreement.ts","1109","console.log","Membresías restante:","unresolved","unresolved","","","pending_semantic_review"
"56717ddef8f0bbd8c8633172c8ca2c85c248dfd7","apps/cartera-back/src/controllers/paymentAgreement.ts","1114","console.log","✅ Pago a aplicar:","unresolved","unresolved","","","pending_semantic_review"
"56717ddef8f0bbd8c8633172c8ca2c85c248dfd7","apps/cartera-back/src/controllers/paymentAgreement.ts","1117","console.log","💵 Disponible restante:","unresolved","unresolved","","","pending_semantic_review"
"56717ddef8f0bbd8c8633172c8ca2c85c248dfd7","apps/cartera-back/src/controllers/paymentAgreement.ts","1119","console.log","⏭️ Saltado (sin saldo o sin deuda)","unresolved","unresolved","","","pending_semantic_review"
"56717ddef8f0bbd8c8633172c8ca2c85c248dfd7","apps/cartera-back/src/controllers/paymentAgreement.ts","1123","console.log","📌 PASO 6: Pagar Capital","unresolved","unresolved","","","pending_semantic_review"
"56717ddef8f0bbd8c8633172c8ca2c85c248dfd7","apps/cartera-back/src/controllers/paymentAgreement.ts","1124","console.log","Capital restante:","unresolved","unresolved","","","pending_semantic_review"
"56717ddef8f0bbd8c8633172c8ca2c85c248dfd7","apps/cartera-back/src/controllers/paymentAgreement.ts","1129","console.log","✅ Pago a aplicar:","unresolved","unresolved","","","pending_semantic_review"
"56717ddef8f0bbd8c8633172c8ca2c85c248dfd7","apps/cartera-back/src/controllers/paymentAgreement.ts","1132","console.log","💵 Disponible restante:","unresolved","unresolved","","","pending_semantic_review"
"56717ddef8f0bbd8c8633172c8ca2c85c248dfd7","apps/cartera-back/src/controllers/paymentAgreement.ts","1134","console.log","⏭️ Saltado (sin saldo o sin deuda)","unresolved","unresolved","","","pending_semantic_review"
"56717ddef8f0bbd8c8633172c8ca2c85c248dfd7","apps/cartera-back/src/controllers/paymentAgreement.ts","1137","console.log","🔍 ========== RESUMEN DE ABONOS ==========","unresolved","unresolved","","","pending_semantic_review"
"56717ddef8f0bbd8c8633172c8ca2c85c248dfd7","apps/cartera-back/src/controllers/paymentAgreement.ts","1138","console.log","💵 Abono Interés:","unresolved","unresolved","","","pending_semantic_review"
"56717ddef8f0bbd8c8633172c8ca2c85c248dfd7","apps/cartera-back/src/controllers/paymentAgreement.ts","1139","console.log","💵 Abono IVA 12%:","unresolved","unresolved","","","pending_semantic_review"
"56717ddef8f0bbd8c8633172c8ca2c85c248dfd7","apps/cartera-back/src/controllers/paymentAgreement.ts","1140","console.log","💵 Abono Seguro:","unresolved","unresolved","","","pending_semantic_review"
"56717ddef8f0bbd8c8633172c8ca2c85c248dfd7","apps/cartera-back/src/controllers/paymentAgreement.ts","1141","console.log","💵 Abono GPS:","unresolved","unresolved","","","pending_semantic_review"
"56717ddef8f0bbd8c8633172c8ca2c85c248dfd7","apps/cartera-back/src/controllers/paymentAgreement.ts","1142","console.log","💵 Abono Membresías:","unresolved","unresolved","","","pending_semantic_review"
"56717ddef8f0bbd8c8633172c8ca2c85c248dfd7","apps/cartera-back/src/controllers/paymentAgreement.ts","1143","console.log","💵 Abono Capital:","unresolved","unresolved","","","pending_semantic_review"
"56717ddef8f0bbd8c8633172c8ca2c85c248dfd7","apps/cartera-back/src/controllers/paymentAgreement.ts","1144","console.log","💰 Sobrante sin aplicar:","unresolved","unresolved","","","pending_semantic_review"
"56717ddef8f0bbd8c8633172c8ca2c85c248dfd7","apps/cartera-back/src/controllers/paymentAgreement.ts","1147","console.log","🔍 ========== CALCULANDO NUEVOS RESTANTES ==========","unresolved","unresolved","","","pending_semantic_review"
"56717ddef8f0bbd8c8633172c8ca2c85c248dfd7","apps/cartera-back/src/controllers/paymentAgreement.ts","1155","console.log","📊 Nuevo Interés Restante:","unresolved","unresolved","","","pending_semantic_review"
"56717ddef8f0bbd8c8633172c8ca2c85c248dfd7","apps/cartera-back/src/controllers/paymentAgreement.ts","1156","console.log","📊 Nuevo IVA Restante:","unresolved","unresolved","","","pending_semantic_review"
"56717ddef8f0bbd8c8633172c8ca2c85c248dfd7","apps/cartera-back/src/controllers/paymentAgreement.ts","1157","console.log","📊 Nuevo Seguro Restante:","unresolved","unresolved","","","pending_semantic_review"
"56717ddef8f0bbd8c8633172c8ca2c85c248dfd7","apps/cartera-back/src/controllers/paymentAgreement.ts","1158","console.log","📊 Nuevo GPS Restante:","unresolved","unresolved","","","pending_semantic_review"
"56717ddef8f0bbd8c8633172c8ca2c85c248dfd7","apps/cartera-back/src/controllers/paymentAgreement.ts","1159","console.log","📊 Nuevo Membresías Restante:","unresolved","unresolved","","","pending_semantic_review"
"56717ddef8f0bbd8c8633172c8ca2c85c248dfd7","apps/cartera-back/src/controllers/paymentAgreement.ts","1160","console.log","📊 Nuevo Capital Restante:","unresolved","unresolved","","","pending_semantic_review"
"56717ddef8f0bbd8c8633172c8ca2c85c248dfd7","apps/cartera-back/src/controllers/paymentAgreement.ts","1163","console.log","🔍 ========== CALCULANDO PAGO DEL MES ==========","unresolved","unresolved","","","pending_semantic_review"
"56717ddef8f0bbd8c8633172c8ca2c85c248dfd7","apps/cartera-back/src/controllers/paymentAgreement.ts","1165","console.log","💰 Pago del mes actual (DB):","unresolved","unresolved","","","pending_semantic_review"
"56717ddef8f0bbd8c8633172c8ca2c85c248dfd7","apps/cartera-back/src/controllers/paymentAgreement.ts","1166","console.log","💵 Monto boleta actual:","unresolved","unresolved","","","pending_semantic_review"
"56717ddef8f0bbd8c8633172c8ca2c85c248dfd7","apps/cartera-back/src/controllers/paymentAgreement.ts","1170","console.log","💵 Pago del mes TOTAL:","unresolved","unresolved","","","pending_semantic_review"
"56717ddef8f0bbd8c8633172c8ca2c85c248dfd7","apps/cartera-back/src/controllers/paymentAgreement.ts","1171","console.log","🔍 ========== FIN ==========","unresolved","unresolved","","","pending_semantic_review"
"56717ddef8f0bbd8c8633172c8ca2c85c248dfd7","apps/cartera-back/src/controllers/paymentAgreement.ts","1182","console.log","<dynamic>","unresolved","unresolved","","","pending_semantic_review"
"56717ddef8f0bbd8c8633172c8ca2c85c248dfd7","apps/cartera-back/src/controllers/paymentAgreement.ts","1266","console.log","✅ Cuota {expr} PAGADA COMPLETAMENTE","unresolved","unresolved","","","pending_semantic_review"
"56717ddef8f0bbd8c8633172c8ca2c85c248dfd7","apps/cartera-back/src/controllers/paymentAgreement.ts","1292","console.log","⚠️ Cuota {expr} con PAGO PARCIAL","unresolved","unresolved","","","pending_semantic_review"
"56717ddef8f0bbd8c8633172c8ca2c85c248dfd7","apps/cartera-back/src/controllers/paymentAgreement.ts","1357","console.log","pagoInsertado cuota parcial:","unresolved","unresolved","","","pending_semantic_review"
"56717ddef8f0bbd8c8633172c8ca2c85c248dfd7","apps/cartera-back/src/controllers/paymentAgreement.ts","1396","console.log","⛔ Sin saldo disponible, deteniendo proceso","unresolved","unresolved","","","pending_semantic_review"
"56717ddef8f0bbd8c8633172c8ca2c85c248dfd7","apps/cartera-back/src/controllers/paymentAgreement.ts","1401","console.log","🔵 ========== FIN PROCESO DE CUOTAS DE CONVENIO ==========","unresolved","unresolved","","","pending_semantic_review"
"56717ddef8f0bbd8c8633172c8ca2c85c248dfd7","apps/cartera-back/src/controllers/paymentAgreement.ts","1402","console.log","✅ Total de cuotas procesadas: {expr}","unresolved","unresolved","","","pending_semantic_review"
"56717ddef8f0bbd8c8633172c8ca2c85c248dfd7","apps/cartera-back/src/controllers/paymentAgreement.ts","1403","console.log","✅ Cuotas completadas: {expr}","unresolved","unresolved","","","pending_semantic_review"
"56717ddef8f0bbd8c8633172c8ca2c85c248dfd7","apps/cartera-back/src/controllers/paymentAgreement.ts","1404","console.log","⚠️ Cuotas parciales: {expr}","unresolved","unresolved","","","pending_semantic_review"
"56717ddef8f0bbd8c8633172c8ca2c85c248dfd7","apps/cartera-back/src/controllers/paymentAgreement.ts","1405","console.log","💰 Saldo restante: {expr}","unresolved","unresolved","","","pending_semantic_review"
"56717ddef8f0bbd8c8633172c8ca2c85c248dfd7","apps/cartera-back/src/controllers/paymentAgreement.ts","1418","console.error","Error procesando cuotas del convenio:","unresolved","unresolved","","","pending_semantic_review"
"56717ddef8f0bbd8c8633172c8ca2c85c248dfd7","apps/cartera-back/src/controllers/paymentAgreement.ts","1445","console.log","🔴 Eliminando convenio y procesando mora...","unresolved","unresolved","","","pending_semantic_review"
"56717ddef8f0bbd8c8633172c8ca2c85c248dfd7","apps/cartera-back/src/controllers/paymentAgreement.ts","1451","console.log","✅ Cuotas del convenio eliminadas","unresolved","unresolved","","","pending_semantic_review"
"56717ddef8f0bbd8c8633172c8ca2c85c248dfd7","apps/cartera-back/src/controllers/paymentAgreement.ts","1457","console.log","✅ Relación pagos-convenio eliminada","unresolved","unresolved","","","pending_semantic_review"
"56717ddef8f0bbd8c8633172c8ca2c85c248dfd7","apps/cartera-back/src/controllers/paymentAgreement.ts","1463","console.log","✅ Convenio eliminado","unresolved","unresolved","","","pending_semantic_review"
"56717ddef8f0bbd8c8633172c8ca2c85c248dfd7","apps/cartera-back/src/controllers/paymentAgreement.ts","1492","console.log","📊 Cuotas atrasadas encontradas: {expr}","unresolved","unresolved","","","pending_semantic_review"
"56717ddef8f0bbd8c8633172c8ca2c85c248dfd7","apps/cartera-back/src/controllers/paymentAgreement.ts","1500","console.log","💰 Monto mora calculado: Q{expr}","unresolved","unresolved","","","pending_semantic_review"
"56717ddef8f0bbd8c8633172c8ca2c85c248dfd7","apps/cartera-back/src/controllers/paymentAgreement.ts","1520","console.error","⚠️ createMora falló al recrear mora tras eliminar convenio:","unresolved","unresolved","","","pending_semantic_review"
"56717ddef8f0bbd8c8633172c8ca2c85c248dfd7","apps/cartera-back/src/controllers/paymentAgreement.ts","1527","console.log","✅ Resultado createMora:","unresolved","unresolved","","","pending_semantic_review"
"56717ddef8f0bbd8c8633172c8ca2c85c248dfd7","apps/cartera-back/src/controllers/paymentAgreement.ts","1535","console.log","✅ Crédito actualizado a ACTIVO (sin cuotas atrasadas)","unresolved","unresolved","","","pending_semantic_review"
"56717ddef8f0bbd8c8633172c8ca2c85c248dfd7","apps/cartera-back/src/controllers/paymentAgreement.ts","1549","console.error","Error updating convenio status:","unresolved","unresolved","","","pending_semantic_review"
"56717ddef8f0bbd8c8633172c8ca2c85c248dfd7","apps/cartera-back/src/controllers/payments.ts","100","console.error","❌ Error revirtiendo locks de devolución:","unresolved","unresolved","","","pending_semantic_review"
"56717ddef8f0bbd8c8633172c8ca2c85c248dfd7","apps/cartera-back/src/controllers/payments.ts","218","console.log","boletasArr","unresolved","unresolved","","","pending_semantic_review"
"56717ddef8f0bbd8c8633172c8ca2c85c248dfd7","apps/cartera-back/src/controllers/payments.ts","300","console.error","[getAllPagosWithCreditAndInversionistas] Error:","unresolved","unresolved","","","pending_semantic_review"
"56717ddef8f0bbd8c8633172c8ca2c85c248dfd7","apps/cartera-back/src/controllers/payments.ts","420","console.log","🔍 ========== INICIO insertPagosCreditoInversionistas ==========","unresolved","unresolved","","","pending_semantic_review"
"56717ddef8f0bbd8c8633172c8ca2c85c248dfd7","apps/cartera-back/src/controllers/payments.ts","423","console.log","📥 Parámetros:","unresolved","unresolved","","","pending_semantic_review"
"56717ddef8f0bbd8c8633172c8ca2c85c248dfd7","apps/cartera-back/src/controllers/payments.ts","424","console.log","pago_id: {expr}","unresolved","unresolved","","","pending_semantic_review"
"56717ddef8f0bbd8c8633172c8ca2c85c248dfd7","apps/cartera-back/src/controllers/payments.ts","425","console.log","credito_id: {expr}","unresolved","unresolved","","","pending_semantic_review"
"56717ddef8f0bbd8c8633172c8ca2c85c248dfd7","apps/cartera-back/src/controllers/payments.ts","426","console.log","excludeCube: {expr}","unresolved","unresolved","","","pending_semantic_review"
"56717ddef8f0bbd8c8633172c8ca2c85c248dfd7","apps/cartera-back/src/controllers/payments.ts","433","console.log","📊 Inversionistas encontrados: {expr}","unresolved","unresolved","","","pending_semantic_review"
"56717ddef8f0bbd8c8633172c8ca2c85c248dfd7","apps/cartera-back/src/controllers/payments.ts","436","console.error","❌ No hay inversionistas registrados para este crédito","unresolved","unresolved","","","pending_semantic_review"
"56717ddef8f0bbd8c8633172c8ca2c85c248dfd7","apps/cartera-back/src/controllers/payments.ts","444","console.log","💳 Pago actual encontrado:","unresolved","unresolved","","","pending_semantic_review"
"56717ddef8f0bbd8c8633172c8ca2c85c248dfd7","apps/cartera-back/src/controllers/payments.ts","445","console.log","pago_id:","unresolved","unresolved","","","pending_semantic_review"
"56717ddef8f0bbd8c8633172c8ca2c85c248dfd7","apps/cartera-back/src/controllers/payments.ts","446","console.log","cuota:","unresolved","unresolved","","","pending_semantic_review"
"56717ddef8f0bbd8c8633172c8ca2c85c248dfd7","apps/cartera-back/src/controllers/payments.ts","452","console.log","🏦 Crédito actual:","unresolved","unresolved","","","pending_semantic_review"
"56717ddef8f0bbd8c8633172c8ca2c85c248dfd7","apps/cartera-back/src/controllers/payments.ts","453","console.log","credito_id:","unresolved","unresolved","","","pending_semantic_review"
"56717ddef8f0bbd8c8633172c8ca2c85c248dfd7","apps/cartera-back/src/controllers/payments.ts","454","console.log","membresias_pago:","unresolved","unresolved","","","pending_semantic_review"
"56717ddef8f0bbd8c8633172c8ca2c85c248dfd7","apps/cartera-back/src/controllers/payments.ts","455","console.log","gps:","unresolved","unresolved","","","pending_semantic_review"
"56717ddef8f0bbd8c8633172c8ca2c85c248dfd7","apps/cartera-back/src/controllers/payments.ts","456","console.log","seguro_10_cuotas:","unresolved","unresolved","","","pending_semantic_review"
"56717ddef8f0bbd8c8633172c8ca2c85c248dfd7","apps/cartera-back/src/controllers/payments.ts","477","console.log","👥 Inversionistas con nombres:","unresolved","unresolved","","","pending_semantic_review"
"56717ddef8f0bbd8c8633172c8ca2c85c248dfd7","apps/cartera-back/src/controllers/payments.ts","479","console.log","{expr}. {expr} (ID: {expr}) status={expr}","unresolved","unresolved","","","pending_semantic_review"
"56717ddef8f0bbd8c8633172c8ca2c85c248dfd7","apps/cartera-back/src/controllers/payments.ts","483","console.error","❌ No se encontraron inversionistas","unresolved","unresolved","","","pending_semantic_review"
"56717ddef8f0bbd8c8633172c8ca2c85c248dfd7","apps/cartera-back/src/controllers/payments.ts","495","console.log","🔍 Inversionistas después de filtrar (excludeCube={expr}, inversionista_id={expr}): {expr}","unresolved","unresolved","","","pending_semantic_review"
"56717ddef8f0bbd8c8633172c8ca2c85c248dfd7","apps/cartera-back/src/controllers/payments.ts","499","console.log","{expr}. {expr} | cuota_inversionista: [{expr}] (type: {expr}) | Big: {expr}","unresolved","unresolved","","","pending_semantic_review"
"56717ddef8f0bbd8c8633172c8ca2c85c248dfd7","apps/cartera-back/src/controllers/payments.ts","503","console.log","⚠️ No hay inversionistas para procesar, saliendo...","unresolved","unresolved","","","pending_semantic_review"
"56717ddef8f0bbd8c8633172c8ca2c85c248dfd7","apps/cartera-back/src/controllers/payments.ts","561","console.log","🏆 Mayor por monto efectivo PRE-compra (hay compras del mes: {expr})","unresolved","unresolved","","","pending_semantic_review"
"56717ddef8f0bbd8c8633172c8ca2c85c248dfd7","apps/cartera-back/src/controllers/payments.ts","565","console.log","{expr}: efectivo={expr} (aportado={expr}, compras_mes={expr})","unresolved","unresolved","","","pending_semantic_review"
"56717ddef8f0bbd8c8633172c8ca2c85c248dfd7","apps/cartera-back/src/controllers/payments.ts","582","console.log","🏆 Mayor cuota encontrada:","unresolved","unresolved","","","pending_semantic_review"
"56717ddef8f0bbd8c8633172c8ca2c85c248dfd7","apps/cartera-back/src/controllers/payments.ts","583","console.log","Índice: {expr}","unresolved","unresolved","","","pending_semantic_review"
"56717ddef8f0bbd8c8633172c8ca2c85c248dfd7","apps/cartera-back/src/controllers/payments.ts","584","console.log","Inversionista: {expr}","unresolved","unresolved","","","pending_semantic_review"
"56717ddef8f0bbd8c8633172c8ca2c85c248dfd7","apps/cartera-back/src/controllers/payments.ts","587","console.log","Valor cuota: {expr}","unresolved","unresolved","","","pending_semantic_review"
"56717ddef8f0bbd8c8633172c8ca2c85c248dfd7","apps/cartera-back/src/controllers/payments.ts","590","console.log","inversionista_id: {expr}","unresolved","unresolved","","","pending_semantic_review"
"56717ddef8f0bbd8c8633172c8ca2c85c248dfd7","apps/cartera-back/src/controllers/payments.ts","599","console.log","🎯 Filtrando solo inversionista_id: {expr}","unresolved","unresolved","","","pending_semantic_review"
"56717ddef8f0bbd8c8633172c8ca2c85c248dfd7","apps/cartera-back/src/controllers/payments.ts","604","console.log","--- 💼 Procesando inversionista {expr}/{expr} ---","unresolved","unresolved","","","pending_semantic_review"
"56717ddef8f0bbd8c8633172c8ca2c85c248dfd7","apps/cartera-back/src/controllers/payments.ts","607","console.log","Nombre: {expr}","unresolved","unresolved","","","pending_semantic_review"
"56717ddef8f0bbd8c8633172c8ca2c85c248dfd7","apps/cartera-back/src/controllers/payments.ts","608","console.log","inversionista_id: {expr}","unresolved","unresolved","","","pending_semantic_review"
"56717ddef8f0bbd8c8633172c8ca2c85c248dfd7","apps/cartera-back/src/controllers/payments.ts","613","console.log","¿Es Cube? {expr}","unresolved","unresolved","","","pending_semantic_review"
"56717ddef8f0bbd8c8633172c8ca2c85c248dfd7","apps/cartera-back/src/controllers/payments.ts","716","console.log","🔢 Valores calculados desde monto_aportado:","unresolved","unresolved","","","pending_semantic_review"
"56717ddef8f0bbd8c8633172c8ca2c85c248dfd7","apps/cartera-back/src/controllers/payments.ts","717","console.log","monto_inversionista: {expr}","unresolved","unresolved","","","pending_semantic_review"
"56717ddef8f0bbd8c8633172c8ca2c85c248dfd7","apps/cartera-back/src/controllers/payments.ts","718","console.log","monto_cash_in: {expr}","unresolved","unresolved","","","pending_semantic_review"
"56717ddef8f0bbd8c8633172c8ca2c85c248dfd7","apps/cartera-back/src/controllers/payments.ts","719","console.log","iva_inversionista: {expr}","unresolved","unresolved","","","pending_semantic_review"
"56717ddef8f0bbd8c8633172c8ca2c85c248dfd7","apps/cartera-back/src/controllers/payments.ts","720","console.log","iva_cash_in: {expr}","unresolved","unresolved","","","pending_semantic_review"
"56717ddef8f0bbd8c8633172c8ca2c85c248dfd7","apps/cartera-back/src/controllers/payments.ts","783","console.warn","<dynamic>","unresolved","unresolved","","","pending_semantic_review"
"56717ddef8f0bbd8c8633172c8ca2c85c248dfd7","apps/cartera-back/src/controllers/payments.ts","828","console.log","📅 INTERÉS PROPORCIONAL CON COMPRAS DEL MES ANTERIOR:","unresolved","unresolved","","","pending_semantic_review"
"56717ddef8f0bbd8c8633172c8ca2c85c248dfd7","apps/cartera-back/src/controllers/payments.ts","829","console.log","fecha_inicio: {expr}","unresolved","unresolved","","","pending_semantic_review"
"56717ddef8f0bbd8c8633172c8ca2c85c248dfd7","apps/cartera-back/src/controllers/payments.ts","830","console.log","días del mes: {expr}, días proporcionales: {expr}","unresolved","unresolved","","","pending_semantic_review"
"56717ddef8f0bbd8c8633172c8ca2c85c248dfd7","apps/cartera-back/src/controllers/payments.ts","831","console.log","monto_aportado espejo: {expr}","unresolved","unresolved","","","pending_semantic_review"
"56717ddef8f0bbd8c8633172c8ca2c85c248dfd7","apps/cartera-back/src/controllers/payments.ts","832","console.log","suma compras mes anterior: {expr}","unresolved","unresolved","","","pending_semantic_review"
"56717ddef8f0bbd8c8633172c8ca2c85c248dfd7","apps/cartera-back/src/controllers/payments.ts","833","console.log","monto viejo (mes completo): {expr}","unresolved","unresolved","","","pending_semantic_review"
"56717ddef8f0bbd8c8633172c8ca2c85c248dfd7","apps/cartera-back/src/controllers/payments.ts","834","console.log","interes_sin_compras: {expr}","unresolved","unresolved","","","pending_semantic_review"
"56717ddef8f0bbd8c8633172c8ca2c85c248dfd7","apps/cartera-back/src/controllers/payments.ts","835","console.log","interes_con_compras: {expr}","unresolved","unresolved","","","pending_semantic_review"
"56717ddef8f0bbd8c8633172c8ca2c85c248dfd7","apps/cartera-back/src/controllers/payments.ts","836","console.log","iva_sin_compras: {expr}","unresolved","unresolved","","","pending_semantic_review"
"56717ddef8f0bbd8c8633172c8ca2c85c248dfd7","apps/cartera-back/src/controllers/payments.ts","837","console.log","iva_con_compras: {expr}","unresolved","unresolved","","","pending_semantic_review"
"56717ddef8f0bbd8c8633172c8ca2c85c248dfd7","apps/cartera-back/src/controllers/payments.ts","838","console.log","bigInteres total: {expr}","unresolved","unresolved","","","pending_semantic_review"
"56717ddef8f0bbd8c8633172c8ca2c85c248dfd7","apps/cartera-back/src/controllers/payments.ts","839","console.log","bigIVA total: {expr}","unresolved","unresolved","","","pending_semantic_review"
"56717ddef8f0bbd8c8633172c8ca2c85c248dfd7","apps/cartera-back/src/controllers/payments.ts","848","console.log","📅 INTERÉS PROPORCIONAL (sin compras separables):","unresolved","unresolved","","","pending_semantic_review"
"56717ddef8f0bbd8c8633172c8ca2c85c248dfd7","apps/cartera-back/src/controllers/payments.ts","849","console.log","fecha_inicio: {expr}","unresolved","unresolved","","","pending_semantic_review"
"56717ddef8f0bbd8c8633172c8ca2c85c248dfd7","apps/cartera-back/src/controllers/payments.ts","850","console.log","días del mes: {expr}, días proporcionales: {expr}","unresolved","unresolved","","","pending_semantic_review"
"56717ddef8f0bbd8c8633172c8ca2c85c248dfd7","apps/cartera-back/src/controllers/payments.ts","851","console.log","interés proporcional: {expr}","unresolved","unresolved","","","pending_semantic_review"
"56717ddef8f0bbd8c8633172c8ca2c85c248dfd7","apps/cartera-back/src/controllers/payments.ts","852","console.log","IVA proporcional: {expr}","unresolved","unresolved","","","pending_semantic_review"
"56717ddef8f0bbd8c8633172c8ca2c85c248dfd7","apps/cartera-back/src/controllers/payments.ts","859","console.log","💵 Interés a usar: {expr} ({expr})","unresolved","unresolved","","","pending_semantic_review"
"56717ddef8f0bbd8c8633172c8ca2c85c248dfd7","apps/cartera-back/src/controllers/payments.ts","862","console.log","🧾 IVA a usar: {expr} ({expr})","unresolved","unresolved","","","pending_semantic_review"
"56717ddef8f0bbd8c8633172c8ca2c85c248dfd7","apps/cartera-back/src/controllers/payments.ts","866","console.log","💰 cuota_inversionista original: {expr}","unresolved","unresolved","","","pending_semantic_review"
"56717ddef8f0bbd8c8633172c8ca2c85c248dfd7","apps/cartera-back/src/controllers/payments.ts","873","console.log","💰 abono_capital inicial (cuota recalculada desde capital ajustado): {expr}","unresolved","unresolved","","","pending_semantic_review"
"56717ddef8f0bbd8c8633172c8ca2c85c248dfd7","apps/cartera-back/src/controllers/payments.ts","878","console.log","📊 totalMontos (cash_in + inversionista): {expr}","unresolved","unresolved","","","pending_semantic_review"
"56717ddef8f0bbd8c8633172c8ca2c85c248dfd7","apps/cartera-back/src/controllers/payments.ts","881","console.log","📊 totalIVA (cash_in + inversionista): {expr}","unresolved","unresolved","","","pending_semantic_review"
"56717ddef8f0bbd8c8633172c8ca2c85c248dfd7","apps/cartera-back/src/controllers/payments.ts","895","console.log","⭐ DEVOLUCIÓN COMPLETA ({expr}) - abono_capital = monto_aportado completo: {expr}","unresolved","unresolved","","","pending_semantic_review"
"56717ddef8f0bbd8c8633172c8ca2c85c248dfd7","apps/cartera-back/src/controllers/payments.ts","899","console.log","🏆 ES EL MAYOR INVERSIONISTA - Aplicando descuentos completos","unresolved","unresolved","","","pending_semantic_review"
"56717ddef8f0bbd8c8633172c8ca2c85c248dfd7","apps/cartera-back/src/controllers/payments.ts","902","console.log","📉 Restando:","unresolved","unresolved","","","pending_semantic_review"
"56717ddef8f0bbd8c8633172c8ca2c85c248dfd7","apps/cartera-back/src/controllers/payments.ts","903","console.log","- totalIVA: {expr}","unresolved","unresolved","","","pending_semantic_review"
"56717ddef8f0bbd8c8633172c8ca2c85c248dfd7","apps/cartera-back/src/controllers/payments.ts","904","console.log","- totalMontos: {expr}","unresolved","unresolved","","","pending_semantic_review"
"56717ddef8f0bbd8c8633172c8ca2c85c248dfd7","apps/cartera-back/src/controllers/payments.ts","905","console.log","- membresias_pago: {expr}","unresolved","unresolved","","","pending_semantic_review"
"56717ddef8f0bbd8c8633172c8ca2c85c248dfd7","apps/cartera-back/src/controllers/payments.ts","908","console.log","- gps: {expr}","unresolved","unresolved","","","pending_semantic_review"
"56717ddef8f0bbd8c8633172c8ca2c85c248dfd7","apps/cartera-back/src/controllers/payments.ts","909","console.log","- seguro_10_cuotas: {expr}","unresolved","unresolved","","","pending_semantic_review"
"56717ddef8f0bbd8c8633172c8ca2c85c248dfd7","apps/cartera-back/src/controllers/payments.ts","922","console.log","✅ abono_capital después de restas: {expr}","unresolved","unresolved","","","pending_semantic_review"
"56717ddef8f0bbd8c8633172c8ca2c85c248dfd7","apps/cartera-back/src/controllers/payments.ts","926","console.log","📌 Inversionista regular - Solo resta interés e IVA","unresolved","unresolved","","","pending_semantic_review"
"56717ddef8f0bbd8c8633172c8ca2c85c248dfd7","apps/cartera-back/src/controllers/payments.ts","927","console.log","📉 Restando:","unresolved","unresolved","","","pending_semantic_review"
"56717ddef8f0bbd8c8633172c8ca2c85c248dfd7","apps/cartera-back/src/controllers/payments.ts","928","console.log","- totalIVA: {expr}","unresolved","unresolved","","","pending_semantic_review"
"56717ddef8f0bbd8c8633172c8ca2c85c248dfd7","apps/cartera-back/src/controllers/payments.ts","929","console.log","- totalMontos: {expr}","unresolved","unresolved","","","pending_semantic_review"
"56717ddef8f0bbd8c8633172c8ca2c85c248dfd7","apps/cartera-back/src/controllers/payments.ts","935","console.log","✅ abono_capital después de restas: {expr}","unresolved","unresolved","","","pending_semantic_review"
"56717ddef8f0bbd8c8633172c8ca2c85c248dfd7","apps/cartera-back/src/controllers/payments.ts","941","console.log","🔄 Llamando a processAndReplaceCreditInvestors:","unresolved","unresolved","","","pending_semantic_review"
"56717ddef8f0bbd8c8633172c8ca2c85c248dfd7","apps/cartera-back/src/controllers/payments.ts","942","console.log","credito_id: {expr}","unresolved","unresolved","","","pending_semantic_review"
"56717ddef8f0bbd8c8633172c8ca2c85c248dfd7","apps/cartera-back/src/controllers/payments.ts","943","console.log","abono_capital: {expr}","unresolved","unresolved","","","pending_semantic_review"
"56717ddef8f0bbd8c8633172c8ca2c85c248dfd7","apps/cartera-back/src/controllers/payments.ts","944","console.log","addition: false (RESTA)","unresolved","unresolved","","","pending_semantic_review"
"56717ddef8f0bbd8c8633172c8ca2c85c248dfd7","apps/cartera-back/src/controllers/payments.ts","945","console.log","inversionista_id: {expr}","unresolved","unresolved","","","pending_semantic_review"
"56717ddef8f0bbd8c8633172c8ca2c85c248dfd7","apps/cartera-back/src/controllers/payments.ts","955","console.log","⏭️ updateCredito=false → omitiendo UPDATE a creditos_inversionistas_espejo","unresolved","unresolved","","","pending_semantic_review"
"56717ddef8f0bbd8c8633172c8ca2c85c248dfd7","apps/cartera-back/src/controllers/payments.ts","958","console.log","📊 Porcentajes:","unresolved","unresolved","","","pending_semantic_review"
"56717ddef8f0bbd8c8633172c8ca2c85c248dfd7","apps/cartera-back/src/controllers/payments.ts","959","console.log","porcentaje_cash_in: {expr}","unresolved","unresolved","","","pending_semantic_review"
"56717ddef8f0bbd8c8633172c8ca2c85c248dfd7","apps/cartera-back/src/controllers/payments.ts","960","console.log","porcentaje_participacion_inversionista: {expr}","unresolved","unresolved","","","pending_semantic_review"
"56717ddef8f0bbd8c8633172c8ca2c85c248dfd7","apps/cartera-back/src/controllers/payments.ts","986","console.log","<dynamic>","unresolved","unresolved","","","pending_semantic_review"
"56717ddef8f0bbd8c8633172c8ca2c85c248dfd7","apps/cartera-back/src/controllers/payments.ts","1008","console.log","💰 Abono a capital encontrado (id: {expr}): +{expr} (tipo: {expr})","unresolved","unresolved","","","pending_semantic_review"
"56717ddef8f0bbd8c8633172c8ca2c85c248dfd7","apps/cartera-back/src/controllers/payments.ts","1009","console.log","abono_capital con abono sumado: {expr}","unresolved","unresolved","","","pending_semantic_review"
"56717ddef8f0bbd8c8633172c8ca2c85c248dfd7","apps/cartera-back/src/controllers/payments.ts","1018","console.warn","<dynamic>","unresolved","unresolved","","","pending_semantic_review"
"56717ddef8f0bbd8c8633172c8ca2c85c248dfd7","apps/cartera-back/src/controllers/payments.ts","1053","console.log","✅ Resultado final para {expr}:","unresolved","unresolved","","","pending_semantic_review"
"56717ddef8f0bbd8c8633172c8ca2c85c248dfd7","apps/cartera-back/src/controllers/payments.ts","1063","console.log","✅ ========== FIN insertPagosCreditoInversionistas ==========","unresolved","unresolved","","","pending_semantic_review"
"56717ddef8f0bbd8c8633172c8ca2c85c248dfd7","apps/cartera-back/src/controllers/payments.ts","1111","console.log","🔖 {expr} abono(s) marcados como consumidos por el espejo {expr}","unresolved","unresolved","","","pending_semantic_review"
"56717ddef8f0bbd8c8633172c8ca2c85c248dfd7","apps/cartera-back/src/controllers/payments.ts","1271","console.warn","⚠️ [V2 prorrateo] Se esperaba 1 compra pendiente pero llegaron {expr} (crédito {expr}). Se usa la primera.","unresolved","unresolved","","","pending_semantic_review"
"56717ddef8f0bbd8c8633172c8ca2c85c248dfd7","apps/cartera-back/src/controllers/payments.ts","1296","console.warn","⚠️ [V2 prorrateo] Comprador {expr} sin fecha_inicio_participacion en espejo (crédito {expr}). Se usa reparto normal.","unresolved","unresolved","","","pending_semantic_review"
"56717ddef8f0bbd8c8633172c8ca2c85c248dfd7","apps/cartera-back/src/controllers/payments.ts","1317","console.log","🆕 [V2 prorrateo] CUBE vendido a 0 (no está en creditos_inversionistas); se sintetiza en 0 para el prorrateo y su fila de pci (crédito {expr}).","unresolved","unresolved","","","pending_semantic_review"
"56717ddef8f0bbd8c8633172c8ca2c85c248dfd7","apps/cartera-back/src/controllers/payments.ts","1342","console.log","🆕 [V2 prorrateo] Crédito {expr}: interés PRORRATEADO por compra de cartera (comprador {expr}, corte {expr}).","unresolved","unresolved","","","pending_semantic_review"
"56717ddef8f0bbd8c8633172c8ca2c85c248dfd7","apps/cartera-back/src/controllers/payments.ts","1392","console.log","🔒 Pago {expr}: interés tomado del reparto congelado al facturar ({expr} inversionista(s)), no del roster actual.","unresolved","unresolved","","","pending_semantic_review"
"56717ddef8f0bbd8c8633172c8ca2c85c248dfd7","apps/cartera-back/src/controllers/payments.ts","1461","console.log","🔒 Pago {expr}: inversionista {expr} ya no está en el crédito pero se le facturó — se conserva su fila de pci con capital 0.","unresolved","unresolved","","","pending_semantic_review"
"56717ddef8f0bbd8c8633172c8ca2c85c248dfd7","apps/cartera-back/src/controllers/payments.ts","1503","console.log","Liquidating payments for pago_id: {expr}, credito_id: {expr}, cuota: {expr}","unresolved","unresolved","","","pending_semantic_review"
"56717ddef8f0bbd8c8633172c8ca2c85c248dfd7","apps/cartera-back/src/controllers/payments.ts","1545","console.log","Liquidating payments for pago_id: {expr}, credito_id: {expr}, cuota: {expr}","unresolved","unresolved","","","pending_semantic_review"
"56717ddef8f0bbd8c8633172c8ca2c85c248dfd7","apps/cartera-back/src/controllers/payments.ts","1596","console.log","Insertando pago para crédito SIFCO: {expr}, cuota: {expr}, mora: {expr}, otros: {expr}","unresolved","unresolved","","","pending_semantic_review"
"56717ddef8f0bbd8c8633172c8ca2c85c248dfd7","apps/cartera-back/src/controllers/payments.ts","1760","console.log","Nuevo pago insertado:","unresolved","unresolved","","","pending_semantic_review"
"56717ddef8f0bbd8c8633172c8ca2c85c248dfd7","apps/cartera-back/src/controllers/payments.ts","1769","console.log","Insertando pagos_credito_inversionistas para pago_id: {expr}, credito_id: {expr}","unresolved","unresolved","","","pending_semantic_review"
"56717ddef8f0bbd8c8633172c8ca2c85c248dfd7","apps/cartera-back/src/controllers/payments.ts","1805","console.log","Mayor cuota encontrada en el índice: {expr}, valor: {expr}","unresolved","unresolved","","","pending_semantic_review"
"56717ddef8f0bbd8c8633172c8ca2c85c248dfd7","apps/cartera-back/src/controllers/payments.ts","1874","console.log","Falsificando pago con ID: {expr} para crédito ID: {expr}","unresolved","unresolved","","","pending_semantic_review"
"56717ddef8f0bbd8c8633172c8ca2c85c248dfd7","apps/cartera-back/src/controllers/payments.ts","2632","console.warn","⚠️ No se pudo resolver cubeId por nombre; uso CUBE_ID por defecto:","unresolved","unresolved","","","pending_semantic_review"
"56717ddef8f0bbd8c8633172c8ca2c85c248dfd7","apps/cartera-back/src/controllers/payments.ts","3188","console.error","❌ Error en getPagosConInversionistas:","unresolved","unresolved","","","pending_semantic_review"
"56717ddef8f0bbd8c8633172c8ca2c85c248dfd7","apps/cartera-back/src/controllers/payments.ts","3237","console.log","📆 Mes actual: {expr} - {expr} ({expr})","unresolved","unresolved","","","pending_semantic_review"
"56717ddef8f0bbd8c8633172c8ca2c85c248dfd7","apps/cartera-back/src/controllers/payments.ts","3276","console.log","📊 Créditos encontrados para inversionista {expr}:","unresolved","unresolved","","","pending_semantic_review"
"56717ddef8f0bbd8c8633172c8ca2c85c248dfd7","apps/cartera-back/src/controllers/payments.ts","3295","console.warn","⚠️ Generación bloqueada: {expr} crédito(s) en PENDIENTE_AUTORIZACION","unresolved","unresolved","","","pending_semantic_review"
"56717ddef8f0bbd8c8633172c8ca2c85c248dfd7","apps/cartera-back/src/controllers/payments.ts","3310","console.log","🔍 ========== VERIFICANDO PAGOS PENDIENTES DEL CRÉDITO {expr} ==========","unresolved","unresolved","","","pending_semantic_review"
"56717ddef8f0bbd8c8633172c8ca2c85c248dfd7","apps/cartera-back/src/controllers/payments.ts","3324","console.log","⚠️ El crédito {expr} tiene {expr} pago(s) pendientes de liquidar","unresolved","unresolved","","","pending_semantic_review"
"56717ddef8f0bbd8c8633172c8ca2c85c248dfd7","apps/cartera-back/src/controllers/payments.ts","3327","console.log","NO se procesará este crédito hasta que se liquiden","unresolved","unresolved","","","pending_semantic_review"
"56717ddef8f0bbd8c8633172c8ca2c85c248dfd7","apps/cartera-back/src/controllers/payments.ts","3328","console.log","========================================","unresolved","unresolved","","","pending_semantic_review"
"56717ddef8f0bbd8c8633172c8ca2c85c248dfd7","apps/cartera-back/src/controllers/payments.ts","3334","console.log","✅ El crédito {expr} NO tiene pagos pendientes, continuando...","unresolved","unresolved","","","pending_semantic_review"
"56717ddef8f0bbd8c8633172c8ca2c85c248dfd7","apps/cartera-back/src/controllers/payments.ts","3335","console.log","========================================","unresolved","unresolved","","","pending_semantic_review"
"56717ddef8f0bbd8c8633172c8ca2c85c248dfd7","apps/cartera-back/src/controllers/payments.ts","3344","console.log","⏭️ Crédito {expr}: sin fecha_inicio_participacion → se omite","unresolved","unresolved","","","pending_semantic_review"
"56717ddef8f0bbd8c8633172c8ca2c85c248dfd7","apps/cartera-back/src/controllers/payments.ts","3352","console.log","⏭️ Crédito {expr}: participación futura ({expr} > {expr}) → se omite","unresolved","unresolved","","","pending_semantic_review"
"56717ddef8f0bbd8c8633172c8ca2c85c248dfd7","apps/cartera-back/src/controllers/payments.ts","3371","console.log","<dynamic>","unresolved","unresolved","","","pending_semantic_review"
"56717ddef8f0bbd8c8633172c8ca2c85c248dfd7","apps/cartera-back/src/controllers/payments.ts","3379","console.log","✅ Crédito {expr}: participación del período CON monto viejo {expr} → se procesa","unresolved","unresolved","","","pending_semantic_review"
"56717ddef8f0bbd8c8633172c8ca2c85c248dfd7","apps/cartera-back/src/controllers/payments.ts","3419","console.log","🔍 Crédito {expr}: Cuotas NO liquidadas encontradas:","unresolved","unresolved","","","pending_semantic_review"
"56717ddef8f0bbd8c8633172c8ca2c85c248dfd7","apps/cartera-back/src/controllers/payments.ts","3426","console.log","⚠️ Crédito {expr}: No hay cuotas pendientes con pagos","unresolved","unresolved","","","pending_semantic_review"
"56717ddef8f0bbd8c8633172c8ca2c85c248dfd7","apps/cartera-back/src/controllers/payments.ts","3438","console.log","📅 Crédito {expr}, Cuota {expr}: fecha_vencimiento = {expr}","unresolved","unresolved","","","pending_semantic_review"
"56717ddef8f0bbd8c8633172c8ca2c85c248dfd7","apps/cartera-back/src/controllers/payments.ts","3443","console.log","✅ Crédito {expr}, Cuota {expr}: Es de mes anterior ({expr}), se PROCESA","unresolved","unresolved","","","pending_semantic_review"
"56717ddef8f0bbd8c8633172c8ca2c85c248dfd7","apps/cartera-back/src/controllers/payments.ts","3452","console.log","💰 Crédito {expr}, Cuota {expr}: {expr} pagos encontrados","unresolved","unresolved","","","pending_semantic_review"
"56717ddef8f0bbd8c8633172c8ca2c85c248dfd7","apps/cartera-back/src/controllers/payments.ts","3458","console.log","🚀 Generando distribución de pagos para crédito {expr}...","unresolved","unresolved","","","pending_semantic_review"
"56717ddef8f0bbd8c8633172c8ca2c85c248dfd7","apps/cartera-back/src/controllers/payments.ts","3465","console.log","📊 Cuota {expr} - Estado pagado: {expr}","unresolved","unresolved","","","pending_semantic_review"
"56717ddef8f0bbd8c8633172c8ca2c85c248dfd7","apps/cartera-back/src/controllers/payments.ts","3470","console.log","📝 Procesando distribución con pago {expr} del crédito {expr}...","unresolved","unresolved","","","pending_semantic_review"
"56717ddef8f0bbd8c8633172c8ca2c85c248dfd7","apps/cartera-back/src/controllers/payments.ts","3483","console.log","✅ Distribución completada correctamente (cuota pagada: {expr})","unresolved","unresolved","","","pending_semantic_review"
"56717ddef8f0bbd8c8633172c8ca2c85c248dfd7","apps/cartera-back/src/controllers/payments.ts","3488","console.log","🔄 Marcando cuota {expr} como liquidada...","unresolved","unresolved","","","pending_semantic_review"
"56717ddef8f0bbd8c8633172c8ca2c85c248dfd7","apps/cartera-back/src/controllers/payments.ts","3500","console.log","✅ Cuota {expr} marcada como liquidada","unresolved","unresolved","","","pending_semantic_review"
"56717ddef8f0bbd8c8633172c8ca2c85c248dfd7","apps/cartera-back/src/controllers/payments.ts","3505","console.error","❌ Error procesando distribución del pago {expr}:","unresolved","unresolved","","","pending_semantic_review"
"56717ddef8f0bbd8c8633172c8ca2c85c248dfd7","apps/cartera-back/src/controllers/payments.ts","3563","console.log","✅ Total créditos con cuotas de meses anteriores pendientes: {expr}","unresolved","unresolved","","","pending_semantic_review"
"56717ddef8f0bbd8c8633172c8ca2c85c248dfd7","apps/cartera-back/src/controllers/payments.ts","3576","console.error","❌ Error en obtenerCreditosConPagosPendientes:","unresolved","unresolved","","","pending_semantic_review"
"56717ddef8f0bbd8c8633172c8ca2c85c248dfd7","apps/cartera-back/src/controllers/payments.ts","3618","console.log","🚀 [calcularYRegistrarPagosEspejo] Iniciando para inversionista {expr}","unresolved","unresolved","","","pending_semantic_review"
"56717ddef8f0bbd8c8633172c8ca2c85c248dfd7","apps/cartera-back/src/controllers/payments.ts","3621","console.log","📆 Mes actual: {expr} - {expr}","unresolved","unresolved","","","pending_semantic_review"
"56717ddef8f0bbd8c8633172c8ca2c85c248dfd7","apps/cartera-back/src/controllers/payments.ts","3625","console.log","📅 Fecha de cálculo override: {expr}","unresolved","unresolved","","","pending_semantic_review"
"56717ddef8f0bbd8c8633172c8ca2c85c248dfd7","apps/cartera-back/src/controllers/payments.ts","3655","console.log","📅 Inicio de período: {expr}","unresolved","unresolved","","","pending_semantic_review"
"56717ddef8f0bbd8c8633172c8ca2c85c248dfd7","apps/cartera-back/src/controllers/payments.ts","3694","console.log","📊 Créditos encontrados: {expr}","unresolved","unresolved","","","pending_semantic_review"
"56717ddef8f0bbd8c8633172c8ca2c85c248dfd7","apps/cartera-back/src/controllers/payments.ts","3707","console.warn","⚠️ Generación bloqueada: {expr} crédito(s) en PENDIENTE_AUTORIZACION","unresolved","unresolved","","","pending_semantic_review"
"56717ddef8f0bbd8c8633172c8ca2c85c248dfd7","apps/cartera-back/src/controllers/payments.ts","3731","console.log","🔍 Verificando crédito {expr}...","unresolved","unresolved","","","pending_semantic_review"
"56717ddef8f0bbd8c8633172c8ca2c85c248dfd7","apps/cartera-back/src/controllers/payments.ts","3758","console.log","⚠️ Crédito {expr} tiene {expr} pago(s) NO_LIQUIDADO → se omite","unresolved","unresolved","","","pending_semantic_review"
"56717ddef8f0bbd8c8633172c8ca2c85c248dfd7","apps/cartera-back/src/controllers/payments.ts","3774","console.log","⏭️ Crédito {expr}: sin fecha_inicio_participacion → se omite","unresolved","unresolved","","","pending_semantic_review"
"56717ddef8f0bbd8c8633172c8ca2c85c248dfd7","apps/cartera-back/src/controllers/payments.ts","3784","console.log","⏭️ Crédito {expr}: participación futura ({expr} >= {expr}) → se omite","unresolved","unresolved","","","pending_semantic_review"
"56717ddef8f0bbd8c8633172c8ca2c85c248dfd7","apps/cartera-back/src/controllers/payments.ts","3807","console.log","<dynamic>","unresolved","unresolved","","","pending_semantic_review"
"56717ddef8f0bbd8c8633172c8ca2c85c248dfd7","apps/cartera-back/src/controllers/payments.ts","3815","console.log","<dynamic>","unresolved","unresolved","","","pending_semantic_review"
"56717ddef8f0bbd8c8633172c8ca2c85c248dfd7","apps/cartera-back/src/controllers/payments.ts","3869","console.log","↩️ Crédito {expr}: fallback → usando última cuota {expr} (todas liquidadas)","unresolved","unresolved","","","pending_semantic_review"
"56717ddef8f0bbd8c8633172c8ca2c85c248dfd7","apps/cartera-back/src/controllers/payments.ts","3876","console.log","⚠️ Crédito {expr}: sin cuotas con pagos","unresolved","unresolved","","","pending_semantic_review"
"56717ddef8f0bbd8c8633172c8ca2c85c248dfd7","apps/cartera-back/src/controllers/payments.ts","3888","console.log","✅ Crédito {expr}, Cuota {expr}: {expr} pago(s) → procesando...","unresolved","unresolved","","","pending_semantic_review"
"56717ddef8f0bbd8c8633172c8ca2c85c248dfd7","apps/cartera-back/src/controllers/payments.ts","3910","console.log","✅ Upsert completado para crédito {expr}, cuota {expr}","unresolved","unresolved","","","pending_semantic_review"
"56717ddef8f0bbd8c8633172c8ca2c85c248dfd7","apps/cartera-back/src/controllers/payments.ts","3921","console.error","❌ Error procesando crédito {expr}:","unresolved","unresolved","","","pending_semantic_review"
"56717ddef8f0bbd8c8633172c8ca2c85c248dfd7","apps/cartera-back/src/controllers/payments.ts","3939","console.log","✅ [calcularYRegistrarPagosEspejo] Completado. Procesados: {expr}, Fallidos: {expr}","unresolved","unresolved","","","pending_semantic_review"
"56717ddef8f0bbd8c8633172c8ca2c85c248dfd7","apps/cartera-back/src/controllers/payments.ts","3967","console.error","❌ Error en calcularYRegistrarPagosEspejo:","unresolved","unresolved","","","pending_semantic_review"
"56717ddef8f0bbd8c8633172c8ca2c85c248dfd7","apps/cartera-back/src/controllers/paymentsByAdvisor.ts","253","console.error","[getCuotasPorDiaYAsesor] Error:","unresolved","unresolved","","","pending_semantic_review"
"56717ddef8f0bbd8c8633172c8ca2c85c248dfd7","apps/cartera-back/src/controllers/paymentsByAdvisor.ts","271","console.log","[JOB] ========== INICIO upsertEfectividadAsesores dia=1..{expr}, mes={expr}, anio={expr} ==========","unresolved","unresolved","","","pending_semantic_review"
"56717ddef8f0bbd8c8633172c8ca2c85c248dfd7","apps/cartera-back/src/controllers/paymentsByAdvisor.ts","280","console.log","[JOB] --- Procesando dia {expr}/{expr} ---","unresolved","unresolved","","","pending_semantic_review"
"56717ddef8f0bbd8c8633172c8ca2c85c248dfd7","apps/cartera-back/src/controllers/paymentsByAdvisor.ts","289","console.log","[JOB] Dia {expr}: {expr} asesores con cuotas","unresolved","unresolved","","","pending_semantic_review"
"56717ddef8f0bbd8c8633172c8ca2c85c248dfd7","apps/cartera-back/src/controllers/paymentsByAdvisor.ts","292","console.log","[JOB] Asesor {expr}: total_cuotas={expr}, pagadas={expr}, pendientes={expr}, creditos={expr}","unresolved","unresolved","","","pending_semantic_review"
"56717ddef8f0bbd8c8633172c8ca2c85c248dfd7","apps/cartera-back/src/controllers/paymentsByAdvisor.ts","317","console.log","[JOB] efectividad_dia={expr}%, efectividad_mes={expr}%","unresolved","unresolved","","","pending_semantic_review"
"56717ddef8f0bbd8c8633172c8ca2c85c248dfd7","apps/cartera-back/src/controllers/paymentsByAdvisor.ts","339","console.log","[JOB] credito={expr}, cuota#{expr}, pagado={expr}, monto={expr}, existing={expr}","unresolved","unresolved","","","pending_semantic_review"
"56717ddef8f0bbd8c8633172c8ca2c85c248dfd7","apps/cartera-back/src/controllers/paymentsByAdvisor.ts","380","console.log","[JOB] ========== FIN upsertEfectividadAsesores ==========","unresolved","unresolved","","","pending_semantic_review"
"56717ddef8f0bbd8c8633172c8ca2c85c248dfd7","apps/cartera-back/src/controllers/paymentsByAdvisor.ts","381","console.log","[JOB] Acumulado final:","unresolved","unresolved","","","pending_semantic_review"
"56717ddef8f0bbd8c8633172c8ca2c85c248dfd7","apps/cartera-back/src/controllers/paymentsByAdvisor.ts","384","console.error","[upsertEfectividadAsesores] Error:","unresolved","unresolved","","","pending_semantic_review"
"56717ddef8f0bbd8c8633172c8ca2c85c248dfd7","apps/cartera-back/src/controllers/paymentsByAdvisor.ts","513","console.error","[getEfectividadAsesores] Error:","unresolved","unresolved","","","pending_semantic_review"
"56717ddef8f0bbd8c8633172c8ca2c85c248dfd7","apps/cartera-back/src/controllers/processFromExcelFull.ts","203","console.log","🚀 ======= PROCESANDO: {expr} =======","unresolved","unresolved","","","pending_semantic_review"
"56717ddef8f0bbd8c8633172c8ca2c85c248dfd7","apps/cartera-back/src/controllers/processFromExcelFull.ts","204","console.log","👤 Cliente: {expr}","unresolved","unresolved","","","pending_semantic_review"
"56717ddef8f0bbd8c8633172c8ca2c85c248dfd7","apps/cartera-back/src/controllers/processFromExcelFull.ts","205","console.log","📋 Filas: {expr}","unresolved","unresolved","","","pending_semantic_review"
"56717ddef8f0bbd8c8633172c8ca2c85c248dfd7","apps/cartera-back/src/controllers/processFromExcelFull.ts","206","console.log","📌 Hasta cuota: {expr}","unresolved","unresolved","","","pending_semantic_review"
"56717ddef8f0bbd8c8633172c8ca2c85c248dfd7","apps/cartera-back/src/controllers/processFromExcelFull.ts","247","console.log","💰 Capital total: {expr}","unresolved","unresolved","","","pending_semantic_review"
"56717ddef8f0bbd8c8633172c8ca2c85c248dfd7","apps/cartera-back/src/controllers/processFromExcelFull.ts","248","console.log","📊 Interés: {expr}%","unresolved","unresolved","","","pending_semantic_review"
"56717ddef8f0bbd8c8633172c8ca2c85c248dfd7","apps/cartera-back/src/controllers/processFromExcelFull.ts","249","console.log","🗓️ Plazo: {expr} cuotas","unresolved","unresolved","","","pending_semantic_review"
"56717ddef8f0bbd8c8633172c8ca2c85c248dfd7","apps/cartera-back/src/controllers/processFromExcelFull.ts","250","console.log","💳 Cuota mensual: {expr}","unresolved","unresolved","","","pending_semantic_review"
"56717ddef8f0bbd8c8633172c8ca2c85c248dfd7","apps/cartera-back/src/controllers/processFromExcelFull.ts","309","console.log","🔄 Crédito existente (ID {expr}) — limpiando...","unresolved","unresolved","","","pending_semantic_review"
"56717ddef8f0bbd8c8633172c8ca2c85c248dfd7","apps/cartera-back/src/controllers/processFromExcelFull.ts","331","console.log","✅ Limpieza completada","unresolved","unresolved","","","pending_semantic_review"
"56717ddef8f0bbd8c8633172c8ca2c85c248dfd7","apps/cartera-back/src/controllers/processFromExcelFull.ts","341","console.log","✅ Crédito ID: {expr}","unresolved","unresolved","","","pending_semantic_review"
"56717ddef8f0bbd8c8633172c8ca2c85c248dfd7","apps/cartera-back/src/controllers/processFromExcelFull.ts","364","console.warn","⚠️ Inversionista no encontrado: ""{expr}""","unresolved","unresolved","","","pending_semantic_review"
"56717ddef8f0bbd8c8633172c8ca2c85c248dfd7","apps/cartera-back/src/controllers/processFromExcelFull.ts","402","console.log","✅ Inversionista: ""{expr}"" → ID {expr} | Capital: {expr}","unresolved","unresolved","","","pending_semantic_review"
"56717ddef8f0bbd8c8633172c8ca2c85c248dfd7","apps/cartera-back/src/controllers/processFromExcelFull.ts","408","console.log","✅ {expr} inversionistas insertados (sin espejo)","unresolved","unresolved","","","pending_semantic_review"
"56717ddef8f0bbd8c8633172c8ca2c85c248dfd7","apps/cartera-back/src/controllers/processFromExcelFull.ts","434","console.log","📅 Start date calculado: {expr}","unresolved","unresolved","","","pending_semantic_review"
"56717ddef8f0bbd8c8633172c8ca2c85c248dfd7","apps/cartera-back/src/controllers/processFromExcelFull.ts","463","console.log","✅ {expr} cuotas insertadas","unresolved","unresolved","","","pending_semantic_review"
"56717ddef8f0bbd8c8633172c8ca2c85c248dfd7","apps/cartera-back/src/controllers/processFromExcelFull.ts","586","console.log","✅ {expr} pagos insertados","unresolved","unresolved","","","pending_semantic_review"
"56717ddef8f0bbd8c8633172c8ca2c85c248dfd7","apps/cartera-back/src/controllers/processFromExcelFull.ts","594","console.log","📌 Marcando cuotas pagadas hasta cuota {expr}...","unresolved","unresolved","","","pending_semantic_review"
"56717ddef8f0bbd8c8633172c8ca2c85c248dfd7","apps/cartera-back/src/controllers/processFromExcelFull.ts","600","console.log","✅ Cuotas 1–{expr} marcadas como pagadas","unresolved","unresolved","","","pending_semantic_review"
"56717ddef8f0bbd8c8633172c8ca2c85c248dfd7","apps/cartera-back/src/controllers/processFromExcelFull.ts","603","console.log","🔄 Recalculando cuotas para {expr}...","unresolved","unresolved","","","pending_semantic_review"
"56717ddef8f0bbd8c8633172c8ca2c85c248dfd7","apps/cartera-back/src/controllers/processFromExcelFull.ts","605","console.log","✅ Recálculo completado","unresolved","unresolved","","","pending_semantic_review"
"56717ddef8f0bbd8c8633172c8ca2c85c248dfd7","apps/cartera-back/src/controllers/processInvestors.ts","18","console.log","💼 ========== INICIO PROCESAMIENTO MANUAL DE INVERSIONISTAS ==========","unresolved","unresolved","","","pending_semantic_review"
"56717ddef8f0bbd8c8633172c8ca2c85c248dfd7","apps/cartera-back/src/controllers/processInvestors.ts","31","console.log","📋 Crédito ID: {expr}","unresolved","unresolved","","","pending_semantic_review"
"56717ddef8f0bbd8c8633172c8ca2c85c248dfd7","apps/cartera-back/src/controllers/processInvestors.ts","32","console.log","🧾 Pago ID: {expr}","unresolved","unresolved","","","pending_semantic_review"
"56717ddef8f0bbd8c8633172c8ca2c85c248dfd7","apps/cartera-back/src/controllers/processInvestors.ts","33","console.log","📅 Fecha período: {expr}","unresolved","unresolved","","","pending_semantic_review"
"56717ddef8f0bbd8c8633172c8ca2c85c248dfd7","apps/cartera-back/src/controllers/processInvestors.ts","36","console.log","💼 ========== PROCESANDO INVERSIONISTAS ==========","unresolved","unresolved","","","pending_semantic_review"
"56717ddef8f0bbd8c8633172c8ca2c85c248dfd7","apps/cartera-back/src/controllers/processInvestors.ts","38","console.log","✅ Pagos a inversionistas procesados correctamente","unresolved","unresolved","","","pending_semantic_review"
"56717ddef8f0bbd8c8633172c8ca2c85c248dfd7","apps/cartera-back/src/controllers/processInvestors.ts","46","console.error","❌ ========== ERROR EN PROCESO DE INVERSIONISTAS ==========","unresolved","unresolved","","","pending_semantic_review"
"56717ddef8f0bbd8c8633172c8ca2c85c248dfd7","apps/cartera-back/src/controllers/processInvestors.ts","47","console.error","<dynamic>","unresolved","unresolved","","","pending_semantic_review"
"56717ddef8f0bbd8c8633172c8ca2c85c248dfd7","apps/cartera-back/src/controllers/recalculateFromJson.ts","137","console.log","🔄 ========== RECALCULANDO {expr} CRÉDITOS ==========","unresolved","unresolved","","","pending_semantic_review"
"56717ddef8f0bbd8c8633172c8ca2c85c248dfd7","apps/cartera-back/src/controllers/recalculateFromJson.ts","141","console.log","📋 Procesando crédito: {expr}","unresolved","unresolved","","","pending_semantic_review"
"56717ddef8f0bbd8c8633172c8ca2c85c248dfd7","apps/cartera-back/src/controllers/recalculateFromJson.ts","142","console.log","Variaciones: {expr}","unresolved","unresolved","","","pending_semantic_review"
"56717ddef8f0bbd8c8633172c8ca2c85c248dfd7","apps/cartera-back/src/controllers/recalculateFromJson.ts","153","console.log","⚠️ Crédito no encontrado en BD","unresolved","unresolved","","","pending_semantic_review"
"56717ddef8f0bbd8c8633172c8ca2c85c248dfd7","apps/cartera-back/src/controllers/recalculateFromJson.ts","162","console.log","✅ Crédito encontrado (ID: {expr})","unresolved","unresolved","","","pending_semantic_review"
"56717ddef8f0bbd8c8633172c8ca2c85c248dfd7","apps/cartera-back/src/controllers/recalculateFromJson.ts","180","console.log","💰 {expr}: Q{expr}","unresolved","unresolved","","","pending_semantic_review"
"56717ddef8f0bbd8c8633172c8ca2c85c248dfd7","apps/cartera-back/src/controllers/recalculateFromJson.ts","183","console.log","📊 Capital Total Calculado: Q{expr}","unresolved","unresolved","","","pending_semantic_review"
"56717ddef8f0bbd8c8633172c8ca2c85c248dfd7","apps/cartera-back/src/controllers/recalculateFromJson.ts","212","console.log","🗑️ Inversionistas anteriores eliminados","unresolved","unresolved","","","pending_semantic_review"
"56717ddef8f0bbd8c8633172c8ca2c85c248dfd7","apps/cartera-back/src/controllers/recalculateFromJson.ts","226","console.log","📈 Nueva Deuda Total: Q{expr}","unresolved","unresolved","","","pending_semantic_review"
"56717ddef8f0bbd8c8633172c8ca2c85c248dfd7","apps/cartera-back/src/controllers/recalculateFromJson.ts","239","console.log","✅ Crédito actualizado","unresolved","unresolved","","","pending_semantic_review"
"56717ddef8f0bbd8c8633172c8ca2c85c248dfd7","apps/cartera-back/src/controllers/recalculateFromJson.ts","250","console.log","📋 Usando inversionistasActuales del JSON ({expr})","unresolved","unresolved","","","pending_semantic_review"
"56717ddef8f0bbd8c8633172c8ca2c85c248dfd7","apps/cartera-back/src/controllers/recalculateFromJson.ts","259","console.log","🔀 {expr} duplicado → sumando capital y cuota","unresolved","unresolved","","","pending_semantic_review"
"56717ddef8f0bbd8c8633172c8ca2c85c248dfd7","apps/cartera-back/src/controllers/recalculateFromJson.ts","266","console.log","📊 Inversionistas únicos: {expr}","unresolved","unresolved","","","pending_semantic_review"
"56717ddef8f0bbd8c8633172c8ca2c85c248dfd7","apps/cartera-back/src/controllers/recalculateFromJson.ts","305","console.log","💵 Cuota de {expr}: Q{expr} (del JSON)","unresolved","unresolved","","","pending_semantic_review"
"56717ddef8f0bbd8c8633172c8ca2c85c248dfd7","apps/cartera-back/src/controllers/recalculateFromJson.ts","313","console.log","💵 Cuota de {expr}: Q{expr} (calculada)","unresolved","unresolved","","","pending_semantic_review"
"56717ddef8f0bbd8c8633172c8ca2c85c248dfd7","apps/cartera-back/src/controllers/recalculateFromJson.ts","330","console.log","👤 Inversionista creado: {expr} (Q{expr}) [{expr}/{expr}]","unresolved","unresolved","","","pending_semantic_review"
"56717ddef8f0bbd8c8633172c8ca2c85c248dfd7","apps/cartera-back/src/controllers/recalculateFromJson.ts","390","console.log","👤 Inversionista creado: {expr} (Q{expr})","unresolved","unresolved","","","pending_semantic_review"
"56717ddef8f0bbd8c8633172c8ca2c85c248dfd7","apps/cartera-back/src/controllers/recalculateFromJson.ts","400","console.log","📅 Cuotas actualizadas","unresolved","unresolved","","","pending_semantic_review"
"56717ddef8f0bbd8c8633172c8ca2c85c248dfd7","apps/cartera-back/src/controllers/recalculateFromJson.ts","402","console.log","⚠️ No se pudieron actualizar las cuotas: {expr}","unresolved","unresolved","","","pending_semantic_review"
"56717ddef8f0bbd8c8633172c8ca2c85c248dfd7","apps/cartera-back/src/controllers/recalculateFromJson.ts","414","console.error","❌ Error: {expr}","unresolved","unresolved","","","pending_semantic_review"
"56717ddef8f0bbd8c8633172c8ca2c85c248dfd7","apps/cartera-back/src/controllers/recalculateFromJson.ts","428","console.log","📊 ========== RESUMEN ==========","unresolved","unresolved","","","pending_semantic_review"
"56717ddef8f0bbd8c8633172c8ca2c85c248dfd7","apps/cartera-back/src/controllers/recalculateFromJson.ts","429","console.log","✅ Exitosos: {expr}","unresolved","unresolved","","","pending_semantic_review"
"56717ddef8f0bbd8c8633172c8ca2c85c248dfd7","apps/cartera-back/src/controllers/recalculateFromJson.ts","430","console.log","❌ Errores: {expr}","unresolved","unresolved","","","pending_semantic_review"
"56717ddef8f0bbd8c8633172c8ca2c85c248dfd7","apps/cartera-back/src/controllers/recalculateFromJson.ts","431","console.log","⚠️ No encontrados: {expr}","unresolved","unresolved","","","pending_semantic_review"
"56717ddef8f0bbd8c8633172c8ca2c85c248dfd7","apps/cartera-back/src/controllers/recalculateFromJson.ts","432","console.log","📋 Total: {expr}","unresolved","unresolved","","","pending_semantic_review"
"56717ddef8f0bbd8c8633172c8ca2c85c248dfd7","apps/cartera-back/src/controllers/recalculateFromJson.ts","472","console.log","🔄 ========== PROCESANDO {expr} POOLS RAROS ==========","unresolved","unresolved","","","pending_semantic_review"
"56717ddef8f0bbd8c8633172c8ca2c85c248dfd7","apps/cartera-back/src/controllers/recalculateFromJson.ts","501","console.log","🔀 {expr}: {expr} → {expr} (credito {expr} se eliminará)","unresolved","unresolved","","","pending_semantic_review"
"56717ddef8f0bbd8c8633172c8ca2c85c248dfd7","apps/cartera-back/src/controllers/recalculateFromJson.ts","513","console.log","📋 Créditos a recalcular: {expr}","unresolved","unresolved","","","pending_semantic_review"
"56717ddef8f0bbd8c8633172c8ca2c85c248dfd7","apps/cartera-back/src/controllers/recalculateFromJson.ts","514","console.log","🗑️ Créditos a eliminar: {expr}","unresolved","unresolved","","","pending_semantic_review"
"56717ddef8f0bbd8c8633172c8ca2c85c248dfd7","apps/cartera-back/src/controllers/recalculateFromJson.ts","557","console.log","📂 Últimos pagos cargados: {expr} créditos","unresolved","unresolved","","","pending_semantic_review"
"56717ddef8f0bbd8c8633172c8ca2c85c248dfd7","apps/cartera-back/src/controllers/recalculateFromJson.ts","559","console.log","⚠️ No se encontró {expr}, se usará numeroCuota del pool","unresolved","unresolved","","","pending_semantic_review"
"56717ddef8f0bbd8c8633172c8ca2c85c248dfd7","apps/cartera-back/src/controllers/recalculateFromJson.ts","563","console.log","📅 ========== MARCANDO CUOTAS PAGADAS ==========","unresolved","unresolved","","","pending_semantic_review"
"56717ddef8f0bbd8c8633172c8ca2c85c248dfd7","apps/cartera-back/src/controllers/recalculateFromJson.ts","580","console.log","{expr}: marcando hasta cuota {expr} (pago: {expr})","unresolved","unresolved","","","pending_semantic_review"
"56717ddef8f0bbd8c8633172c8ca2c85c248dfd7","apps/cartera-back/src/controllers/recalculateFromJson.ts","589","console.log","⚠️ Error marcando cuotas {expr}: {expr}","unresolved","unresolved","","","pending_semantic_review"
"56717ddef8f0bbd8c8633172c8ca2c85c248dfd7","apps/cartera-back/src/controllers/recalculateFromJson.ts","600","console.log","✅ {expr}: cuotas recalculadas (cuota: {expr})","unresolved","unresolved","","","pending_semantic_review"
"56717ddef8f0bbd8c8633172c8ca2c85c248dfd7","apps/cartera-back/src/controllers/recalculateFromJson.ts","602","console.log","⚠️ Error recalculando cuotas {expr}: {expr}","unresolved","unresolved","","","pending_semantic_review"
"56717ddef8f0bbd8c8633172c8ca2c85c248dfd7","apps/cartera-back/src/controllers/recalculateFromJson.ts","607","console.log","📊 Cuotas marcadas: {expr}, Recalculadas: {expr}, Errores: {expr}","unresolved","unresolved","","","pending_semantic_review"
"56717ddef8f0bbd8c8633172c8ca2c85c248dfd7","apps/cartera-back/src/controllers/recalculateFromJson.ts","637","console.log","🗑️ ========== ELIMINANDO {expr} CRÉDITOS COMPLETOS ==========","unresolved","unresolved","","","pending_semantic_review"
"56717ddef8f0bbd8c8633172c8ca2c85c248dfd7","apps/cartera-back/src/controllers/recalculateFromJson.ts","640","console.log","📋 Eliminando crédito: {expr}","unresolved","unresolved","","","pending_semantic_review"
"56717ddef8f0bbd8c8633172c8ca2c85c248dfd7","apps/cartera-back/src/controllers/recalculateFromJson.ts","651","console.log","⚠️ Crédito {expr} no encontrado en BD","unresolved","unresolved","","","pending_semantic_review"
"56717ddef8f0bbd8c8633172c8ca2c85c248dfd7","apps/cartera-back/src/controllers/recalculateFromJson.ts","676","console.log","🗑️ Boletas eliminadas ({expr} pagos)","unresolved","unresolved","","","pending_semantic_review"
"56717ddef8f0bbd8c8633172c8ca2c85c248dfd7","apps/cartera-back/src/controllers/recalculateFromJson.ts","682","console.log","🗑️ Pagos inversionistas eliminados","unresolved","unresolved","","","pending_semantic_review"
"56717ddef8f0bbd8c8633172c8ca2c85c248dfd7","apps/cartera-back/src/controllers/recalculateFromJson.ts","688","console.log","🗑️ Pagos eliminados","unresolved","unresolved","","","pending_semantic_review"
"56717ddef8f0bbd8c8633172c8ca2c85c248dfd7","apps/cartera-back/src/controllers/recalculateFromJson.ts","695","console.log","🗑️ Cuotas eliminadas","unresolved","unresolved","","","pending_semantic_review"
"56717ddef8f0bbd8c8633172c8ca2c85c248dfd7","apps/cartera-back/src/controllers/recalculateFromJson.ts","701","console.log","🗑️ Inversionistas eliminados","unresolved","unresolved","","","pending_semantic_review"
"56717ddef8f0bbd8c8633172c8ca2c85c248dfd7","apps/cartera-back/src/controllers/recalculateFromJson.ts","707","console.log","🗑️ Efectividad asesores eliminada","unresolved","unresolved","","","pending_semantic_review"
"56717ddef8f0bbd8c8633172c8ca2c85c248dfd7","apps/cartera-back/src/controllers/recalculateFromJson.ts","714","console.log","✅ Crédito {expr} eliminado completamente","unresolved","unresolved","","","pending_semantic_review"
"56717ddef8f0bbd8c8633172c8ca2c85c248dfd7","apps/cartera-back/src/controllers/recalculateFromJson.ts","723","console.error","❌ Error: {expr}","unresolved","unresolved","","","pending_semantic_review"
"56717ddef8f0bbd8c8633172c8ca2c85c248dfd7","apps/cartera-back/src/controllers/recalculateFromJson.ts","736","console.log","📊 ========== RESUMEN ELIMINACION ==========","unresolved","unresolved","","","pending_semantic_review"
"56717ddef8f0bbd8c8633172c8ca2c85c248dfd7","apps/cartera-back/src/controllers/recalculateFromJson.ts","737","console.log","✅ Exitosos: {expr}","unresolved","unresolved","","","pending_semantic_review"
"56717ddef8f0bbd8c8633172c8ca2c85c248dfd7","apps/cartera-back/src/controllers/recalculateFromJson.ts","738","console.log","❌ Errores: {expr}","unresolved","unresolved","","","pending_semantic_review"
"56717ddef8f0bbd8c8633172c8ca2c85c248dfd7","apps/cartera-back/src/controllers/recalculateFromJson.ts","739","console.log","⚠️ No encontrados: {expr}","unresolved","unresolved","","","pending_semantic_review"
"56717ddef8f0bbd8c8633172c8ca2c85c248dfd7","apps/cartera-back/src/controllers/recalculateFromJson.ts","740","console.log","📋 Total: {expr}","unresolved","unresolved","","","pending_semantic_review"
"56717ddef8f0bbd8c8633172c8ca2c85c248dfd7","apps/cartera-back/src/controllers/recalculateFromJson.ts","764","console.log","🔄 ========== ACTUALIZANDO CUOTAS DE {expr} CRÉDITOS ==========","unresolved","unresolved","","","pending_semantic_review"
"56717ddef8f0bbd8c8633172c8ca2c85c248dfd7","apps/cartera-back/src/controllers/recalculateFromJson.ts","768","console.log","📋 Procesando crédito: {expr}","unresolved","unresolved","","","pending_semantic_review"
"56717ddef8f0bbd8c8633172c8ca2c85c248dfd7","apps/cartera-back/src/controllers/recalculateFromJson.ts","771","console.log","⚠️ No tiene inversionistasActuales con cuotas","unresolved","unresolved","","","pending_semantic_review"
"56717ddef8f0bbd8c8633172c8ca2c85c248dfd7","apps/cartera-back/src/controllers/recalculateFromJson.ts","789","console.log","⚠️ Crédito no encontrado en BD","unresolved","unresolved","","","pending_semantic_review"
"56717ddef8f0bbd8c8633172c8ca2c85c248dfd7","apps/cartera-back/src/controllers/recalculateFromJson.ts","803","console.log","⏭️ {expr}: sin cuota, saltando","unresolved","unresolved","","","pending_semantic_review"
"56717ddef8f0bbd8c8633172c8ca2c85c248dfd7","apps/cartera-back/src/controllers/recalculateFromJson.ts","834","console.log","✅ {expr}: cuota → Q{expr} (padre + espejo)","unresolved","unresolved","","","pending_semantic_review"
"56717ddef8f0bbd8c8633172c8ca2c85c248dfd7","apps/cartera-back/src/controllers/recalculateFromJson.ts","836","console.log","⚠️ {expr}: no encontrado en el crédito","unresolved","unresolved","","","pending_semantic_review"
"56717ddef8f0bbd8c8633172c8ca2c85c248dfd7","apps/cartera-back/src/controllers/recalculateFromJson.ts","848","console.error","❌ Error: {expr}","unresolved","unresolved","","","pending_semantic_review"
"56717ddef8f0bbd8c8633172c8ca2c85c248dfd7","apps/cartera-back/src/controllers/recalculateFromJson.ts","860","console.log","📊 ========== RESUMEN CUOTAS ==========","unresolved","unresolved","","","pending_semantic_review"
"56717ddef8f0bbd8c8633172c8ca2c85c248dfd7","apps/cartera-back/src/controllers/recalculateFromJson.ts","861","console.log","✅ Exitosos: {expr}","unresolved","unresolved","","","pending_semantic_review"
"56717ddef8f0bbd8c8633172c8ca2c85c248dfd7","apps/cartera-back/src/controllers/recalculateFromJson.ts","862","console.log","❌ Errores: {expr}","unresolved","unresolved","","","pending_semantic_review"
"56717ddef8f0bbd8c8633172c8ca2c85c248dfd7","apps/cartera-back/src/controllers/recibosGenericos.ts","366","console.log","✅ Recibo genérico PDF subido:","unresolved","unresolved","","","pending_semantic_review"
"56717ddef8f0bbd8c8633172c8ca2c85c248dfd7","apps/cartera-back/src/controllers/reconcileEspejo.ts","396","console.error","[reconcileEspejo] Error:","unresolved","unresolved","","","pending_semantic_review"
"56717ddef8f0bbd8c8633172c8ca2c85c248dfd7","apps/cartera-back/src/controllers/registerPayment.ts","139","console.log","🔍 Verificando mora activa...","remove","remove","","","debug_or_sensitive_intermediate_state"
"56717ddef8f0bbd8c8633172c8ca2c85c248dfd7","apps/cartera-back/src/controllers/registerPayment.ts","140","console.log","stats:","remove","remove","","","debug_or_sensitive_intermediate_state"
"56717ddef8f0bbd8c8633172c8ca2c85c248dfd7","apps/cartera-back/src/controllers/registerPayment.ts","141","console.log","mora:","remove","remove","","","debug_or_sensitive_intermediate_state"
"56717ddef8f0bbd8c8633172c8ca2c85c248dfd7","apps/cartera-back/src/controllers/registerPayment.ts","142","console.log","disponible:","remove","remove","","","debug_or_sensitive_intermediate_state"
"56717ddef8f0bbd8c8633172c8ca2c85c248dfd7","apps/cartera-back/src/controllers/registerPayment.ts","143","console.log","Tiene mora activa: {expr}","remove","remove","","","debug_or_sensitive_intermediate_state"
"56717ddef8f0bbd8c8633172c8ca2c85c248dfd7","apps/cartera-back/src/controllers/registerPayment.ts","145","console.log","✅ Crédito al día (sin mora activa)","remove","remove","","","debug_or_sensitive_intermediate_state"
"56717ddef8f0bbd8c8633172c8ca2c85c248dfd7","apps/cartera-back/src/controllers/registerPayment.ts","157","console.log","⚠️ CRÉDITO CON MORA ACTIVA","remove","remove","","","debug_or_sensitive_intermediate_state"
"56717ddef8f0bbd8c8633172c8ca2c85c248dfd7","apps/cartera-back/src/controllers/registerPayment.ts","158","console.log","Cuotas atrasadas: {expr}","remove","remove","","","debug_or_sensitive_intermediate_state"
"56717ddef8f0bbd8c8633172c8ca2c85c248dfd7","apps/cartera-back/src/controllers/registerPayment.ts","159","console.log","Monto mora: ${expr}","remove","remove","","","debug_or_sensitive_intermediate_state"
"56717ddef8f0bbd8c8633172c8ca2c85c248dfd7","apps/cartera-back/src/controllers/registerPayment.ts","160","console.log","Porcentaje: {expr}%","remove","remove","","","debug_or_sensitive_intermediate_state"
"56717ddef8f0bbd8c8633172c8ca2c85c248dfd7","apps/cartera-back/src/controllers/registerPayment.ts","161","console.log","Disponible para pagar: ${expr}","remove","remove","","","debug_or_sensitive_intermediate_state"
"56717ddef8f0bbd8c8633172c8ca2c85c248dfd7","apps/cartera-back/src/controllers/registerPayment.ts","167","console.log","❌ No hay dinero disponible para pagar mora","remove","remove","","","debug_or_sensitive_intermediate_state"
"56717ddef8f0bbd8c8633172c8ca2c85c248dfd7","apps/cartera-back/src/controllers/registerPayment.ts","180","console.log","✅ Alcanza para pagar toda la mora (${expr})","remove","remove","","","debug_or_sensitive_intermediate_state"
"56717ddef8f0bbd8c8633172c8ca2c85c248dfd7","apps/cartera-back/src/controllers/registerPayment.ts","199","console.log","💚 Mora pagada completamente. Restante: ${expr}","remove","remove","","","debug_or_sensitive_intermediate_state"
"56717ddef8f0bbd8c8633172c8ca2c85c248dfd7","apps/cartera-back/src/controllers/registerPayment.ts","215","console.log","⚠️ Solo alcanza para pago parcial de mora: ${expr}","remove","remove","","","debug_or_sensitive_intermediate_state"
"56717ddef8f0bbd8c8633172c8ca2c85c248dfd7","apps/cartera-back/src/controllers/registerPayment.ts","233","console.log","💛 Mora reducida. Saldo pendiente: ${expr}","remove","remove","","","debug_or_sensitive_intermediate_state"
"56717ddef8f0bbd8c8633172c8ca2c85c248dfd7","apps/cartera-back/src/controllers/registerPayment.ts","421","console.log","<dynamic>","remove","remove","","","debug_or_sensitive_intermediate_state"
"56717ddef8f0bbd8c8633172c8ca2c85c248dfd7","apps/cartera-back/src/controllers/registerPayment.ts","444","console.warn","<dynamic>","replace","event","payment.integrity_anomaly","recovered","duplicate_pending_installment_deduplicated_and_processing_continues"
"56717ddef8f0bbd8c8633172c8ca2c85c248dfd7","apps/cartera-back/src/controllers/registerPayment.ts","451","console.log","Números de cuotas pendientes:","remove","remove","","","debug_or_sensitive_intermediate_state"
"56717ddef8f0bbd8c8633172c8ca2c85c248dfd7","apps/cartera-back/src/controllers/registerPayment.ts","454","console.log","Cuotas pendientes:","remove","remove","","","debug_or_sensitive_intermediate_state"
"56717ddef8f0bbd8c8633172c8ca2c85c248dfd7","apps/cartera-back/src/controllers/registerPayment.ts","528","console.error","❌ Error en obtenerInfoCompletaCredito:","remove","remove","","","raw_error_duplicate_signal"
"56717ddef8f0bbd8c8633172c8ca2c85c248dfd7","apps/cartera-back/src/controllers/registerPayment.ts","688","console.log","❌ Se encontraron {expr} boletas duplicadas:","remove","remove","","","debug_or_sensitive_intermediate_state"
"56717ddef8f0bbd8c8633172c8ca2c85c248dfd7","apps/cartera-back/src/controllers/registerPayment.ts","690","console.log","- {expr}","remove","remove","","","debug_or_sensitive_intermediate_state"
"56717ddef8f0bbd8c8633172c8ca2c85c248dfd7","apps/cartera-back/src/controllers/registerPayment.ts","822","console.log","No tenía mora activa, se procede a registrar el pago normal.","remove","remove","","","debug_or_sensitive_intermediate_state"
"56717ddef8f0bbd8c8633172c8ca2c85c248dfd7","apps/cartera-back/src/controllers/registerPayment.ts","826","console.log","Resultado del pago de mora:","remove","remove","","","debug_or_sensitive_intermediate_state"
"56717ddef8f0bbd8c8633172c8ca2c85c248dfd7","apps/cartera-back/src/controllers/registerPayment.ts","847","console.log","Mora pagada completamente, se procede a registrar el pago normal.","remove","remove","","","debug_or_sensitive_intermediate_state"
"56717ddef8f0bbd8c8633172c8ca2c85c248dfd7","apps/cartera-back/src/controllers/registerPayment.ts","934","console.log","Convenio: registrado ${expr}","remove","remove","","","debug_or_sensitive_intermediate_state"
"56717ddef8f0bbd8c8633172c8ca2c85c248dfd7","apps/cartera-back/src/controllers/registerPayment.ts","954","console.log","===============================","remove","remove","","","debug_or_sensitive_intermediate_state"
"56717ddef8f0bbd8c8633172c8ca2c85c248dfd7","apps/cartera-back/src/controllers/registerPayment.ts","955","console.log","🚀 Procesando cuota #{expr} (Monto: ${expr})","remove","remove","","","debug_or_sensitive_intermediate_state"
"56717ddef8f0bbd8c8633172c8ca2c85c248dfd7","apps/cartera-back/src/controllers/registerPayment.ts","958","console.log","💰 Disponible antes de cuota: ${expr}","remove","remove","","","debug_or_sensitive_intermediate_state"
"56717ddef8f0bbd8c8633172c8ca2c85c248dfd7","apps/cartera-back/src/controllers/registerPayment.ts","1187","console.log","🚀 Procesando pago para la cuota:","remove","remove","","","debug_or_sensitive_intermediate_state"
"56717ddef8f0bbd8c8633172c8ca2c85c248dfd7","apps/cartera-back/src/controllers/registerPayment.ts","1203","console.log","🔍 ========== INICIO DISTRIBUCIÓN DE PAGO ==========","remove","remove","","","debug_or_sensitive_intermediate_state"
"56717ddef8f0bbd8c8633172c8ca2c85c248dfd7","apps/cartera-back/src/controllers/registerPayment.ts","1204","console.log","💰 Monto disponible inicial:","remove","remove","","","debug_or_sensitive_intermediate_state"
"56717ddef8f0bbd8c8633172c8ca2c85c248dfd7","apps/cartera-back/src/controllers/registerPayment.ts","1210","console.log","📌 PASO 1: Pagar Interés","remove","remove","","","debug_or_sensitive_intermediate_state"
"56717ddef8f0bbd8c8633172c8ca2c85c248dfd7","apps/cartera-back/src/controllers/registerPayment.ts","1211","console.log","Interés restante:","remove","remove","","","debug_or_sensitive_intermediate_state"
"56717ddef8f0bbd8c8633172c8ca2c85c248dfd7","apps/cartera-back/src/controllers/registerPayment.ts","1216","console.log","✅ Pago a aplicar:","remove","remove","","","debug_or_sensitive_intermediate_state"
"56717ddef8f0bbd8c8633172c8ca2c85c248dfd7","apps/cartera-back/src/controllers/registerPayment.ts","1219","console.log","💵 Disponible restante:","remove","remove","","","debug_or_sensitive_intermediate_state"
"56717ddef8f0bbd8c8633172c8ca2c85c248dfd7","apps/cartera-back/src/controllers/registerPayment.ts","1224","console.log","⏭️ Saltado (sin saldo o sin deuda)","remove","remove","","","debug_or_sensitive_intermediate_state"
"56717ddef8f0bbd8c8633172c8ca2c85c248dfd7","apps/cartera-back/src/controllers/registerPayment.ts","1228","console.log","📌 PASO 2: Pagar IVA","remove","remove","","","debug_or_sensitive_intermediate_state"
"56717ddef8f0bbd8c8633172c8ca2c85c248dfd7","apps/cartera-back/src/controllers/registerPayment.ts","1229","console.log","IVA restante:","remove","remove","","","debug_or_sensitive_intermediate_state"
"56717ddef8f0bbd8c8633172c8ca2c85c248dfd7","apps/cartera-back/src/controllers/registerPayment.ts","1234","console.log","✅ Pago a aplicar:","remove","remove","","","debug_or_sensitive_intermediate_state"
"56717ddef8f0bbd8c8633172c8ca2c85c248dfd7","apps/cartera-back/src/controllers/registerPayment.ts","1237","console.log","💵 Disponible restante:","remove","remove","","","debug_or_sensitive_intermediate_state"
"56717ddef8f0bbd8c8633172c8ca2c85c248dfd7","apps/cartera-back/src/controllers/registerPayment.ts","1242","console.log","⏭️ Saltado (sin saldo o sin deuda)","remove","remove","","","debug_or_sensitive_intermediate_state"
"56717ddef8f0bbd8c8633172c8ca2c85c248dfd7","apps/cartera-back/src/controllers/registerPayment.ts","1246","console.log","📌 PASO 3: Pagar Seguro","remove","remove","","","debug_or_sensitive_intermediate_state"
"56717ddef8f0bbd8c8633172c8ca2c85c248dfd7","apps/cartera-back/src/controllers/registerPayment.ts","1247","console.log","Seguro restante:","remove","remove","","","debug_or_sensitive_intermediate_state"
"56717ddef8f0bbd8c8633172c8ca2c85c248dfd7","apps/cartera-back/src/controllers/registerPayment.ts","1252","console.log","✅ Pago a aplicar:","remove","remove","","","debug_or_sensitive_intermediate_state"
"56717ddef8f0bbd8c8633172c8ca2c85c248dfd7","apps/cartera-back/src/controllers/registerPayment.ts","1255","console.log","💵 Disponible restante:","remove","remove","","","debug_or_sensitive_intermediate_state"
"56717ddef8f0bbd8c8633172c8ca2c85c248dfd7","apps/cartera-back/src/controllers/registerPayment.ts","1260","console.log","⏭️ Saltado (sin saldo o sin deuda)","remove","remove","","","debug_or_sensitive_intermediate_state"
"56717ddef8f0bbd8c8633172c8ca2c85c248dfd7","apps/cartera-back/src/controllers/registerPayment.ts","1264","console.log","📌 PASO 4: Pagar GPS","remove","remove","","","debug_or_sensitive_intermediate_state"
"56717ddef8f0bbd8c8633172c8ca2c85c248dfd7","apps/cartera-back/src/controllers/registerPayment.ts","1265","console.log","GPS restante:","remove","remove","","","debug_or_sensitive_intermediate_state"
"56717ddef8f0bbd8c8633172c8ca2c85c248dfd7","apps/cartera-back/src/controllers/registerPayment.ts","1270","console.log","✅ Pago a aplicar:","remove","remove","","","debug_or_sensitive_intermediate_state"
"56717ddef8f0bbd8c8633172c8ca2c85c248dfd7","apps/cartera-back/src/controllers/registerPayment.ts","1273","console.log","💵 Disponible restante:","remove","remove","","","debug_or_sensitive_intermediate_state"
"56717ddef8f0bbd8c8633172c8ca2c85c248dfd7","apps/cartera-back/src/controllers/registerPayment.ts","1278","console.log","⏭️ Saltado (sin saldo o sin deuda)","remove","remove","","","debug_or_sensitive_intermediate_state"
"56717ddef8f0bbd8c8633172c8ca2c85c248dfd7","apps/cartera-back/src/controllers/registerPayment.ts","1282","console.log","📌 PASO 5: Pagar Membresías","remove","remove","","","debug_or_sensitive_intermediate_state"
"56717ddef8f0bbd8c8633172c8ca2c85c248dfd7","apps/cartera-back/src/controllers/registerPayment.ts","1283","console.log","Membresías restante:","remove","remove","","","debug_or_sensitive_intermediate_state"
"56717ddef8f0bbd8c8633172c8ca2c85c248dfd7","apps/cartera-back/src/controllers/registerPayment.ts","1288","console.log","✅ Pago a aplicar:","remove","remove","","","debug_or_sensitive_intermediate_state"
"56717ddef8f0bbd8c8633172c8ca2c85c248dfd7","apps/cartera-back/src/controllers/registerPayment.ts","1291","console.log","💵 Disponible restante:","remove","remove","","","debug_or_sensitive_intermediate_state"
"56717ddef8f0bbd8c8633172c8ca2c85c248dfd7","apps/cartera-back/src/controllers/registerPayment.ts","1296","console.log","⏭️ Saltado (sin saldo o sin deuda)","remove","remove","","","debug_or_sensitive_intermediate_state"
"56717ddef8f0bbd8c8633172c8ca2c85c248dfd7","apps/cartera-back/src/controllers/registerPayment.ts","1300","console.log","📌 PASO 6: Pagar Capital","remove","remove","","","debug_or_sensitive_intermediate_state"
"56717ddef8f0bbd8c8633172c8ca2c85c248dfd7","apps/cartera-back/src/controllers/registerPayment.ts","1301","console.log","Capital restante:","remove","remove","","","debug_or_sensitive_intermediate_state"
"56717ddef8f0bbd8c8633172c8ca2c85c248dfd7","apps/cartera-back/src/controllers/registerPayment.ts","1306","console.log","✅ Pago a aplicar:","remove","remove","","","debug_or_sensitive_intermediate_state"
"56717ddef8f0bbd8c8633172c8ca2c85c248dfd7","apps/cartera-back/src/controllers/registerPayment.ts","1309","console.log","💵 Disponible restante:","remove","remove","","","debug_or_sensitive_intermediate_state"
"56717ddef8f0bbd8c8633172c8ca2c85c248dfd7","apps/cartera-back/src/controllers/registerPayment.ts","1314","console.log","⏭️ Saltado (sin saldo o sin deuda)","remove","remove","","","debug_or_sensitive_intermediate_state"
"56717ddef8f0bbd8c8633172c8ca2c85c248dfd7","apps/cartera-back/src/controllers/registerPayment.ts","1317","console.log","🔍 ========== RESUMEN DE ABONOS ==========","remove","remove","","","debug_or_sensitive_intermediate_state"
"56717ddef8f0bbd8c8633172c8ca2c85c248dfd7","apps/cartera-back/src/controllers/registerPayment.ts","1318","console.log","💵 Abono Interés:","remove","remove","","","debug_or_sensitive_intermediate_state"
"56717ddef8f0bbd8c8633172c8ca2c85c248dfd7","apps/cartera-back/src/controllers/registerPayment.ts","1319","console.log","💵 Abono IVA 12%:","remove","remove","","","debug_or_sensitive_intermediate_state"
"56717ddef8f0bbd8c8633172c8ca2c85c248dfd7","apps/cartera-back/src/controllers/registerPayment.ts","1320","console.log","💵 Abono Seguro:","remove","remove","","","debug_or_sensitive_intermediate_state"
"56717ddef8f0bbd8c8633172c8ca2c85c248dfd7","apps/cartera-back/src/controllers/registerPayment.ts","1321","console.log","💵 Abono GPS:","remove","remove","","","debug_or_sensitive_intermediate_state"
"56717ddef8f0bbd8c8633172c8ca2c85c248dfd7","apps/cartera-back/src/controllers/registerPayment.ts","1322","console.log","💵 Abono Membresías:","remove","remove","","","debug_or_sensitive_intermediate_state"
"56717ddef8f0bbd8c8633172c8ca2c85c248dfd7","apps/cartera-back/src/controllers/registerPayment.ts","1323","console.log","💵 Abono Capital:","remove","remove","","","debug_or_sensitive_intermediate_state"
"56717ddef8f0bbd8c8633172c8ca2c85c248dfd7","apps/cartera-back/src/controllers/registerPayment.ts","1324","console.log","💰 Sobrante sin aplicar:","remove","remove","","","debug_or_sensitive_intermediate_state"
"56717ddef8f0bbd8c8633172c8ca2c85c248dfd7","apps/cartera-back/src/controllers/registerPayment.ts","1327","console.log","🔍 ========== CALCULANDO NUEVOS RESTANTES ==========","remove","remove","","","debug_or_sensitive_intermediate_state"
"56717ddef8f0bbd8c8633172c8ca2c85c248dfd7","apps/cartera-back/src/controllers/registerPayment.ts","1337","console.log","📊 Nuevo Interés Restante:","remove","remove","","","debug_or_sensitive_intermediate_state"
"56717ddef8f0bbd8c8633172c8ca2c85c248dfd7","apps/cartera-back/src/controllers/registerPayment.ts","1341","console.log","📊 Nuevo IVA Restante:","remove","remove","","","debug_or_sensitive_intermediate_state"
"56717ddef8f0bbd8c8633172c8ca2c85c248dfd7","apps/cartera-back/src/controllers/registerPayment.ts","1342","console.log","📊 Nuevo Seguro Restante:","remove","remove","","","debug_or_sensitive_intermediate_state"
"56717ddef8f0bbd8c8633172c8ca2c85c248dfd7","apps/cartera-back/src/controllers/registerPayment.ts","1346","console.log","📊 Nuevo GPS Restante:","remove","remove","","","debug_or_sensitive_intermediate_state"
"56717ddef8f0bbd8c8633172c8ca2c85c248dfd7","apps/cartera-back/src/controllers/registerPayment.ts","1347","console.log","📊 Nuevo Membresías Restante:","remove","remove","","","debug_or_sensitive_intermediate_state"
"56717ddef8f0bbd8c8633172c8ca2c85c248dfd7","apps/cartera-back/src/controllers/registerPayment.ts","1351","console.log","📊 Nuevo Capital Restante:","remove","remove","","","debug_or_sensitive_intermediate_state"
"56717ddef8f0bbd8c8633172c8ca2c85c248dfd7","apps/cartera-back/src/controllers/registerPayment.ts","1357","console.log","🔍 ========== CALCULANDO PAGO DEL MES ==========","remove","remove","","","debug_or_sensitive_intermediate_state"
"56717ddef8f0bbd8c8633172c8ca2c85c248dfd7","apps/cartera-back/src/controllers/registerPayment.ts","1359","console.log","💰 Pago del mes actual (DB):","remove","remove","","","debug_or_sensitive_intermediate_state"
"56717ddef8f0bbd8c8633172c8ca2c85c248dfd7","apps/cartera-back/src/controllers/registerPayment.ts","1360","console.log","💵 Monto boleta actual:","remove","remove","","","debug_or_sensitive_intermediate_state"
"56717ddef8f0bbd8c8633172c8ca2c85c248dfd7","apps/cartera-back/src/controllers/registerPayment.ts","1365","console.log","💵 Pago del mes TOTAL:","remove","remove","","","debug_or_sensitive_intermediate_state"
"56717ddef8f0bbd8c8633172c8ca2c85c248dfd7","apps/cartera-back/src/controllers/registerPayment.ts","1366","console.log","🔍 ========== FIN ==========","remove","remove","","","debug_or_sensitive_intermediate_state"
"56717ddef8f0bbd8c8633172c8ca2c85c248dfd7","apps/cartera-back/src/controllers/registerPayment.ts","1404","console.log","⚠️ Restantes de cuota subestimados; reteniendo ajuste neutro en la cuota seleccionada:","remove","remove","","","debug_or_sensitive_intermediate_state"
"56717ddef8f0bbd8c8633172c8ca2c85c248dfd7","apps/cartera-back/src/controllers/registerPayment.ts","1550","console.log","cuota_id:","remove","remove","","","debug_or_sensitive_intermediate_state"
"56717ddef8f0bbd8c8633172c8ca2c85c248dfd7","apps/cartera-back/src/controllers/registerPayment.ts","1551","console.log","pagoInsertado:","remove","remove","","","debug_or_sensitive_intermediate_state"
"56717ddef8f0bbd8c8633172c8ca2c85c248dfd7","apps/cartera-back/src/controllers/registerPayment.ts","1559","console.log","✅ Cuota {expr} PAGADA COMPLETAMENTE","remove","remove","","","debug_or_sensitive_intermediate_state"
"56717ddef8f0bbd8c8633172c8ca2c85c248dfd7","apps/cartera-back/src/controllers/registerPayment.ts","1613","console.log","✅ Cuota {expr} PAGADA COMPLETAMENTE (fila de cierre NUEVA: el destino existente es un pago real y no se sobrescribe)","remove","remove","","","debug_or_sensitive_intermediate_state"
"56717ddef8f0bbd8c8633172c8ca2c85c248dfd7","apps/cartera-back/src/controllers/registerPayment.ts","1750","console.log","⏭️ Cuota {expr} sin nada que cobrar (aplicado 0, sin mora ni otros): no se inserta fila","remove","remove","","","debug_or_sensitive_intermediate_state"
"56717ddef8f0bbd8c8633172c8ca2c85c248dfd7","apps/cartera-back/src/controllers/registerPayment.ts","1776","console.log","⚠️ Cuota {expr} con PAGO PARCIAL","remove","remove","","","debug_or_sensitive_intermediate_state"
"56717ddef8f0bbd8c8633172c8ca2c85c248dfd7","apps/cartera-back/src/controllers/registerPayment.ts","1852","console.log","pagoInsertado cuota parcial:","remove","remove","","","debug_or_sensitive_intermediate_state"
"56717ddef8f0bbd8c8633172c8ca2c85c248dfd7","apps/cartera-back/src/controllers/registerPayment.ts","1953","console.log","💰 ========== ABONO DIRECTO A CAPITAL ==========","remove","remove","","","debug_or_sensitive_intermediate_state"
"56717ddef8f0bbd8c8633172c8ca2c85c248dfd7","apps/cartera-back/src/controllers/registerPayment.ts","1954","console.log","💵 Monto: Q{expr}","remove","remove","","","debug_or_sensitive_intermediate_state"
"56717ddef8f0bbd8c8633172c8ca2c85c248dfd7","apps/cartera-back/src/controllers/registerPayment.ts","2081","console.log","📝 ========== REGISTRANDO PAGO ==========","remove","remove","","","debug_or_sensitive_intermediate_state"
"56717ddef8f0bbd8c8633172c8ca2c85c248dfd7","apps/cartera-back/src/controllers/registerPayment.ts","2089","console.log","✅ Pago registrado: ID {expr}","remove","remove","","","debug_or_sensitive_intermediate_state"
"56717ddef8f0bbd8c8633172c8ca2c85c248dfd7","apps/cartera-back/src/controllers/registerPayment.ts","2093","console.log","📄 Insertando {expr} boletas...","remove","remove","","","debug_or_sensitive_intermediate_state"
"56717ddef8f0bbd8c8633172c8ca2c85c248dfd7","apps/cartera-back/src/controllers/registerPayment.ts","2102","console.log","✅ Boletas insertadas","remove","remove","","","debug_or_sensitive_intermediate_state"
"56717ddef8f0bbd8c8633172c8ca2c85c248dfd7","apps/cartera-back/src/controllers/registerPayment.ts","2105","console.log","✅ ========== ABONO A CAPITAL REGISTRADO ==========","remove","remove","","","debug_or_sensitive_intermediate_state"
"56717ddef8f0bbd8c8633172c8ca2c85c248dfd7","apps/cartera-back/src/controllers/registerPayment.ts","2106","console.log","⏳ Pendiente de validación para distribuir entre inversionistas","remove","remove","","","debug_or_sensitive_intermediate_state"
"56717ddef8f0bbd8c8633172c8ca2c85c248dfd7","apps/cartera-back/src/controllers/registerPayment.ts","2122","console.log","↩️ Sobrante no aplicado a cuotas acreditado a saldo a favor: Q{expr} (saldo: Q{expr})","remove","remove","","","debug_or_sensitive_intermediate_state"
"56717ddef8f0bbd8c8633172c8ca2c85c248dfd7","apps/cartera-back/src/controllers/registerPayment.ts","2214","console.log","↩️ Abono a capital no aplicable (sin permiso) devuelto a saldo a favor: Q{expr}","remove","remove","","","debug_or_sensitive_intermediate_state"
"56717ddef8f0bbd8c8633172c8ca2c85c248dfd7","apps/cartera-back/src/controllers/registerPayment.ts","2254","console.log","✅ Saldo a favor del usuario quedó en ${expr}","remove","remove","","","debug_or_sensitive_intermediate_state"
"56717ddef8f0bbd8c8633172c8ca2c85c248dfd7","apps/cartera-back/src/controllers/registerPayment.ts","2257","console.log","✅ Pago realizado con éxito","remove","remove","","","debug_or_sensitive_intermediate_state"
"56717ddef8f0bbd8c8633172c8ca2c85c248dfd7","apps/cartera-back/src/controllers/registerPayment.ts","2275","console.error","[insertPayment] Error:","remove","remove","","","raw_error_duplicate_signal"
"56717ddef8f0bbd8c8633172c8ca2c85c248dfd7","apps/cartera-back/src/controllers/registerPayment.ts","2307","console.error","[insertPayment] Error liberando lock:","remove","remove","","","raw_error_duplicate_signal"
"56717ddef8f0bbd8c8633172c8ca2c85c248dfd7","apps/cartera-back/src/controllers/registerPayment.ts","2378","console.log","Insertando pago para crédito SIFCO: {expr}, cuota: {expr}, mora: {expr}, otros: {expr}","remove","remove","","","debug_or_sensitive_intermediate_state"
"56717ddef8f0bbd8c8633172c8ca2c85c248dfd7","apps/cartera-back/src/controllers/registerPayment.ts","2580","console.error","⚠️ Error liberando advisory lock de aplicar-pago:","remove","remove","","","raw_error_duplicate_signal"
"56717ddef8f0bbd8c8633172c8ca2c85c248dfd7","apps/cartera-back/src/controllers/registerPayment.ts","2591","console.log","🔄 Iniciando aplicación de pago al crédito:","remove","remove","","","debug_or_sensitive_intermediate_state"
"56717ddef8f0bbd8c8633172c8ca2c85c248dfd7","apps/cartera-back/src/controllers/registerPayment.ts","2637","console.log","credito cancelado correctamente","remove","remove","","","debug_or_sensitive_intermediate_state"
"56717ddef8f0bbd8c8633172c8ca2c85c248dfd7","apps/cartera-back/src/controllers/registerPayment.ts","2698","console.error","❌ Error al aplicar pago al crédito:","remove","remove","","","raw_error_duplicate_signal"
"56717ddef8f0bbd8c8633172c8ca2c85c248dfd7","apps/cartera-back/src/controllers/registerPayment.ts","2781","console.log","📊 Cuota {expr}: aplicado {expr} / esperado {expr} (otros validated: {expr}) → {expr}","remove","remove","","","debug_or_sensitive_intermediate_state"
"56717ddef8f0bbd8c8633172c8ca2c85c248dfd7","apps/cartera-back/src/controllers/registerPayment.ts","2836","console.log","📊 Cuota {expr}: recibo en 0 pero hay otro pago pendiente sin validar ({expr}) → NO se cierra con este pago{expr}","remove","remove","","","debug_or_sensitive_intermediate_state"
"56717ddef8f0bbd8c8633172c8ca2c85c248dfd7","apps/cartera-back/src/controllers/registerPayment.ts","2841","console.log","📊 Cuota {expr}: recibo menor a la cuota mensual cubierto por completo (restantes en 0) → COMPLETA","remove","remove","","","debug_or_sensitive_intermediate_state"
"56717ddef8f0bbd8c8633172c8ca2c85c248dfd7","apps/cartera-back/src/controllers/registerPayment.ts","2866","console.log","🔴 INCOBRABLE crédito {expr}: capital {expr} − abono {expr} = {expr} → cuota {expr}","remove","remove","","","debug_or_sensitive_intermediate_state"
"56717ddef8f0bbd8c8633172c8ca2c85c248dfd7","apps/cartera-back/src/controllers/registerPayment.ts","2878","console.log","⚠️ La cuota aún no se cierra con este pago","remove","remove","","","debug_or_sensitive_intermediate_state"
"56717ddef8f0bbd8c8633172c8ca2c85c248dfd7","apps/cartera-back/src/controllers/registerPayment.ts","2893","console.log","💰 Aplicando abono a capital aunque la cuota no cierre:","remove","remove","","","debug_or_sensitive_intermediate_state"
"56717ddef8f0bbd8c8633172c8ca2c85c248dfd7","apps/cartera-back/src/controllers/registerPayment.ts","2921","console.log","💰 Nuevo capital:","remove","remove","","","debug_or_sensitive_intermediate_state"
"56717ddef8f0bbd8c8633172c8ca2c85c248dfd7","apps/cartera-back/src/controllers/registerPayment.ts","2922","console.log","✅ Capital aplicado al crédito (cuota aún abierta)","remove","remove","","","debug_or_sensitive_intermediate_state"
"56717ddef8f0bbd8c8633172c8ca2c85c248dfd7","apps/cartera-back/src/controllers/registerPayment.ts","2953","console.log","✅ Este pago cierra la cuota, aplicando al crédito","remove","remove","","","debug_or_sensitive_intermediate_state"
"56717ddef8f0bbd8c8633172c8ca2c85c248dfd7","apps/cartera-back/src/controllers/registerPayment.ts","2977","console.log","💰 Capital actual:","remove","remove","","","debug_or_sensitive_intermediate_state"
"56717ddef8f0bbd8c8633172c8ca2c85c248dfd7","apps/cartera-back/src/controllers/registerPayment.ts","2978","console.log","💰 Abono capital:","remove","remove","","","debug_or_sensitive_intermediate_state"
"56717ddef8f0bbd8c8633172c8ca2c85c248dfd7","apps/cartera-back/src/controllers/registerPayment.ts","2979","console.log","💰 Nuevo capital:","remove","remove","","","debug_or_sensitive_intermediate_state"
"56717ddef8f0bbd8c8633172c8ca2c85c248dfd7","apps/cartera-back/src/controllers/registerPayment.ts","2980","console.log","📊 Nueva deuda total:","remove","remove","","","debug_or_sensitive_intermediate_state"
"56717ddef8f0bbd8c8633172c8ca2c85c248dfd7","apps/cartera-back/src/controllers/registerPayment.ts","3047","console.log","✅ Crédito actualizado, pago validado y cuota cerrada","remove","remove","","","debug_or_sensitive_intermediate_state"
"56717ddef8f0bbd8c8633172c8ca2c85c248dfd7","apps/cartera-back/src/controllers/registerPayment.ts","3094","console.log","💼 Distribución a inversionistas: {expr} pago(s) de la cuota pendiente(s) [{expr}]","remove","remove","","","debug_or_sensitive_intermediate_state"
"56717ddef8f0bbd8c8633172c8ca2c85c248dfd7","apps/cartera-back/src/controllers/registerPayment.ts","3126","console.log","💰 ========== DISTRIBUCIÓN DEL CRÉDITO ==========","remove","remove","","","debug_or_sensitive_intermediate_state"
"56717ddef8f0bbd8c8633172c8ca2c85c248dfd7","apps/cartera-back/src/controllers/registerPayment.ts","3127","console.log","📋 Crédito ID: {expr}","remove","remove","","","debug_or_sensitive_intermediate_state"
"56717ddef8f0bbd8c8633172c8ca2c85c248dfd7","apps/cartera-back/src/controllers/registerPayment.ts","3156","console.log","💰 Capital Total (suma monto_aportado): {expr}","remove","remove","","","debug_or_sensitive_intermediate_state"
"56717ddef8f0bbd8c8633172c8ca2c85c248dfd7","apps/cartera-back/src/controllers/registerPayment.ts","3157","console.log","👥 Total inversionistas: {expr}","remove","remove","","","debug_or_sensitive_intermediate_state"
"56717ddef8f0bbd8c8633172c8ca2c85c248dfd7","apps/cartera-back/src/controllers/registerPayment.ts","3201","console.log","👤 {expr}","remove","remove","","","debug_or_sensitive_intermediate_state"
"56717ddef8f0bbd8c8633172c8ca2c85c248dfd7","apps/cartera-back/src/controllers/registerPayment.ts","3202","console.log","💰 Monto Aportado: Q{expr}","remove","remove","","","debug_or_sensitive_intermediate_state"
"56717ddef8f0bbd8c8633172c8ca2c85c248dfd7","apps/cartera-back/src/controllers/registerPayment.ts","3203","console.log","📊 Porcentaje del Crédito: {expr}%","remove","remove","","","debug_or_sensitive_intermediate_state"
"56717ddef8f0bbd8c8633172c8ca2c85c248dfd7","apps/cartera-back/src/controllers/registerPayment.ts","3206","console.log","🎯 Config Cash In: {expr}%","remove","remove","","","debug_or_sensitive_intermediate_state"
"56717ddef8f0bbd8c8633172c8ca2c85c248dfd7","apps/cartera-back/src/controllers/registerPayment.ts","3207","console.log","├─ 💸 Cash In: Q{expr} ({expr}% del crédito)","remove","remove","","","debug_or_sensitive_intermediate_state"
"56717ddef8f0bbd8c8633172c8ca2c85c248dfd7","apps/cartera-back/src/controllers/registerPayment.ts","3210","console.log","└─ 👤 Inversionista: Q{expr} ({expr}% del crédito)","remove","remove","","","debug_or_sensitive_intermediate_state"
"56717ddef8f0bbd8c8633172c8ca2c85c248dfd7","apps/cartera-back/src/controllers/registerPayment.ts","3214","console.log","🔥 CUBE INVESTMENTS → 100% Cash In","remove","remove","","","debug_or_sensitive_intermediate_state"
"56717ddef8f0bbd8c8633172c8ca2c85c248dfd7","apps/cartera-back/src/controllers/registerPayment.ts","3216","console.log","<none>","remove","remove","","","debug_or_sensitive_intermediate_state"
"56717ddef8f0bbd8c8633172c8ca2c85c248dfd7","apps/cartera-back/src/controllers/registerPayment.ts","3240","console.log","🔍 ========== RESUMEN DEL CRÉDITO ==========","remove","remove","","","debug_or_sensitive_intermediate_state"
"56717ddef8f0bbd8c8633172c8ca2c85c248dfd7","apps/cartera-back/src/controllers/registerPayment.ts","3241","console.log","💰 Capital Total: Q{expr}","remove","remove","","","debug_or_sensitive_intermediate_state"
"56717ddef8f0bbd8c8633172c8ca2c85c248dfd7","apps/cartera-back/src/controllers/registerPayment.ts","3242","console.log","💸 Total Cash In: {expr}%","remove","remove","","","debug_or_sensitive_intermediate_state"
"56717ddef8f0bbd8c8633172c8ca2c85c248dfd7","apps/cartera-back/src/controllers/registerPayment.ts","3243","console.log","👥 Total Inversionistas: {expr}%","remove","remove","","","debug_or_sensitive_intermediate_state"
"56717ddef8f0bbd8c8633172c8ca2c85c248dfd7","apps/cartera-back/src/controllers/registerPayment.ts","3246","console.log","✅ Suma: {expr}%","remove","remove","","","debug_or_sensitive_intermediate_state"
"56717ddef8f0bbd8c8633172c8ca2c85c248dfd7","apps/cartera-back/src/controllers/registerPayment.ts","3249","console.log","✅ ========== FIN ==========","remove","remove","","","debug_or_sensitive_intermediate_state"
"56717ddef8f0bbd8c8633172c8ca2c85c248dfd7","apps/cartera-back/src/controllers/registerPayment.ts","3277","console.log","💵 ========== DISTRIBUCIÓN DE ABONO A CAPITAL ==========","remove","remove","","","debug_or_sensitive_intermediate_state"
"56717ddef8f0bbd8c8633172c8ca2c85c248dfd7","apps/cartera-back/src/controllers/registerPayment.ts","3278","console.log","📋 Crédito ID: {expr}","remove","remove","","","debug_or_sensitive_intermediate_state"
"56717ddef8f0bbd8c8633172c8ca2c85c248dfd7","apps/cartera-back/src/controllers/registerPayment.ts","3279","console.log","💵 Abono: {expr}","remove","remove","","","debug_or_sensitive_intermediate_state"
"56717ddef8f0bbd8c8633172c8ca2c85c248dfd7","apps/cartera-back/src/controllers/registerPayment.ts","3288","console.log","💰 Distribuyendo abono de Q{expr}:","remove","remove","","","debug_or_sensitive_intermediate_state"
"56717ddef8f0bbd8c8633172c8ca2c85c248dfd7","apps/cartera-back/src/controllers/registerPayment.ts","3313","console.log","👤 {expr}","remove","remove","","","debug_or_sensitive_intermediate_state"
"56717ddef8f0bbd8c8633172c8ca2c85c248dfd7","apps/cartera-back/src/controllers/registerPayment.ts","3314","console.log","💵 Abono Inversionista: Q{expr}","remove","remove","","","debug_or_sensitive_intermediate_state"
"56717ddef8f0bbd8c8633172c8ca2c85c248dfd7","apps/cartera-back/src/controllers/registerPayment.ts","3315","console.log","💸 Abono Cash In: Q{expr}","remove","remove","","","debug_or_sensitive_intermediate_state"
"56717ddef8f0bbd8c8633172c8ca2c85c248dfd7","apps/cartera-back/src/controllers/registerPayment.ts","3316","console.log","✅ Nuevo Monto Aportado: Q{expr}","remove","remove","","","debug_or_sensitive_intermediate_state"
"56717ddef8f0bbd8c8633172c8ca2c85c248dfd7","apps/cartera-back/src/controllers/registerPayment.ts","3319","console.log","<none>","remove","remove","","","debug_or_sensitive_intermediate_state"
"56717ddef8f0bbd8c8633172c8ca2c85c248dfd7","apps/cartera-back/src/controllers/registerPayment.ts","3332","console.log","🔍 ========== VERIFICACIÓN ==========","remove","remove","","","debug_or_sensitive_intermediate_state"
"56717ddef8f0bbd8c8633172c8ca2c85c248dfd7","apps/cartera-back/src/controllers/registerPayment.ts","3333","console.log","💵 Abono Total: Q{expr}","remove","remove","","","debug_or_sensitive_intermediate_state"
"56717ddef8f0bbd8c8633172c8ca2c85c248dfd7","apps/cartera-back/src/controllers/registerPayment.ts","3334","console.log","👥 Total Inversionistas: Q{expr}","remove","remove","","","debug_or_sensitive_intermediate_state"
"56717ddef8f0bbd8c8633172c8ca2c85c248dfd7","apps/cartera-back/src/controllers/registerPayment.ts","3337","console.log","💸 Total Cash In: Q{expr}","remove","remove","","","debug_or_sensitive_intermediate_state"
"56717ddef8f0bbd8c8633172c8ca2c85c248dfd7","apps/cartera-back/src/controllers/registerPayment.ts","3338","console.log","✅ Suma: Q{expr}","remove","remove","","","debug_or_sensitive_intermediate_state"
"56717ddef8f0bbd8c8633172c8ca2c85c248dfd7","apps/cartera-back/src/controllers/registerPayment.ts","3341","console.log","✅ ========== FIN ==========","remove","remove","","","debug_or_sensitive_intermediate_state"
"56717ddef8f0bbd8c8633172c8ca2c85c248dfd7","apps/cartera-back/src/controllers/registerPayment.ts","3364","console.log","💵 ========== APLICANDO ABONO A CAPITAL ==========","remove","remove","","","debug_or_sensitive_intermediate_state"
"56717ddef8f0bbd8c8633172c8ca2c85c248dfd7","apps/cartera-back/src/controllers/registerPayment.ts","3375","console.log","✅ Abono distribuido en tabla abonos_capital (espejo)","remove","remove","","","debug_or_sensitive_intermediate_state"
"56717ddef8f0bbd8c8633172c8ca2c85c248dfd7","apps/cartera-back/src/controllers/registerPayment.ts","3378","console.log","💵 Abono Total: {expr}","remove","remove","","","debug_or_sensitive_intermediate_state"
"56717ddef8f0bbd8c8633172c8ca2c85c248dfd7","apps/cartera-back/src/controllers/registerPayment.ts","3379","console.log","🧾 Pago ID: {expr}","remove","remove","","","debug_or_sensitive_intermediate_state"
"56717ddef8f0bbd8c8633172c8ca2c85c248dfd7","apps/cartera-back/src/controllers/registerPayment.ts","3409","console.log","💰 Capital Actual: Q{expr}","remove","remove","","","debug_or_sensitive_intermediate_state"
"56717ddef8f0bbd8c8633172c8ca2c85c248dfd7","apps/cartera-back/src/controllers/registerPayment.ts","3410","console.log","💰 Nuevo Capital: Q{expr}","remove","remove","","","debug_or_sensitive_intermediate_state"
"56717ddef8f0bbd8c8633172c8ca2c85c248dfd7","apps/cartera-back/src/controllers/registerPayment.ts","3411","console.log","📊 Nuevo Interés: Q{expr}","remove","remove","","","debug_or_sensitive_intermediate_state"
"56717ddef8f0bbd8c8633172c8ca2c85c248dfd7","apps/cartera-back/src/controllers/registerPayment.ts","3412","console.log","📊 Nuevo IVA: Q{expr}","remove","remove","","","debug_or_sensitive_intermediate_state"
"56717ddef8f0bbd8c8633172c8ca2c85c248dfd7","apps/cartera-back/src/controllers/registerPayment.ts","3413","console.log","📊 Nueva Deuda Total: Q{expr}","remove","remove","","","debug_or_sensitive_intermediate_state"
"56717ddef8f0bbd8c8633172c8ca2c85c248dfd7","apps/cartera-back/src/controllers/registerPayment.ts","3428","console.log","✅ Crédito actualizado","remove","remove","","","debug_or_sensitive_intermediate_state"
"56717ddef8f0bbd8c8633172c8ca2c85c248dfd7","apps/cartera-back/src/controllers/registerPayment.ts","3430","console.log","✅ Saldo a favor limpiado","remove","remove","","","debug_or_sensitive_intermediate_state"
"56717ddef8f0bbd8c8633172c8ca2c85c248dfd7","apps/cartera-back/src/controllers/registerPayment.ts","3438","console.log","🔄 Procesando {expr} inversionistas...","remove","remove","","","debug_or_sensitive_intermediate_state"
"56717ddef8f0bbd8c8633172c8ca2c85c248dfd7","apps/cartera-back/src/controllers/registerPayment.ts","3447","console.log","👤 Procesando: {expr}","remove","remove","","","debug_or_sensitive_intermediate_state"
"56717ddef8f0bbd8c8633172c8ca2c85c248dfd7","apps/cartera-back/src/controllers/registerPayment.ts","3448","console.log","💵 Abono a Capital: Q{expr}","remove","remove","","","debug_or_sensitive_intermediate_state"
"56717ddef8f0bbd8c8633172c8ca2c85c248dfd7","apps/cartera-back/src/controllers/registerPayment.ts","3449","console.log","📊 Participación: {expr}%","remove","remove","","","debug_or_sensitive_intermediate_state"
"56717ddef8f0bbd8c8633172c8ca2c85c248dfd7","apps/cartera-back/src/controllers/registerPayment.ts","3479","console.log","💵 Cuota Actualizada: Q{expr}","remove","remove","","","debug_or_sensitive_intermediate_state"
"56717ddef8f0bbd8c8633172c8ca2c85c248dfd7","apps/cartera-back/src/controllers/registerPayment.ts","3510","console.log","✅ Pago registrado: ID {expr}","remove","remove","","","debug_or_sensitive_intermediate_state"
"56717ddef8f0bbd8c8633172c8ca2c85c248dfd7","apps/cartera-back/src/controllers/registerPayment.ts","3511","console.log","✅ Actualizado: {expr}","remove","remove","","","debug_or_sensitive_intermediate_state"
"56717ddef8f0bbd8c8633172c8ca2c85c248dfd7","apps/cartera-back/src/controllers/registerPayment.ts","3565","console.log","⚠️ Crédito solo-interés (no_amortiza_capital): recálculo automático omitido","remove","remove","","","debug_or_sensitive_intermediate_state"
"56717ddef8f0bbd8c8633172c8ca2c85c248dfd7","apps/cartera-back/src/controllers/registerPayment.ts","3631","console.log","⚠️ Cuota con pago parcial aplicado: recálculo automático omitido — revisar el reparto manualmente (el botón también redistribuiría el parcial)","remove","remove","","","debug_or_sensitive_intermediate_state"
"56717ddef8f0bbd8c8633172c8ca2c85c248dfd7","apps/cartera-back/src/controllers/registerPayment.ts","3682","console.log","⚠️ Crédito con cuotas vencidas sin aplicar: recálculo automático omitido — revisar con el equipo cómo tratar el interés de las vencidas antes de recalcular","remove","remove","","","debug_or_sensitive_intermediate_state"
"56717ddef8f0bbd8c8633172c8ca2c85c248dfd7","apps/cartera-back/src/controllers/registerPayment.ts","3725","console.log","⚠️ Pago registrado sin validar con monto mayor al recibo recalculado: revisar sobrante (saldo a favor/devolución) antes de validarlo","remove","remove","","","debug_or_sensitive_intermediate_state"
"56717ddef8f0bbd8c8633172c8ca2c85c248dfd7","apps/cartera-back/src/controllers/registerPayment.ts","3729","console.log","✅ Recibos pendientes recalculados con el capital nuevo","remove","remove","","","debug_or_sensitive_intermediate_state"
"56717ddef8f0bbd8c8633172c8ca2c85c248dfd7","apps/cartera-back/src/controllers/registerPayment.ts","3740","console.error","❌ Error recalculando recibos post-abono (correr Recalcular Pagos manual):","remove","remove","","","raw_error_duplicate_signal"
"56717ddef8f0bbd8c8633172c8ca2c85c248dfd7","apps/cartera-back/src/controllers/registerPayment.ts","3747","console.log","✅ ========== ABONO APLICADO EXITOSAMENTE ==========","remove","remove","","","debug_or_sensitive_intermediate_state"
"56717ddef8f0bbd8c8633172c8ca2c85c248dfd7","apps/cartera-back/src/controllers/registerPayment.ts","3826","console.error","❌ Error al actualizar cuenta de empresa en pago:","remove","remove","","","raw_error_duplicate_signal"
"56717ddef8f0bbd8c8633172c8ca2c85c248dfd7","apps/cartera-back/src/controllers/registerPayment.ts","4068","console.error","❌ Error en aplicarMontoAPago:","remove","remove","","","raw_error_duplicate_signal"
"56717ddef8f0bbd8c8633172c8ca2c85c248dfd7","apps/cartera-back/src/controllers/registerPayment.ts","4206","console.log","✅ Pago {expr} editado. Campos: {expr}","remove","remove","","","debug_or_sensitive_intermediate_state"
"56717ddef8f0bbd8c8633172c8ca2c85c248dfd7","apps/cartera-back/src/controllers/registerPayment.ts","4214","console.error","❌ Error en editarPago:","remove","remove","","","raw_error_duplicate_signal"
"56717ddef8f0bbd8c8633172c8ca2c85c248dfd7","apps/cartera-back/src/controllers/registerPaymentPolicy.ts","712","console.log","⚠️ El pago es un abono directo a capital","unresolved","unresolved","","","pending_semantic_review"
"56717ddef8f0bbd8c8633172c8ca2c85c248dfd7","apps/cartera-back/src/controllers/replaceInvestorCredit.ts","202","console.warn","[returnPendingInvestorsToCube] Token inválido o expirado","unresolved","unresolved","","","pending_semantic_review"
"56717ddef8f0bbd8c8633172c8ca2c85c248dfd7","apps/cartera-back/src/controllers/replaceInvestorCredit.ts","386","console.log","🧹 {expr} crédito(s) a limpiar","unresolved","unresolved","","","pending_semantic_review"
"56717ddef8f0bbd8c8633172c8ca2c85c248dfd7","apps/cartera-back/src/controllers/replaceInvestorCredit.ts","728","console.log","🧹 Crédito {expr} limpio - {expr} pendiente(s) ({expr} salieron del crédito), Q{expr} a CUBE, {expr} restantes","unresolved","unresolved","","","pending_semantic_review"
"56717ddef8f0bbd8c8633172c8ca2c85c248dfd7","apps/cartera-back/src/controllers/replaceInvestorCredit.ts","759","console.error","[returnPendingInvestorsToCube] Falló envío de correo:","unresolved","unresolved","","","pending_semantic_review"
"56717ddef8f0bbd8c8633172c8ca2c85c248dfd7","apps/cartera-back/src/controllers/replaceInvestorCredit.ts","773","console.error","[returnPendingInvestorsToCube] Error:","unresolved","unresolved","","","pending_semantic_review"
"56717ddef8f0bbd8c8633172c8ca2c85c248dfd7","apps/cartera-back/src/controllers/replaceInvestorCredit.ts","996","console.log","🔄 Reasignación manual: inversionista {expr}","unresolved","unresolved","","","pending_semantic_review"
"56717ddef8f0bbd8c8633172c8ca2c85c248dfd7","apps/cartera-back/src/controllers/replaceInvestorCredit.ts","999","console.log","Origen: crédito {expr} - delta pendiente Q{expr} (padre acumulado Q{expr})","unresolved","unresolved","","","pending_semantic_review"
"56717ddef8f0bbd8c8633172c8ca2c85c248dfd7","apps/cartera-back/src/controllers/replaceInvestorCredit.ts","1032","console.log","📌 Asignando Q{expr} a crédito {expr}","unresolved","unresolved","","","pending_semantic_review"
"56717ddef8f0bbd8c8633172c8ca2c85c248dfd7","apps/cartera-back/src/controllers/replaceInvestorCredit.ts","1412","console.log","✅ Crédito {expr} - Q{expr} asignado","unresolved","unresolved","","","pending_semantic_review"
"56717ddef8f0bbd8c8633172c8ca2c85c248dfd7","apps/cartera-back/src/controllers/replaceInvestorCredit.ts","1450","console.log","🧹 Limpiando crédito origen {expr} - devolviendo Q{expr} a CUBE","unresolved","unresolved","","","pending_semantic_review"
"56717ddef8f0bbd8c8633172c8ca2c85c248dfd7","apps/cartera-back/src/controllers/replaceInvestorCredit.ts","1764","console.log","🧹 Crédito origen {expr} limpio - {expr} inversionistas restantes{expr}","unresolved","unresolved","","","pending_semantic_review"
"56717ddef8f0bbd8c8633172c8ca2c85c248dfd7","apps/cartera-back/src/controllers/replaceInvestorCredit.ts","1811","console.error","[manualReassignInvestor] Error:","unresolved","unresolved","","","pending_semantic_review"
"56717ddef8f0bbd8c8633172c8ca2c85c248dfd7","apps/cartera-back/src/controllers/reportes.ts","1214","console.error","No fue posible recuperar el detalle del reporte de reinversión","unresolved","unresolved","","","pending_semantic_review"
"56717ddef8f0bbd8c8633172c8ca2c85c248dfd7","apps/cartera-back/src/controllers/reports.ts","255","console.log","📊 Generando Excel con","unresolved","unresolved","","","pending_semantic_review"
"56717ddef8f0bbd8c8633172c8ca2c85c248dfd7","apps/cartera-back/src/controllers/reports.ts","494","console.log","✅ Reporte Excel subido a R2:","unresolved","unresolved","","","pending_semantic_review"
"56717ddef8f0bbd8c8633172c8ca2c85c248dfd7","apps/cartera-back/src/controllers/reports.ts","517","console.log","📊 Generando PDF con {expr} pagos pagados...","unresolved","unresolved","","","pending_semantic_review"
"56717ddef8f0bbd8c8633172c8ca2c85c248dfd7","apps/cartera-back/src/controllers/reports.ts","723","console.log","✅ Estado de cuenta PDF subido:","unresolved","unresolved","","","pending_semantic_review"
"56717ddef8f0bbd8c8633172c8ca2c85c248dfd7","apps/cartera-back/src/controllers/reports.ts","771","console.log","📊 Generando Excel con {expr} pagos (estilo distri_recaudo)...","unresolved","unresolved","","","pending_semantic_review"
"56717ddef8f0bbd8c8633172c8ca2c85c248dfd7","apps/cartera-back/src/controllers/reports.ts","1046","console.log","✅ Reporte de pagos con inversionistas subido:","unresolved","unresolved","","","pending_semantic_review"
"56717ddef8f0bbd8c8633172c8ca2c85c248dfd7","apps/cartera-back/src/controllers/reports.ts","1092","console.log","📊 Generando Excel de asesores con {expr} pagos...","unresolved","unresolved","","","pending_semantic_review"
"56717ddef8f0bbd8c8633172c8ca2c85c248dfd7","apps/cartera-back/src/controllers/reports.ts","1310","console.log","✅ Reporte de asesores subido:","unresolved","unresolved","","","pending_semantic_review"
"56717ddef8f0bbd8c8633172c8ca2c85c248dfd7","apps/cartera-back/src/controllers/reports.ts","1618","console.log","✅ Recibo de pago PDF subido:","unresolved","unresolved","","","pending_semantic_review"
"56717ddef8f0bbd8c8633172c8ca2c85c248dfd7","apps/cartera-back/src/controllers/revalidatePayment.ts","29","console.log","✅ ========== INICIO REVALIDACIÓN DE PAGO ==========","unresolved","unresolved","","","pending_semantic_review"
"56717ddef8f0bbd8c8633172c8ca2c85c248dfd7","apps/cartera-back/src/controllers/revalidatePayment.ts","41","console.log","📋 Crédito ID: {expr}","unresolved","unresolved","","","pending_semantic_review"
"56717ddef8f0bbd8c8633172c8ca2c85c248dfd7","apps/cartera-back/src/controllers/revalidatePayment.ts","42","console.log","🧾 Pago ID: {expr}","unresolved","unresolved","","","pending_semantic_review"
"56717ddef8f0bbd8c8633172c8ca2c85c248dfd7","apps/cartera-back/src/controllers/revalidatePayment.ts","90","console.log","✅ Pago encontrado (Pendiente)","unresolved","unresolved","","","pending_semantic_review"
"56717ddef8f0bbd8c8633172c8ca2c85c248dfd7","apps/cartera-back/src/controllers/revalidatePayment.ts","107","console.log","✅ Crédito encontrado","unresolved","unresolved","","","pending_semantic_review"
"56717ddef8f0bbd8c8633172c8ca2c85c248dfd7","apps/cartera-back/src/controllers/revalidatePayment.ts","146","console.log","💰 Capital actual: {expr}","unresolved","unresolved","","","pending_semantic_review"
"56717ddef8f0bbd8c8633172c8ca2c85c248dfd7","apps/cartera-back/src/controllers/revalidatePayment.ts","147","console.log","💰 Abono capital del pago actual: {expr}","unresolved","unresolved","","","pending_semantic_review"
"56717ddef8f0bbd8c8633172c8ca2c85c248dfd7","apps/cartera-back/src/controllers/revalidatePayment.ts","148","console.log","💰 Nuevo capital: {expr}","unresolved","unresolved","","","pending_semantic_review"
"56717ddef8f0bbd8c8633172c8ca2c85c248dfd7","apps/cartera-back/src/controllers/revalidatePayment.ts","167","console.log","🔢 Nueva cuota interés: {expr}","unresolved","unresolved","","","pending_semantic_review"
"56717ddef8f0bbd8c8633172c8ca2c85c248dfd7","apps/cartera-back/src/controllers/revalidatePayment.ts","168","console.log","🔢 Nuevo IVA 12%: {expr}","unresolved","unresolved","","","pending_semantic_review"
"56717ddef8f0bbd8c8633172c8ca2c85c248dfd7","apps/cartera-back/src/controllers/revalidatePayment.ts","169","console.log","📊 Nueva deuda total: {expr}","unresolved","unresolved","","","pending_semantic_review"
"56717ddef8f0bbd8c8633172c8ca2c85c248dfd7","apps/cartera-back/src/controllers/revalidatePayment.ts","183","console.log","✅ Crédito actualizado con nuevos valores","unresolved","unresolved","","","pending_semantic_review"
"56717ddef8f0bbd8c8633172c8ca2c85c248dfd7","apps/cartera-back/src/controllers/revalidatePayment.ts","201","console.log","✅ Pago marcado como validado con fecha de aplicación","unresolved","unresolved","","","pending_semantic_review"
"56717ddef8f0bbd8c8633172c8ca2c85c248dfd7","apps/cartera-back/src/controllers/revalidatePayment.ts","246","console.error","❌ ========== ERROR EN REVALIDACIÓN ==========","unresolved","unresolved","","","pending_semantic_review"
"56717ddef8f0bbd8c8633172c8ca2c85c248dfd7","apps/cartera-back/src/controllers/revalidatePayment.ts","247","console.error","<dynamic>","unresolved","unresolved","","","pending_semantic_review"
"56717ddef8f0bbd8c8633172c8ca2c85c248dfd7","apps/cartera-back/src/controllers/reversePayment.ts","64","console.log","🔄 ========== INICIO REVERSIÓN DE PAGO ==========","unresolved","unresolved","","","pending_semantic_review"
"56717ddef8f0bbd8c8633172c8ca2c85c248dfd7","apps/cartera-back/src/controllers/reversePayment.ts","78","console.log","📋 Crédito ID: {expr}","unresolved","unresolved","","","pending_semantic_review"
"56717ddef8f0bbd8c8633172c8ca2c85c248dfd7","apps/cartera-back/src/controllers/reversePayment.ts","79","console.log","🧾 Pago ID: {expr}","unresolved","unresolved","","","pending_semantic_review"
"56717ddef8f0bbd8c8633172c8ca2c85c248dfd7","apps/cartera-back/src/controllers/reversePayment.ts","105","console.log","✅ Pago encontrado | Validado: {expr}","unresolved","unresolved","","","pending_semantic_review"
"56717ddef8f0bbd8c8633172c8ca2c85c248dfd7","apps/cartera-back/src/controllers/reversePayment.ts","126","console.log","✅ Crédito encontrado y activo","unresolved","unresolved","","","pending_semantic_review"
"56717ddef8f0bbd8c8633172c8ca2c85c248dfd7","apps/cartera-back/src/controllers/reversePayment.ts","155","console.log","✅ Usuario encontrado","unresolved","unresolved","","","pending_semantic_review"
"56717ddef8f0bbd8c8633172c8ca2c85c248dfd7","apps/cartera-back/src/controllers/reversePayment.ts","210","console.log","📊 Se encontraron {expr} factura(s) activa(s)","unresolved","unresolved","","","pending_semantic_review"
"56717ddef8f0bbd8c8633172c8ca2c85c248dfd7","apps/cartera-back/src/controllers/reversePayment.ts","223","console.log","📊 ========== RECALCULANDO VALORES DEL CRÉDITO ==========","unresolved","unresolved","","","pending_semantic_review"
"56717ddef8f0bbd8c8633172c8ca2c85c248dfd7","apps/cartera-back/src/controllers/reversePayment.ts","246","console.log","💰 Capital actual: {expr}","unresolved","unresolved","","","pending_semantic_review"
"56717ddef8f0bbd8c8633172c8ca2c85c248dfd7","apps/cartera-back/src/controllers/reversePayment.ts","247","console.log","💵 Abono capital a reversar: {expr}","unresolved","unresolved","","","pending_semantic_review"
"56717ddef8f0bbd8c8633172c8ca2c85c248dfd7","apps/cartera-back/src/controllers/reversePayment.ts","248","console.log","✅ Nuevo capital: {expr}","unresolved","unresolved","","","pending_semantic_review"
"56717ddef8f0bbd8c8633172c8ca2c85c248dfd7","apps/cartera-back/src/controllers/reversePayment.ts","249","console.log","🔢 Nuevo interés: {expr}","unresolved","unresolved","","","pending_semantic_review"
"56717ddef8f0bbd8c8633172c8ca2c85c248dfd7","apps/cartera-back/src/controllers/reversePayment.ts","250","console.log","🔢 Nuevo IVA: {expr}","unresolved","unresolved","","","pending_semantic_review"
"56717ddef8f0bbd8c8633172c8ca2c85c248dfd7","apps/cartera-back/src/controllers/reversePayment.ts","251","console.log","💳 Nueva deuda total: {expr}","unresolved","unresolved","","","pending_semantic_review"
"56717ddef8f0bbd8c8633172c8ca2c85c248dfd7","apps/cartera-back/src/controllers/reversePayment.ts","253","console.log","⏭️ Cuota no pagada — se omite recálculo de capital/interés/IVA","unresolved","unresolved","","","pending_semantic_review"
"56717ddef8f0bbd8c8633172c8ca2c85c248dfd7","apps/cartera-back/src/controllers/reversePayment.ts","260","console.log","⚠️ Reversando mora: {expr}","unresolved","unresolved","","","pending_semantic_review"
"56717ddef8f0bbd8c8633172c8ca2c85c248dfd7","apps/cartera-back/src/controllers/reversePayment.ts","277","console.log","⚠️ Reversando pago de convenio: {expr}","unresolved","unresolved","","","pending_semantic_review"
"56717ddef8f0bbd8c8633172c8ca2c85c248dfd7","apps/cartera-back/src/controllers/reversePayment.ts","282","console.log","✅ Pago de convenio reversado: {expr}","unresolved","unresolved","","","pending_semantic_review"
"56717ddef8f0bbd8c8633172c8ca2c85c248dfd7","apps/cartera-back/src/controllers/reversePayment.ts","302","console.log","✅ Crédito actualizado con nuevos valores","unresolved","unresolved","","","pending_semantic_review"
"56717ddef8f0bbd8c8633172c8ca2c85c248dfd7","apps/cartera-back/src/controllers/reversePayment.ts","304","console.log","⏭️ Crédito NO actualizado (pagoValidado={expr})","unresolved","unresolved","","","pending_semantic_review"
"56717ddef8f0bbd8c8633172c8ca2c85c248dfd7","apps/cartera-back/src/controllers/reversePayment.ts","310","console.log","💼 ========== REVERSANDO INVERSIONES ==========","unresolved","unresolved","","","pending_semantic_review"
"56717ddef8f0bbd8c8633172c8ca2c85c248dfd7","apps/cartera-back/src/controllers/reversePayment.ts","315","console.log","✅ Inversiones reversadas correctamente","unresolved","unresolved","","","pending_semantic_review"
"56717ddef8f0bbd8c8633172c8ca2c85c248dfd7","apps/cartera-back/src/controllers/reversePayment.ts","320","console.log","🔙 ========== DEVOLVIENDO ABONOS A RESTANTES ==========","unresolved","unresolved","","","pending_semantic_review"
"56717ddef8f0bbd8c8633172c8ca2c85c248dfd7","apps/cartera-back/src/controllers/reversePayment.ts","341","console.log","💵 Capital restante: {expr} → {expr}","unresolved","unresolved","","","pending_semantic_review"
"56717ddef8f0bbd8c8633172c8ca2c85c248dfd7","apps/cartera-back/src/controllers/reversePayment.ts","344","console.log","💵 Interés restante: {expr} → {expr}","unresolved","unresolved","","","pending_semantic_review"
"56717ddef8f0bbd8c8633172c8ca2c85c248dfd7","apps/cartera-back/src/controllers/reversePayment.ts","347","console.log","💵 IVA restante: {expr} → {expr}","unresolved","unresolved","","","pending_semantic_review"
"56717ddef8f0bbd8c8633172c8ca2c85c248dfd7","apps/cartera-back/src/controllers/reversePayment.ts","350","console.log","💵 Seguro restante: {expr} → {expr}","unresolved","unresolved","","","pending_semantic_review"
"56717ddef8f0bbd8c8633172c8ca2c85c248dfd7","apps/cartera-back/src/controllers/reversePayment.ts","353","console.log","💵 GPS restante: {expr} → {expr}","unresolved","unresolved","","","pending_semantic_review"
"56717ddef8f0bbd8c8633172c8ca2c85c248dfd7","apps/cartera-back/src/controllers/reversePayment.ts","356","console.log","💵 Membresías restante: {expr} → {expr}","unresolved","unresolved","","","pending_semantic_review"
"56717ddef8f0bbd8c8633172c8ca2c85c248dfd7","apps/cartera-back/src/controllers/reversePayment.ts","366","console.log","📝 Pago estaba PAGADO - Marcando cuota como NO pagada y reseteando pago","unresolved","unresolved","","","pending_semantic_review"
"56717ddef8f0bbd8c8633172c8ca2c85c248dfd7","apps/cartera-back/src/controllers/reversePayment.ts","370","console.log","✅ El estado de la cuota se recalculará con los pagos restantes","unresolved","unresolved","","","pending_semantic_review"
"56717ddef8f0bbd8c8633172c8ca2c85c248dfd7","apps/cartera-back/src/controllers/reversePayment.ts","375","console.log","🔄 ========== RESETEANDO VALORES DEL PAGO ==========","unresolved","unresolved","","","pending_semantic_review"
"56717ddef8f0bbd8c8633172c8ca2c85c248dfd7","apps/cartera-back/src/controllers/reversePayment.ts","424","console.log","✅ Pago reseteado correctamente (mantiene registro histórico)","unresolved","unresolved","","","pending_semantic_review"
"56717ddef8f0bbd8c8633172c8ca2c85c248dfd7","apps/cartera-back/src/controllers/reversePayment.ts","428","console.log","✅ Boletas eliminadas","unresolved","unresolved","","","pending_semantic_review"
"56717ddef8f0bbd8c8633172c8ca2c85c248dfd7","apps/cartera-back/src/controllers/reversePayment.ts","439","console.log","✅ Boletas eliminadas","unresolved","unresolved","","","pending_semantic_review"
"56717ddef8f0bbd8c8633172c8ca2c85c248dfd7","apps/cartera-back/src/controllers/reversePayment.ts","443","console.log","✅ Pagos inversionistas eliminados","unresolved","unresolved","","","pending_semantic_review"
"56717ddef8f0bbd8c8633172c8ca2c85c248dfd7","apps/cartera-back/src/controllers/reversePayment.ts","450","console.log","✅ Pago parcial eliminado (quedan otros registros en la cuota)","unresolved","unresolved","","","pending_semantic_review"
"56717ddef8f0bbd8c8633172c8ca2c85c248dfd7","apps/cartera-back/src/controllers/reversePayment.ts","453","console.log","⚠️ Único registro de la cuota, reseteando en vez de eliminar","unresolved","unresolved","","","pending_semantic_review"
"56717ddef8f0bbd8c8633172c8ca2c85c248dfd7","apps/cartera-back/src/controllers/reversePayment.ts","491","console.log","✅ Pago reseteado (registro conservado para la cuota)","unresolved","unresolved","","","pending_semantic_review"
"56717ddef8f0bbd8c8633172c8ca2c85c248dfd7","apps/cartera-back/src/controllers/reversePayment.ts","494","console.log","✅ Pago reseteado correctamente","unresolved","unresolved","","","pending_semantic_review"
"56717ddef8f0bbd8c8633172c8ca2c85c248dfd7","apps/cartera-back/src/controllers/reversePayment.ts","529","console.log","✅ Pagos de inversionistas eliminados","unresolved","unresolved","","","pending_semantic_review"
"56717ddef8f0bbd8c8633172c8ca2c85c248dfd7","apps/cartera-back/src/controllers/reversePayment.ts","534","console.log","💰 ========== ACTUALIZANDO SALDO A FAVOR ==========","unresolved","unresolved","","","pending_semantic_review"
"56717ddef8f0bbd8c8633172c8ca2c85c248dfd7","apps/cartera-back/src/controllers/reversePayment.ts","545","console.log","💵 Saldo actual: {expr}","unresolved","unresolved","","","pending_semantic_review"
"56717ddef8f0bbd8c8633172c8ca2c85c248dfd7","apps/cartera-back/src/controllers/reversePayment.ts","546","console.log","💵 Monto boleta: {expr}","unresolved","unresolved","","","pending_semantic_review"
"56717ddef8f0bbd8c8633172c8ca2c85c248dfd7","apps/cartera-back/src/controllers/reversePayment.ts","547","console.log","✅ Nuevo saldo a favor: {expr}","unresolved","unresolved","","","pending_semantic_review"
"56717ddef8f0bbd8c8633172c8ca2c85c248dfd7","apps/cartera-back/src/controllers/reversePayment.ts","554","console.log","✅ Saldo a favor actualizado","unresolved","unresolved","","","pending_semantic_review"
"56717ddef8f0bbd8c8633172c8ca2c85c248dfd7","apps/cartera-back/src/controllers/reversePayment.ts","562","console.log","🧹 ========== RECALCULANDO PAGOS DE LA CUOTA ==========","unresolved","unresolved","","","pending_semantic_review"
"56717ddef8f0bbd8c8633172c8ca2c85c248dfd7","apps/cartera-back/src/controllers/reversePayment.ts","646","console.log","🗑️ Placeholders eliminados: {expr}","unresolved","unresolved","","","pending_semantic_review"
"56717ddef8f0bbd8c8633172c8ca2c85c248dfd7","apps/cartera-back/src/controllers/reversePayment.ts","647","console.log","✅ Cuota recalculada como {expr}","unresolved","unresolved","","","pending_semantic_review"
"56717ddef8f0bbd8c8633172c8ca2c85c248dfd7","apps/cartera-back/src/controllers/reversePayment.ts","651","console.log","⏭️ Pago eliminado - no se limpian duplicados","unresolved","unresolved","","","pending_semantic_review"
"56717ddef8f0bbd8c8633172c8ca2c85c248dfd7","apps/cartera-back/src/controllers/reversePayment.ts","714","console.log","🧾 ========== ANULANDO FACTURAS ELECTRÓNICAS ==========","unresolved","unresolved","","","pending_semantic_review"
"56717ddef8f0bbd8c8633172c8ca2c85c248dfd7","apps/cartera-back/src/controllers/reversePayment.ts","723","console.log","🧾 Procesando factura {expr}-{expr} ({expr})","unresolved","unresolved","","","pending_semantic_review"
"56717ddef8f0bbd8c8633172c8ca2c85c248dfd7","apps/cartera-back/src/controllers/reversePayment.ts","782","console.log","✅ Factura {expr}-{expr} anulada correctamente","unresolved","unresolved","","","pending_semantic_review"
"56717ddef8f0bbd8c8633172c8ca2c85c248dfd7","apps/cartera-back/src/controllers/reversePayment.ts","794","console.error","⚠️ Error al actualizar BD (factura YA anulada en COFIDI):","unresolved","unresolved","","","pending_semantic_review"
"56717ddef8f0bbd8c8633172c8ca2c85c248dfd7","apps/cartera-back/src/controllers/reversePayment.ts","807","console.error","❌ Error al anular en COFIDI:","unresolved","unresolved","","","pending_semantic_review"
"56717ddef8f0bbd8c8633172c8ca2c85c248dfd7","apps/cartera-back/src/controllers/reversePayment.ts","822","console.error","❌ Fallo inesperado anulando {expr}-{expr}:","unresolved","unresolved","","","pending_semantic_review"
"56717ddef8f0bbd8c8633172c8ca2c85c248dfd7","apps/cartera-back/src/controllers/reversePayment.ts","836","console.log","📊 Resumen anulación facturas:","unresolved","unresolved","","","pending_semantic_review"
"56717ddef8f0bbd8c8633172c8ca2c85c248dfd7","apps/cartera-back/src/controllers/reversePayment.ts","837","console.log","✅ Anuladas: {expr}","unresolved","unresolved","","","pending_semantic_review"
"56717ddef8f0bbd8c8633172c8ca2c85c248dfd7","apps/cartera-back/src/controllers/reversePayment.ts","838","console.log","❌ Con error: {expr}","unresolved","unresolved","","","pending_semantic_review"
"56717ddef8f0bbd8c8633172c8ca2c85c248dfd7","apps/cartera-back/src/controllers/reversePayment.ts","844","console.log","✅ ========== REVERSIÓN COMPLETADA EXITOSAMENTE ==========","unresolved","unresolved","","","pending_semantic_review"
"56717ddef8f0bbd8c8633172c8ca2c85c248dfd7","apps/cartera-back/src/controllers/reversePayment.ts","889","console.error","❌ ========== ERROR EN REVERSIÓN ==========","unresolved","unresolved","","","pending_semantic_review"
"56717ddef8f0bbd8c8633172c8ca2c85c248dfd7","apps/cartera-back/src/controllers/reversePayment.ts","890","console.error","[reversePayment] Error:","unresolved","unresolved","","","pending_semantic_review"
"56717ddef8f0bbd8c8633172c8ca2c85c248dfd7","apps/cartera-back/src/controllers/reversePayment.ts","891","console.error","========================================","unresolved","unresolved","","","pending_semantic_review"
"56717ddef8f0bbd8c8633172c8ca2c85c248dfd7","apps/cartera-back/src/controllers/reversePayment.ts","946","console.log","🔄 ========== REVIRTIENDO PAGO DE CONVENIO ==========","unresolved","unresolved","","","pending_semantic_review"
"56717ddef8f0bbd8c8633172c8ca2c85c248dfd7","apps/cartera-back/src/controllers/reversePayment.ts","947","console.log","🏦 Crédito ID:","unresolved","unresolved","","","pending_semantic_review"
"56717ddef8f0bbd8c8633172c8ca2c85c248dfd7","apps/cartera-back/src/controllers/reversePayment.ts","948","console.log","💵 Monto a revertir:","unresolved","unresolved","","","pending_semantic_review"
"56717ddef8f0bbd8c8633172c8ca2c85c248dfd7","apps/cartera-back/src/controllers/reversePayment.ts","963","console.log","📋 Convenio ID encontrado:","unresolved","unresolved","","","pending_semantic_review"
"56717ddef8f0bbd8c8633172c8ca2c85c248dfd7","apps/cartera-back/src/controllers/reversePayment.ts","971","console.log","💵 Monto a revertir:","unresolved","unresolved","","","pending_semantic_review"
"56717ddef8f0bbd8c8633172c8ca2c85c248dfd7","apps/cartera-back/src/controllers/reversePayment.ts","984","console.log","📊 Monto pagado anterior:","unresolved","unresolved","","","pending_semantic_review"
"56717ddef8f0bbd8c8633172c8ca2c85c248dfd7","apps/cartera-back/src/controllers/reversePayment.ts","985","console.log","📊 Monto pagado nuevo:","unresolved","unresolved","","","pending_semantic_review"
"56717ddef8f0bbd8c8633172c8ca2c85c248dfd7","apps/cartera-back/src/controllers/reversePayment.ts","986","console.log","📊 Monto pendiente anterior:","unresolved","unresolved","","","pending_semantic_review"
"56717ddef8f0bbd8c8633172c8ca2c85c248dfd7","apps/cartera-back/src/controllers/reversePayment.ts","990","console.log","📊 Monto pendiente nuevo:","unresolved","unresolved","","","pending_semantic_review"
"56717ddef8f0bbd8c8633172c8ca2c85c248dfd7","apps/cartera-back/src/controllers/reversePayment.ts","1008","console.log","✅ Cuotas completas pagadas (después de reversa):","unresolved","unresolved","","","pending_semantic_review"
"56717ddef8f0bbd8c8633172c8ca2c85c248dfd7","apps/cartera-back/src/controllers/reversePayment.ts","1012","console.log","⬇️ Cuotas pendientes (después de reversa):","unresolved","unresolved","","","pending_semantic_review"
"56717ddef8f0bbd8c8633172c8ca2c85c248dfd7","apps/cartera-back/src/controllers/reversePayment.ts","1021","console.log","🔓 Convenio reactivado:","unresolved","unresolved","","","pending_semantic_review"
"56717ddef8f0bbd8c8633172c8ca2c85c248dfd7","apps/cartera-back/src/controllers/reversePayment.ts","1070","console.log","↩️ Cuotas del convenio desmarcadas por reversa: {expr}","unresolved","unresolved","","","pending_semantic_review"
"56717ddef8f0bbd8c8633172c8ca2c85c248dfd7","apps/cartera-back/src/controllers/reversePayment.ts","1077","console.log","🔄 ========== FIN REVERSIÓN DE PAGO ==========","unresolved","unresolved","","","pending_semantic_review"
"56717ddef8f0bbd8c8633172c8ca2c85c248dfd7","apps/cartera-back/src/controllers/reversePayment.ts","1097","console.error","Error revirtiendo pago de convenio:","unresolved","unresolved","","","pending_semantic_review"
"56717ddef8f0bbd8c8633172c8ca2c85c248dfd7","apps/cartera-back/src/controllers/reversePayment.ts","1132","console.log","🚫 Anulando factura en COFIDI:","unresolved","unresolved","","","pending_semantic_review"
"56717ddef8f0bbd8c8633172c8ca2c85c248dfd7","apps/cartera-back/src/controllers/reversePayment.ts","1175","console.log","📄 XML construido:","unresolved","unresolved","","","pending_semantic_review"
"56717ddef8f0bbd8c8633172c8ca2c85c248dfd7","apps/cartera-back/src/controllers/reversePayment.ts","1199","console.error","❌ Error en COFIDI:","unresolved","unresolved","","","pending_semantic_review"
"56717ddef8f0bbd8c8633172c8ca2c85c248dfd7","apps/cartera-back/src/controllers/reversePayment.ts","1208","console.log","✅ Factura anulada en COFIDI","unresolved","unresolved","","","pending_semantic_review"
"56717ddef8f0bbd8c8633172c8ca2c85c248dfd7","apps/cartera-back/src/controllers/reversePayment.ts","1216","console.error","❌ Error al anular en COFIDI:","unresolved","unresolved","","","pending_semantic_review"
"56717ddef8f0bbd8c8633172c8ca2c85c248dfd7","apps/cartera-back/src/controllers/revertPaymentToPending.ts","27","console.log","💼 ========== REVERSANDO INVERSIONES ==========","unresolved","unresolved","","","pending_semantic_review"
"56717ddef8f0bbd8c8633172c8ca2c85c248dfd7","apps/cartera-back/src/controllers/revertPaymentToPending.ts","33","console.log","✅ Inversiones reversadas y eliminadas de BD","unresolved","unresolved","","","pending_semantic_review"
"56717ddef8f0bbd8c8633172c8ca2c85c248dfd7","apps/cartera-back/src/controllers/revertPaymentToPending.ts","41","console.log","🔄 ========== INICIO REVERSIÓN A PENDIENTE ==========","unresolved","unresolved","","","pending_semantic_review"
"56717ddef8f0bbd8c8633172c8ca2c85c248dfd7","apps/cartera-back/src/controllers/revertPaymentToPending.ts","53","console.log","📋 Crédito ID: {expr}","unresolved","unresolved","","","pending_semantic_review"
"56717ddef8f0bbd8c8633172c8ca2c85c248dfd7","apps/cartera-back/src/controllers/revertPaymentToPending.ts","54","console.log","🧾 Pago ID: {expr}","unresolved","unresolved","","","pending_semantic_review"
"56717ddef8f0bbd8c8633172c8ca2c85c248dfd7","apps/cartera-back/src/controllers/revertPaymentToPending.ts","75","console.log","✅ Pago encontrado | Validado: {expr}","unresolved","unresolved","","","pending_semantic_review"
"56717ddef8f0bbd8c8633172c8ca2c85c248dfd7","apps/cartera-back/src/controllers/revertPaymentToPending.ts","97","console.log","✅ Crédito encontrado y activo","unresolved","unresolved","","","pending_semantic_review"
"56717ddef8f0bbd8c8633172c8ca2c85c248dfd7","apps/cartera-back/src/controllers/revertPaymentToPending.ts","109","console.log","ℹ️ El pago ya está en estado PENDIENTE. Solo se reversarán las inversiones.","unresolved","unresolved","","","pending_semantic_review"
"56717ddef8f0bbd8c8633172c8ca2c85c248dfd7","apps/cartera-back/src/controllers/revertPaymentToPending.ts","129","console.log","📊 ========== RECALCULANDO VALORES DEL CRÉDITO ==========","unresolved","unresolved","","","pending_semantic_review"
"56717ddef8f0bbd8c8633172c8ca2c85c248dfd7","apps/cartera-back/src/controllers/revertPaymentToPending.ts","135","console.log","💰 Capital actual: {expr}","unresolved","unresolved","","","pending_semantic_review"
"56717ddef8f0bbd8c8633172c8ca2c85c248dfd7","apps/cartera-back/src/controllers/revertPaymentToPending.ts","136","console.log","💵 Abono capital a reversar: {expr}","unresolved","unresolved","","","pending_semantic_review"
"56717ddef8f0bbd8c8633172c8ca2c85c248dfd7","apps/cartera-back/src/controllers/revertPaymentToPending.ts","137","console.log","✅ Nuevo capital: {expr}","unresolved","unresolved","","","pending_semantic_review"
"56717ddef8f0bbd8c8633172c8ca2c85c248dfd7","apps/cartera-back/src/controllers/revertPaymentToPending.ts","143","console.log","🔢 Nuevo interés: {expr}","unresolved","unresolved","","","pending_semantic_review"
"56717ddef8f0bbd8c8633172c8ca2c85c248dfd7","apps/cartera-back/src/controllers/revertPaymentToPending.ts","144","console.log","🔢 Nuevo IVA: {expr}","unresolved","unresolved","","","pending_semantic_review"
"56717ddef8f0bbd8c8633172c8ca2c85c248dfd7","apps/cartera-back/src/controllers/revertPaymentToPending.ts","153","console.log","💳 Nueva deuda total: {expr}","unresolved","unresolved","","","pending_semantic_review"
"56717ddef8f0bbd8c8633172c8ca2c85c248dfd7","apps/cartera-back/src/controllers/revertPaymentToPending.ts","166","console.log","✅ Crédito actualizado con nuevos valores","unresolved","unresolved","","","pending_semantic_review"
"56717ddef8f0bbd8c8633172c8ca2c85c248dfd7","apps/cartera-back/src/controllers/revertPaymentToPending.ts","173","console.log","🧾 ========== ANULANDO FACTURAS ELECTRÓNICAS ==========","unresolved","unresolved","","","pending_semantic_review"
"56717ddef8f0bbd8c8633172c8ca2c85c248dfd7","apps/cartera-back/src/controllers/revertPaymentToPending.ts","189","console.log","🧾 Procesando factura {expr}-{expr} ({expr})","unresolved","unresolved","","","pending_semantic_review"
"56717ddef8f0bbd8c8633172c8ca2c85c248dfd7","apps/cartera-back/src/controllers/revertPaymentToPending.ts","213","console.log","✅ Factura {expr}-{expr} anulada correctamente","unresolved","unresolved","","","pending_semantic_review"
"56717ddef8f0bbd8c8633172c8ca2c85c248dfd7","apps/cartera-back/src/controllers/revertPaymentToPending.ts","222","console.error","⚠️ Error al actualizar BD:","unresolved","unresolved","","","pending_semantic_review"
"56717ddef8f0bbd8c8633172c8ca2c85c248dfd7","apps/cartera-back/src/controllers/revertPaymentToPending.ts","231","console.error","❌ Error al anular en COFIDI:","unresolved","unresolved","","","pending_semantic_review"
"56717ddef8f0bbd8c8633172c8ca2c85c248dfd7","apps/cartera-back/src/controllers/revertPaymentToPending.ts","240","console.log","📊 Resumen anulación facturas: ✅ Anuladas: {expr} | ❌ Con error: {expr}","unresolved","unresolved","","","pending_semantic_review"
"56717ddef8f0bbd8c8633172c8ca2c85c248dfd7","apps/cartera-back/src/controllers/revertPaymentToPending.ts","244","console.log","🔄 ========== ACTUALIZANDO ESTADO DEL PAGO ==========","unresolved","unresolved","","","pending_semantic_review"
"56717ddef8f0bbd8c8633172c8ca2c85c248dfd7","apps/cartera-back/src/controllers/revertPaymentToPending.ts","252","console.log","✅ Pago marcado como pending y fecha_aplicado anulada","unresolved","unresolved","","","pending_semantic_review"
"56717ddef8f0bbd8c8633172c8ca2c85c248dfd7","apps/cartera-back/src/controllers/revertPaymentToPending.ts","271","console.error","❌ ========== ERROR EN REVERSIÓN A PENDIENTE ==========","unresolved","unresolved","","","pending_semantic_review"
"56717ddef8f0bbd8c8633172c8ca2c85c248dfd7","apps/cartera-back/src/controllers/revertPaymentToPending.ts","272","console.error","<dynamic>","unresolved","unresolved","","","pending_semantic_review"
"56717ddef8f0bbd8c8633172c8ca2c85c248dfd7","apps/cartera-back/src/controllers/sifcoSync.ts","60","console.log","🚀 Iniciando sincronización masiva de SIFCO...","unresolved","unresolved","","","pending_semantic_review"
"56717ddef8f0bbd8c8633172c8ca2c85c248dfd7","apps/cartera-back/src/controllers/sifcoSync.ts","69","console.log","📋 {expr} clientes encontrados en SIFCO","unresolved","unresolved","","","pending_semantic_review"
"56717ddef8f0bbd8c8633172c8ca2c85c248dfd7","apps/cartera-back/src/controllers/sifcoSync.ts","77","console.log","{expr} Procesando: {expr} - {expr}","unresolved","unresolved","","","pending_semantic_review"
"56717ddef8f0bbd8c8633172c8ca2c85c248dfd7","apps/cartera-back/src/controllers/sifcoSync.ts","87","console.log","{expr} ✅ {expr} - {expr} préstamo(s)","unresolved","unresolved","","","pending_semantic_review"
"56717ddef8f0bbd8c8633172c8ca2c85c248dfd7","apps/cartera-back/src/controllers/sifcoSync.ts","98","console.error","{expr} ❌ {expr}: {expr}","unresolved","unresolved","","","pending_semantic_review"
"56717ddef8f0bbd8c8633172c8ca2c85c248dfd7","apps/cartera-back/src/controllers/sifcoSync.ts","122","console.log","🏁 Sincronización finalizada:","unresolved","unresolved","","","pending_semantic_review"
"56717ddef8f0bbd8c8633172c8ca2c85c248dfd7","apps/cartera-back/src/controllers/updateCredit.ts","169","console.log","✅ Se actualizaron {expr} cuotas para el crédito {expr}","unresolved","unresolved","","","pending_semantic_review"
"56717ddef8f0bbd8c8633172c8ca2c85c248dfd7","apps/cartera-back/src/controllers/updateCredit.ts","414","console.error","Error en recalculateQuota:","unresolved","unresolved","","","pending_semantic_review"
"56717ddef8f0bbd8c8633172c8ca2c85c248dfd7","apps/cartera-back/src/controllers/updateCredit.ts","815","console.log","🧾 [COMPRAS] Registradas {expr} operación(es) en compras_credito_inversionista para crédito {expr}:","unresolved","unresolved","","","pending_semantic_review"
"56717ddef8f0bbd8c8633172c8ca2c85c248dfd7","apps/cartera-back/src/controllers/updateCredit.ts","1022","console.log","<dynamic>","unresolved","unresolved","","","pending_semantic_review"
"56717ddef8f0bbd8c8633172c8ca2c85c248dfd7","apps/cartera-back/src/controllers/updateCredit.ts","1031","console.log","💰 Capital Total: Q{expr}","unresolved","unresolved","","","pending_semantic_review"
"56717ddef8f0bbd8c8633172c8ca2c85c248dfd7","apps/cartera-back/src/controllers/updateCredit.ts","1032","console.log","📊 Cuota Total: Q{expr}","unresolved","unresolved","","","pending_semantic_review"
"56717ddef8f0bbd8c8633172c8ca2c85c248dfd7","apps/cartera-back/src/controllers/updateCredit.ts","1036","console.log","{expr}","unresolved","unresolved","","","pending_semantic_review"
"56717ddef8f0bbd8c8633172c8ca2c85c248dfd7","apps/cartera-back/src/controllers/updateCredit.ts","1037","console.log","📊 PROCESANDO INVERSIONISTA #{expr}","unresolved","unresolved","","","pending_semantic_review"
"56717ddef8f0bbd8c8633172c8ca2c85c248dfd7","apps/cartera-back/src/controllers/updateCredit.ts","1038","console.log","{expr}","unresolved","unresolved","","","pending_semantic_review"
"56717ddef8f0bbd8c8633172c8ca2c85c248dfd7","apps/cartera-back/src/controllers/updateCredit.ts","1044","console.log","🆔 ID Inversionista: {expr}","unresolved","unresolved","","","pending_semantic_review"
"56717ddef8f0bbd8c8633172c8ca2c85c248dfd7","apps/cartera-back/src/controllers/updateCredit.ts","1045","console.log","💰 Monto Aportado: Q{expr}","unresolved","unresolved","","","pending_semantic_review"
"56717ddef8f0bbd8c8633172c8ca2c85c248dfd7","apps/cartera-back/src/controllers/updateCredit.ts","1046","console.log","💵 Capital Total del Crédito: Q{expr}","unresolved","unresolved","","","pending_semantic_review"
"56717ddef8f0bbd8c8633172c8ca2c85c248dfd7","apps/cartera-back/src/controllers/updateCredit.ts","1053","console.log","📐 CÁLCULO DE PARTICIPACIÓN:","unresolved","unresolved","","","pending_semantic_review"
"56717ddef8f0bbd8c8633172c8ca2c85c248dfd7","apps/cartera-back/src/controllers/updateCredit.ts","1054","console.log","Fórmula: ({expr} / {expr}) * 100","unresolved","unresolved","","","pending_semantic_review"
"56717ddef8f0bbd8c8633172c8ca2c85c248dfd7","apps/cartera-back/src/controllers/updateCredit.ts","1057","console.log","Resultado: {expr}%","unresolved","unresolved","","","pending_semantic_review"
"56717ddef8f0bbd8c8633172c8ca2c85c248dfd7","apps/cartera-back/src/controllers/updateCredit.ts","1060","console.log","💳 CUOTA TOTAL Y CARGOS:","unresolved","unresolved","","","pending_semantic_review"
"56717ddef8f0bbd8c8633172c8ca2c85c248dfd7","apps/cartera-back/src/controllers/updateCredit.ts","1061","console.log","Cuota Total: Q{expr}","unresolved","unresolved","","","pending_semantic_review"
"56717ddef8f0bbd8c8633172c8ca2c85c248dfd7","apps/cartera-back/src/controllers/updateCredit.ts","1062","console.log","- Seguro: Q{expr}","unresolved","unresolved","","","pending_semantic_review"
"56717ddef8f0bbd8c8633172c8ca2c85c248dfd7","apps/cartera-back/src/controllers/updateCredit.ts","1063","console.log","- GPS: Q{expr}","unresolved","unresolved","","","pending_semantic_review"
"56717ddef8f0bbd8c8633172c8ca2c85c248dfd7","apps/cartera-back/src/controllers/updateCredit.ts","1064","console.log","- Membresía: Q{expr}","unresolved","unresolved","","","pending_semantic_review"
"56717ddef8f0bbd8c8633172c8ca2c85c248dfd7","apps/cartera-back/src/controllers/updateCredit.ts","1068","console.log","= Cuota sin cargos: Q{expr}","unresolved","unresolved","","","pending_semantic_review"
"56717ddef8f0bbd8c8633172c8ca2c85c248dfd7","apps/cartera-back/src/controllers/updateCredit.ts","1069","console.log","Fórmula: {expr} - {expr} - {expr} - {expr}","unresolved","unresolved","","","pending_semantic_review"
"56717ddef8f0bbd8c8633172c8ca2c85c248dfd7","apps/cartera-back/src/controllers/updateCredit.ts","1074","console.log","🔢 PASO 2: MULTIPLICAR POR PORCENTAJE","unresolved","unresolved","","","pending_semantic_review"
"56717ddef8f0bbd8c8633172c8ca2c85c248dfd7","apps/cartera-back/src/controllers/updateCredit.ts","1075","console.log","Fórmula: {expr} * ({expr}% / 100)","unresolved","unresolved","","","pending_semantic_review"
"56717ddef8f0bbd8c8633172c8ca2c85c248dfd7","apps/cartera-back/src/controllers/updateCredit.ts","1083","console.log","Cuota Base Calculada: Q{expr}","unresolved","unresolved","","","pending_semantic_review"
"56717ddef8f0bbd8c8633172c8ca2c85c248dfd7","apps/cartera-back/src/controllers/updateCredit.ts","1086","console.log","🔍 BUSCANDO INVERSIONISTA CON MAYOR MONTO APORTADO:","unresolved","unresolved","","","pending_semantic_review"
"56717ddef8f0bbd8c8633172c8ca2c85c248dfd7","apps/cartera-back/src/controllers/updateCredit.ts","1090","console.log","[{expr}] ID {expr}: Q{expr}","unresolved","unresolved","","","pending_semantic_review"
"56717ddef8f0bbd8c8633172c8ca2c85c248dfd7","apps/cartera-back/src/controllers/updateCredit.ts","1101","console.log","🏆 Mayor encontrado: ID {expr} con Q{expr}","unresolved","unresolved","","","pending_semantic_review"
"56717ddef8f0bbd8c8633172c8ca2c85c248dfd7","apps/cartera-back/src/controllers/updateCredit.ts","1108","console.log","¿Es este inversionista el mayor? {expr}","unresolved","unresolved","","","pending_semantic_review"
"56717ddef8f0bbd8c8633172c8ca2c85c248dfd7","apps/cartera-back/src/controllers/updateCredit.ts","1115","console.log","🎯 PASO 3: CALCULAR CUOTA FINAL","unresolved","unresolved","","","pending_semantic_review"
"56717ddef8f0bbd8c8633172c8ca2c85c248dfd7","apps/cartera-back/src/controllers/updateCredit.ts","1120","console.log","🚀 FRONTEND: Usando cuota enviada desde el endpoint: Q{expr}","unresolved","unresolved","","","pending_semantic_review"
"56717ddef8f0bbd8c8633172c8ca2c85c248dfd7","apps/cartera-back/src/controllers/updateCredit.ts","1124","console.log","🪞 ESPEJO: Usando cuota del padre: Q{expr}","unresolved","unresolved","","","pending_semantic_review"
"56717ddef8f0bbd8c8633172c8ca2c85c248dfd7","apps/cartera-back/src/controllers/updateCredit.ts","1127","console.log","🏆 ESTE ES EL INVERSIONISTA MAYOR","unresolved","unresolved","","","pending_semantic_review"
"56717ddef8f0bbd8c8633172c8ca2c85c248dfd7","apps/cartera-back/src/controllers/updateCredit.ts","1128","console.log","Cuota Base: Q{expr}","unresolved","unresolved","","","pending_semantic_review"
"56717ddef8f0bbd8c8633172c8ca2c85c248dfd7","apps/cartera-back/src/controllers/updateCredit.ts","1129","console.log","+ Seguro: Q{expr}","unresolved","unresolved","","","pending_semantic_review"
"56717ddef8f0bbd8c8633172c8ca2c85c248dfd7","apps/cartera-back/src/controllers/updateCredit.ts","1130","console.log","+ GPS: Q{expr}","unresolved","unresolved","","","pending_semantic_review"
"56717ddef8f0bbd8c8633172c8ca2c85c248dfd7","apps/cartera-back/src/controllers/updateCredit.ts","1131","console.log","+ Membresía: Q{expr}","unresolved","unresolved","","","pending_semantic_review"
"56717ddef8f0bbd8c8633172c8ca2c85c248dfd7","apps/cartera-back/src/controllers/updateCredit.ts","1135","console.log","= Cuota Final Automática: Q{expr}","unresolved","unresolved","","","pending_semantic_review"
"56717ddef8f0bbd8c8633172c8ca2c85c248dfd7","apps/cartera-back/src/controllers/updateCredit.ts","1136","console.log","Fórmula: {expr} + {expr} + {expr} + {expr}","unresolved","unresolved","","","pending_semantic_review"
"56717ddef8f0bbd8c8633172c8ca2c85c248dfd7","apps/cartera-back/src/controllers/updateCredit.ts","1140","console.log","📍 Inversionista normal (no es el mayor)","unresolved","unresolved","","","pending_semantic_review"
"56717ddef8f0bbd8c8633172c8ca2c85c248dfd7","apps/cartera-back/src/controllers/updateCredit.ts","1141","console.log","Cuota Final Automática = Cuota Base: Q{expr}","unresolved","unresolved","","","pending_semantic_review"
"56717ddef8f0bbd8c8633172c8ca2c85c248dfd7","apps/cartera-back/src/controllers/updateCredit.ts","1144","console.log","(No se suman cargos)","unresolved","unresolved","","","pending_semantic_review"
"56717ddef8f0bbd8c8633172c8ca2c85c248dfd7","apps/cartera-back/src/controllers/updateCredit.ts","1148","console.log","💹 CÁLCULO DE INTERESES:","unresolved","unresolved","","","pending_semantic_review"
"56717ddef8f0bbd8c8633172c8ca2c85c248dfd7","apps/cartera-back/src/controllers/updateCredit.ts","1152","console.log","Tasa de Interés: {expr}%","unresolved","unresolved","","","pending_semantic_review"
"56717ddef8f0bbd8c8633172c8ca2c85c248dfd7","apps/cartera-back/src/controllers/updateCredit.ts","1153","console.log","Monto Aportado: Q{expr}","unresolved","unresolved","","","pending_semantic_review"
"56717ddef8f0bbd8c8633172c8ca2c85c248dfd7","apps/cartera-back/src/controllers/updateCredit.ts","1156","console.log","Interés Calculado: Q{expr}","unresolved","unresolved","","","pending_semantic_review"
"56717ddef8f0bbd8c8633172c8ca2c85c248dfd7","apps/cartera-back/src/controllers/updateCredit.ts","1157","console.log","Fórmula: {expr} * ({expr}% / 100)","unresolved","unresolved","","","pending_semantic_review"
"56717ddef8f0bbd8c8633172c8ca2c85c248dfd7","apps/cartera-back/src/controllers/updateCredit.ts","1162","console.log","📊 DISTRIBUCIÓN DE INTERÉS:","unresolved","unresolved","","","pending_semantic_review"
"56717ddef8f0bbd8c8633172c8ca2c85c248dfd7","apps/cartera-back/src/controllers/updateCredit.ts","1163","console.log","% Inversionista: {expr}%","unresolved","unresolved","","","pending_semantic_review"
"56717ddef8f0bbd8c8633172c8ca2c85c248dfd7","apps/cartera-back/src/controllers/updateCredit.ts","1164","console.log","% Cash-In: {expr}%","unresolved","unresolved","","","pending_semantic_review"
"56717ddef8f0bbd8c8633172c8ca2c85c248dfd7","apps/cartera-back/src/controllers/updateCredit.ts","1176","console.log","Monto Inversionista: Q{expr}","unresolved","unresolved","","","pending_semantic_review"
"56717ddef8f0bbd8c8633172c8ca2c85c248dfd7","apps/cartera-back/src/controllers/updateCredit.ts","1177","console.log","Fórmula: {expr} * ({expr}% / 100)","unresolved","unresolved","","","pending_semantic_review"
"56717ddef8f0bbd8c8633172c8ca2c85c248dfd7","apps/cartera-back/src/controllers/updateCredit.ts","1180","console.log","Monto Cash-In: Q{expr}","unresolved","unresolved","","","pending_semantic_review"
"56717ddef8f0bbd8c8633172c8ca2c85c248dfd7","apps/cartera-back/src/controllers/updateCredit.ts","1181","console.log","Fórmula: {expr} * ({expr}% / 100)","unresolved","unresolved","","","pending_semantic_review"
"56717ddef8f0bbd8c8633172c8ca2c85c248dfd7","apps/cartera-back/src/controllers/updateCredit.ts","1186","console.log","🧾 CÁLCULO DE IVA (12%):","unresolved","unresolved","","","pending_semantic_review"
"56717ddef8f0bbd8c8633172c8ca2c85c248dfd7","apps/cartera-back/src/controllers/updateCredit.ts","1197","console.log","IVA Inversionista: Q{expr}","unresolved","unresolved","","","pending_semantic_review"
"56717ddef8f0bbd8c8633172c8ca2c85c248dfd7","apps/cartera-back/src/controllers/updateCredit.ts","1198","console.log","Fórmula: {expr} * 0.12","unresolved","unresolved","","","pending_semantic_review"
"56717ddef8f0bbd8c8633172c8ca2c85c248dfd7","apps/cartera-back/src/controllers/updateCredit.ts","1200","console.log","IVA Inversionista: Q0.00 (sin monto)","unresolved","unresolved","","","pending_semantic_review"
"56717ddef8f0bbd8c8633172c8ca2c85c248dfd7","apps/cartera-back/src/controllers/updateCredit.ts","1204","console.log","IVA Cash-In: Q{expr}","unresolved","unresolved","","","pending_semantic_review"
"56717ddef8f0bbd8c8633172c8ca2c85c248dfd7","apps/cartera-back/src/controllers/updateCredit.ts","1205","console.log","Fórmula: {expr} * 0.12","unresolved","unresolved","","","pending_semantic_review"
"56717ddef8f0bbd8c8633172c8ca2c85c248dfd7","apps/cartera-back/src/controllers/updateCredit.ts","1207","console.log","IVA Cash-In: Q0.00 (sin monto)","unresolved","unresolved","","","pending_semantic_review"
"56717ddef8f0bbd8c8633172c8ca2c85c248dfd7","apps/cartera-back/src/controllers/updateCredit.ts","1210","console.log","✅ RESUMEN FINAL:","unresolved","unresolved","","","pending_semantic_review"
"56717ddef8f0bbd8c8633172c8ca2c85c248dfd7","apps/cartera-back/src/controllers/updateCredit.ts","1211","console.log","- Cuota Inversionista: Q{expr}","unresolved","unresolved","","","pending_semantic_review"
"56717ddef8f0bbd8c8633172c8ca2c85c248dfd7","apps/cartera-back/src/controllers/updateCredit.ts","1212","console.log","- Monto Inversionista: Q{expr}","unresolved","unresolved","","","pending_semantic_review"
"56717ddef8f0bbd8c8633172c8ca2c85c248dfd7","apps/cartera-back/src/controllers/updateCredit.ts","1213","console.log","- IVA Inversionista: Q{expr}","unresolved","unresolved","","","pending_semantic_review"
"56717ddef8f0bbd8c8633172c8ca2c85c248dfd7","apps/cartera-back/src/controllers/updateCredit.ts","1214","console.log","- Monto Cash-In: Q{expr}","unresolved","unresolved","","","pending_semantic_review"
"56717ddef8f0bbd8c8633172c8ca2c85c248dfd7","apps/cartera-back/src/controllers/updateCredit.ts","1215","console.log","- IVA Cash-In: Q{expr}","unresolved","unresolved","","","pending_semantic_review"
"56717ddef8f0bbd8c8633172c8ca2c85c248dfd7","apps/cartera-back/src/controllers/updateCredit.ts","1216","console.log","{expr}","unresolved","unresolved","","","pending_semantic_review"
"56717ddef8f0bbd8c8633172c8ca2c85c248dfd7","apps/cartera-back/src/controllers/updateCredit.ts","1282","console.log","Syncing schedule for credit:","unresolved","unresolved","","","pending_semantic_review"
"56717ddef8f0bbd8c8633172c8ca2c85c248dfd7","apps/cartera-back/src/controllers/updateCredit.ts","1283","console.log","New quota:","unresolved","unresolved","","","pending_semantic_review"
"56717ddef8f0bbd8c8633172c8ca2c85c248dfd7","apps/cartera-back/src/controllers/updateCredit.ts","1306","console.log","Updating credit with body:","unresolved","unresolved","","","pending_semantic_review"
"56717ddef8f0bbd8c8633172c8ca2c85c248dfd7","apps/cartera-back/src/controllers/updateCredit.ts","1385","console.log","⚠️ Crédito {expr}: inversionistas del payload ignorados (participación congelada)","unresolved","unresolved","","","pending_semantic_review"
"56717ddef8f0bbd8c8633172c8ca2c85c248dfd7","apps/cartera-back/src/controllers/updateCredit.ts","1547","console.log","Will change cuota or plazo","unresolved","unresolved","","","pending_semantic_review"
"56717ddef8f0bbd8c8633172c8ca2c85c248dfd7","apps/cartera-back/src/controllers/updateCredit.ts","1558","console.log","Changes detected in fields that affect deuda_total","unresolved","unresolved","","","pending_semantic_review"
"56717ddef8f0bbd8c8633172c8ca2c85c248dfd7","apps/cartera-back/src/controllers/updateCredit.ts","1637","console.log","⚠️ Crédito {expr}: cuota actualizada solo en el crédito, calendario congelado (no se re-proyectan pagos ni cuotas de inversionistas)","unresolved","unresolved","","","pending_semantic_review"
"56717ddef8f0bbd8c8633172c8ca2c85c248dfd7","apps/cartera-back/src/controllers/updateCredit.ts","1717","console.log","🪞 [ESPEJO] inversionistas_espejo recibidos: {expr}","unresolved","unresolved","","","pending_semantic_review"
"56717ddef8f0bbd8c8633172c8ca2c85c248dfd7","apps/cartera-back/src/controllers/updateCredit.ts","1752","console.log","🪞 [ESPEJO] Iniciando updateInvestors para credito_id={expr} con {expr} inversionistas","unresolved","unresolved","","","pending_semantic_review"
"56717ddef8f0bbd8c8633172c8ca2c85c248dfd7","apps/cartera-back/src/controllers/updateCredit.ts","1766","console.log","🪞 [ESPEJO] ✅ updateInvestors completado para espejo","unresolved","unresolved","","","pending_semantic_review"
"56717ddef8f0bbd8c8633172c8ca2c85c248dfd7","apps/cartera-back/src/controllers/updateCredit.ts","1768","console.log","🪞 [ESPEJO] ⚠️ Bloque saltado: inversionistas_espejo está vacío o undefined","unresolved","unresolved","","","pending_semantic_review"
"56717ddef8f0bbd8c8633172c8ca2c85c248dfd7","apps/cartera-back/src/controllers/updateCredit.ts","1795","console.error","🪞 [ESPEJO] ❌ Error actualizando inversionistas:","unresolved","unresolved","","","pending_semantic_review"
"56717ddef8f0bbd8c8633172c8ca2c85c248dfd7","apps/cartera-back/src/controllers/updateCredit.ts","1803","console.error","Error al actualizar el crédito:","unresolved","unresolved","","","pending_semantic_review"
"56717ddef8f0bbd8c8633172c8ca2c85c248dfd7","apps/cartera-back/src/controllers/updateCredit.ts","1836","console.log","🔧 ========== REPARAR pagos históricos ==========","unresolved","unresolved","","","pending_semantic_review"
"56717ddef8f0bbd8c8633172c8ca2c85c248dfd7","apps/cartera-back/src/controllers/updateCredit.ts","1837","console.log","📋 Crédito SIFCO: {expr}","unresolved","unresolved","","","pending_semantic_review"
"56717ddef8f0bbd8c8633172c8ca2c85c248dfd7","apps/cartera-back/src/controllers/updateCredit.ts","1838","console.log","🧪 dry_run: {expr}","unresolved","unresolved","","","pending_semantic_review"
"56717ddef8f0bbd8c8633172c8ca2c85c248dfd7","apps/cartera-back/src/controllers/updateCredit.ts","1839","console.log","💰 capital_inicial recibido: {expr}","unresolved","unresolved","","","pending_semantic_review"
"56717ddef8f0bbd8c8633172c8ca2c85c248dfd7","apps/cartera-back/src/controllers/updateCredit.ts","1862","console.log","✅ Crédito encontrado: id={expr}, capital_actual=Q{expr}, cuota=Q{expr}, %interes={expr}","unresolved","unresolved","","","pending_semantic_review"
"56717ddef8f0bbd8c8633172c8ca2c85c248dfd7","apps/cartera-back/src/controllers/updateCredit.ts","1876","console.log","📦 Pagos encontrados: {expr}","unresolved","unresolved","","","pending_semantic_review"
"56717ddef8f0bbd8c8633172c8ca2c85c248dfd7","apps/cartera-back/src/controllers/updateCredit.ts","1879","console.log","⚠️ No hay pagos para reparar en crédito {expr}","unresolved","unresolved","","","pending_semantic_review"
"56717ddef8f0bbd8c8633172c8ca2c85c248dfd7","apps/cartera-back/src/controllers/updateCredit.ts","1897","console.log","⚠️ El crédito {expr} no tiene cuotas pagadas, no hay nada que reparar","unresolved","unresolved","","","pending_semantic_review"
"56717ddef8f0bbd8c8633172c8ca2c85c248dfd7","apps/cartera-back/src/controllers/updateCredit.ts","1909","console.log","🎯 Última cuota pagada: {expr} (total cuotas pagadas: {expr})","unresolved","unresolved","","","pending_semantic_review"
"56717ddef8f0bbd8c8633172c8ca2c85c248dfd7","apps/cartera-back/src/controllers/updateCredit.ts","1929","console.log","🏁 capital_arranque (param): Q{expr}","unresolved","unresolved","","","pending_semantic_review"
"56717ddef8f0bbd8c8633172c8ca2c85c248dfd7","apps/cartera-back/src/controllers/updateCredit.ts","1938","console.log","🏁 capital_arranque (total_restante de cuota 0): Q{expr}","unresolved","unresolved","","","pending_semantic_review"
"56717ddef8f0bbd8c8633172c8ca2c85c248dfd7","apps/cartera-back/src/controllers/updateCredit.ts","1942","console.log","🌐 Consultando desembolso en SIFCO...","unresolved","unresolved","","","pending_semantic_review"
"56717ddef8f0bbd8c8633172c8ca2c85c248dfd7","apps/cartera-back/src/controllers/updateCredit.ts","1955","console.log","🏁 capital_arranque (SIFCO desembolso trx 2001): Q{expr}","unresolved","unresolved","","","pending_semantic_review"
"56717ddef8f0bbd8c8633172c8ca2c85c248dfd7","apps/cartera-back/src/controllers/updateCredit.ts","1992","console.log","🔁 Recorriendo cuotas 0 → {expr} ({expr} cuotas a procesar)","unresolved","unresolved","","","pending_semantic_review"
"56717ddef8f0bbd8c8633172c8ca2c85c248dfd7","apps/cartera-back/src/controllers/updateCredit.ts","2006","console.log","📌 Cuota 0 (desembolso) → total_restante=Q{expr} | pagos afectados={expr}","unresolved","unresolved","","","pending_semantic_review"
"56717ddef8f0bbd8c8633172c8ca2c85c248dfd7","apps/cartera-back/src/controllers/updateCredit.ts","2155","console.log","📌 Cuota {expr} | cap_antes=Q{expr} | int=Q{expr} | iva=Q{expr} | abono_cap_teorico=Q{expr} | cap_despues=Q{expr} | pagos={expr} | cuotaPagada={expr}","unresolved","unresolved","","","pending_semantic_review"
"56717ddef8f0bbd8c8633172c8ca2c85c248dfd7","apps/cartera-back/src/controllers/updateCredit.ts","2198","console.log","🧪 DRY-RUN: {expr}/{expr} pagos tendrían cambios. NO se escribió nada.","unresolved","unresolved","","","pending_semantic_review"
"56717ddef8f0bbd8c8633172c8ca2c85c248dfd7","apps/cartera-back/src/controllers/updateCredit.ts","2201","console.log","🔧 ========== FIN REPARAR (dry-run) ==========","unresolved","unresolved","","","pending_semantic_review"
"56717ddef8f0bbd8c8633172c8ca2c85c248dfd7","apps/cartera-back/src/controllers/updateCredit.ts","2213","console.log","💾 Ejecutando {expr} updates en transacción...","unresolved","unresolved","","","pending_semantic_review"
"56717ddef8f0bbd8c8633172c8ca2c85c248dfd7","apps/cartera-back/src/controllers/updateCredit.ts","2227","console.log","✅ {expr} pagos reparados en crédito {expr} hasta cuota {expr}","unresolved","unresolved","","","pending_semantic_review"
"56717ddef8f0bbd8c8633172c8ca2c85c248dfd7","apps/cartera-back/src/controllers/updateCredit.ts","2230","console.log","🔧 ========== FIN REPARAR ==========","unresolved","unresolved","","","pending_semantic_review"
"56717ddef8f0bbd8c8633172c8ca2c85c248dfd7","apps/cartera-back/src/controllers/updateCredit.ts","2273","console.log","🚀 ========== REPARAR total_restante BULK ==========","unresolved","unresolved","","","pending_semantic_review"
"56717ddef8f0bbd8c8633172c8ca2c85c248dfd7","apps/cartera-back/src/controllers/updateCredit.ts","2278","console.log","📋 Usando {expr} créditos pasados por body","unresolved","unresolved","","","pending_semantic_review"
"56717ddef8f0bbd8c8633172c8ca2c85c248dfd7","apps/cartera-back/src/controllers/updateCredit.ts","2281","console.log","🔎 [DIAG] statuses recibido: {expr} → filtro a usar: {expr}","unresolved","unresolved","","","pending_semantic_review"
"56717ddef8f0bbd8c8633172c8ca2c85c248dfd7","apps/cartera-back/src/controllers/updateCredit.ts","2292","console.log","📋 Créditos en [{expr}] (excluidos CRM): {expr}","unresolved","unresolved","","","pending_semantic_review"
"56717ddef8f0bbd8c8633172c8ca2c85c248dfd7","apps/cartera-back/src/controllers/updateCredit.ts","2309","console.error","❌ [{expr}] {expr}","unresolved","unresolved","","","pending_semantic_review"
"56717ddef8f0bbd8c8633172c8ca2c85c248dfd7","apps/cartera-back/src/controllers/updateCredit.ts","2319","console.log","▶️ ({expr}/{expr}) {expr}","unresolved","unresolved","","","pending_semantic_review"
"56717ddef8f0bbd8c8633172c8ca2c85c248dfd7","apps/cartera-back/src/controllers/updateCredit.ts","2331","console.log","✅ BULK terminado | total={expr} exitosos={expr} fallidos={expr} pagos_actualizados={expr}","unresolved","unresolved","","","pending_semantic_review"
"56717ddef8f0bbd8c8633172c8ca2c85c248dfd7","apps/cartera-back/src/controllers/updateCredit.ts","2450","console.log","⚠️ No hay pagos para actualizar en crédito {expr}","unresolved","unresolved","","","pending_semantic_review"
"56717ddef8f0bbd8c8633172c8ca2c85c248dfd7","apps/cartera-back/src/controllers/updateCredit.ts","2662","console.log","✅ {expr} pagos recalculados para {expr}","unresolved","unresolved","","","pending_semantic_review"
"56717ddef8f0bbd8c8633172c8ca2c85c248dfd7","apps/cartera-back/src/controllers/updateCredit.ts","2675","console.log","🔄 ========== ACTUALIZANDO CUOTAS ==========","unresolved","unresolved","","","pending_semantic_review"
"56717ddef8f0bbd8c8633172c8ca2c85c248dfd7","apps/cartera-back/src/controllers/updateCredit.ts","2707","console.log","⚠️ {expr}","unresolved","unresolved","","","pending_semantic_review"
"56717ddef8f0bbd8c8633172c8ca2c85c248dfd7","apps/cartera-back/src/controllers/updateCredit.ts","2711","console.log","📋 Total de créditos a actualizar: {expr}","unresolved","unresolved","","","pending_semantic_review"
"56717ddef8f0bbd8c8633172c8ca2c85c248dfd7","apps/cartera-back/src/controllers/updateCredit.ts","2718","console.log","⏳ Procesando: {expr} - Cuota: Q{expr}","unresolved","unresolved","","","pending_semantic_review"
"56717ddef8f0bbd8c8633172c8ca2c85c248dfd7","apps/cartera-back/src/controllers/updateCredit.ts","2727","console.log","✅ {expr} actualizado correctamente","unresolved","unresolved","","","pending_semantic_review"
"56717ddef8f0bbd8c8633172c8ca2c85c248dfd7","apps/cartera-back/src/controllers/updateCredit.ts","2750","console.log","📊 ========== RESUMEN ==========","unresolved","unresolved","","","pending_semantic_review"
"56717ddef8f0bbd8c8633172c8ca2c85c248dfd7","apps/cartera-back/src/controllers/updateCredit.ts","2751","console.log","✅ Exitosos: {expr}","unresolved","unresolved","","","pending_semantic_review"
"56717ddef8f0bbd8c8633172c8ca2c85c248dfd7","apps/cartera-back/src/controllers/updateCredit.ts","2752","console.log","❌ Fallidos: {expr}","unresolved","unresolved","","","pending_semantic_review"
"56717ddef8f0bbd8c8633172c8ca2c85c248dfd7","apps/cartera-back/src/controllers/updateCredit.ts","2753","console.log","📋 Total procesados: {expr}","unresolved","unresolved","","","pending_semantic_review"
"56717ddef8f0bbd8c8633172c8ca2c85c248dfd7","apps/cartera-back/src/controllers/updateCredit.ts","2756","console.log","⚠️ Errores detallados:","unresolved","unresolved","","","pending_semantic_review"
"56717ddef8f0bbd8c8633172c8ca2c85c248dfd7","apps/cartera-back/src/controllers/updateCredit.ts","2758","console.log","- {expr}: {expr}","unresolved","unresolved","","","pending_semantic_review"
"56717ddef8f0bbd8c8633172c8ca2c85c248dfd7","apps/cartera-back/src/controllers/updateCredit.ts","2762","console.log","🎉 Proceso completado","unresolved","unresolved","","","pending_semantic_review"
"56717ddef8f0bbd8c8633172c8ca2c85c248dfd7","apps/cartera-back/src/controllers/updateCredit.ts","2764","console.error","❌ Error crítico en updateAllInstallments:","unresolved","unresolved","","","pending_semantic_review"
"56717ddef8f0bbd8c8633172c8ca2c85c248dfd7","apps/cartera-back/src/controllers/updateDueDate.ts","123","console.log","{expr}","unresolved","unresolved","","","pending_semantic_review"
"56717ddef8f0bbd8c8633172c8ca2c85c248dfd7","apps/cartera-back/src/controllers/updateDueDate.ts","124","console.log","ACTUALIZANDO FECHAS DE VENCIMIENTO","unresolved","unresolved","","","pending_semantic_review"
"56717ddef8f0bbd8c8633172c8ca2c85c248dfd7","apps/cartera-back/src/controllers/updateDueDate.ts","125","console.log","{expr}","unresolved","unresolved","","","pending_semantic_review"
"56717ddef8f0bbd8c8633172c8ca2c85c248dfd7","apps/cartera-back/src/controllers/updateDueDate.ts","126","console.log","Total creditos a procesar: {expr}","unresolved","unresolved","","","pending_semantic_review"
"56717ddef8f0bbd8c8633172c8ca2c85c248dfd7","apps/cartera-back/src/controllers/updateDueDate.ts","136","console.log","--- Procesando: {expr} (dia {expr}) ---","unresolved","unresolved","","","pending_semantic_review"
"56717ddef8f0bbd8c8633172c8ca2c85c248dfd7","apps/cartera-back/src/controllers/updateDueDate.ts","147","console.log","Credito NO encontrado","unresolved","unresolved","","","pending_semantic_review"
"56717ddef8f0bbd8c8633172c8ca2c85c248dfd7","apps/cartera-back/src/controllers/updateDueDate.ts","169","console.log","Sin cuotas","unresolved","unresolved","","","pending_semantic_review"
"56717ddef8f0bbd8c8633172c8ca2c85c248dfd7","apps/cartera-back/src/controllers/updateDueDate.ts","191","console.log","Referencia: Cuota #{expr} ({expr}) = {expr}-{expr}","unresolved","unresolved","","","pending_semantic_review"
"56717ddef8f0bbd8c8633172c8ca2c85c248dfd7","apps/cartera-back/src/controllers/updateDueDate.ts","194","console.log","Sin cuotas pendientes","unresolved","unresolved","","","pending_semantic_review"
"56717ddef8f0bbd8c8633172c8ca2c85c248dfd7","apps/cartera-back/src/controllers/updateDueDate.ts","204","console.log","Cuotas pendientes: {expr}","unresolved","unresolved","","","pending_semantic_review"
"56717ddef8f0bbd8c8633172c8ca2c85c248dfd7","apps/cartera-back/src/controllers/updateDueDate.ts","236","console.log","Cuota #{expr}: {expr} -> {expr} (cuotas + pagos)","unresolved","unresolved","","","pending_semantic_review"
"56717ddef8f0bbd8c8633172c8ca2c85c248dfd7","apps/cartera-back/src/controllers/updateDueDate.ts","243","console.log","Cuotas actualizadas: {expr}","unresolved","unresolved","","","pending_semantic_review"
"56717ddef8f0bbd8c8633172c8ca2c85c248dfd7","apps/cartera-back/src/controllers/updateDueDate.ts","253","console.error","ERROR: {expr}","unresolved","unresolved","","","pending_semantic_review"
"56717ddef8f0bbd8c8633172c8ca2c85c248dfd7","apps/cartera-back/src/controllers/updateDueDate.ts","265","console.log","{expr}","unresolved","unresolved","","","pending_semantic_review"
"56717ddef8f0bbd8c8633172c8ca2c85c248dfd7","apps/cartera-back/src/controllers/updateDueDate.ts","266","console.log","RESUMEN","unresolved","unresolved","","","pending_semantic_review"
"56717ddef8f0bbd8c8633172c8ca2c85c248dfd7","apps/cartera-back/src/controllers/updateDueDate.ts","267","console.log","{expr}","unresolved","unresolved","","","pending_semantic_review"
"56717ddef8f0bbd8c8633172c8ca2c85c248dfd7","apps/cartera-back/src/controllers/updateDueDate.ts","268","console.log","Exitosos: {expr}","unresolved","unresolved","","","pending_semantic_review"
"56717ddef8f0bbd8c8633172c8ca2c85c248dfd7","apps/cartera-back/src/controllers/updateDueDate.ts","269","console.log","Fallidos: {expr}","unresolved","unresolved","","","pending_semantic_review"
"56717ddef8f0bbd8c8633172c8ca2c85c248dfd7","apps/cartera-back/src/controllers/updateDueDate.ts","270","console.log","Total: {expr}","unresolved","unresolved","","","pending_semantic_review"
"56717ddef8f0bbd8c8633172c8ca2c85c248dfd7","apps/cartera-back/src/controllers/updateDueDate.ts","281","console.error","Error en updateDueDates:","unresolved","unresolved","","","pending_semantic_review"
"56717ddef8f0bbd8c8633172c8ca2c85c248dfd7","apps/cartera-back/src/controllers/updateDueDate.ts","306","console.log","{expr}","unresolved","unresolved","","","pending_semantic_review"
"56717ddef8f0bbd8c8633172c8ca2c85c248dfd7","apps/cartera-back/src/controllers/updateDueDate.ts","307","console.log","ARREGLANDO CRÉDITOS SIN FEBRERO {expr}","unresolved","unresolved","","","pending_semantic_review"
"56717ddef8f0bbd8c8633172c8ca2c85c248dfd7","apps/cartera-back/src/controllers/updateDueDate.ts","308","console.log","{expr}","unresolved","unresolved","","","pending_semantic_review"
"56717ddef8f0bbd8c8633172c8ca2c85c248dfd7","apps/cartera-back/src/controllers/updateDueDate.ts","332","console.log","Créditos sin febrero {expr}: {expr}","unresolved","unresolved","","","pending_semantic_review"
"56717ddef8f0bbd8c8633172c8ca2c85c248dfd7","apps/cartera-back/src/controllers/updateDueDate.ts","374","console.log","{expr}: día {expr}","unresolved","unresolved","","","pending_semantic_review"
"56717ddef8f0bbd8c8633172c8ca2c85c248dfd7","apps/cartera-back/src/controllers/updateDueDate.ts","378","console.log","Procesando {expr} créditos...","unresolved","unresolved","","","pending_semantic_review"
"56717ddef8f0bbd8c8633172c8ca2c85c248dfd7","apps/cartera-back/src/controllers/updateDueDate.ts","388","console.error","Error en fixCreditosWithoutFebruary:","unresolved","unresolved","","","pending_semantic_review"
"56717ddef8f0bbd8c8633172c8ca2c85c248dfd7","apps/cartera-back/src/controllers/updateDueDate.ts","442","console.log","{expr}","unresolved","unresolved","","","pending_semantic_review"
"56717ddef8f0bbd8c8633172c8ca2c85c248dfd7","apps/cartera-back/src/controllers/updateDueDate.ts","443","console.log","CAMBIAR FECHA DE INICIO: {expr}","unresolved","unresolved","","","pending_semantic_review"
"56717ddef8f0bbd8c8633172c8ca2c85c248dfd7","apps/cartera-back/src/controllers/updateDueDate.ts","444","console.log","Nueva fecha inicio: {expr}","unresolved","unresolved","","","pending_semantic_review"
"56717ddef8f0bbd8c8633172c8ca2c85c248dfd7","apps/cartera-back/src/controllers/updateDueDate.ts","445","console.log","Cambiado por: {expr} | Razón: {expr}","unresolved","unresolved","","","pending_semantic_review"
"56717ddef8f0bbd8c8633172c8ca2c85c248dfd7","apps/cartera-back/src/controllers/updateDueDate.ts","446","console.log","{expr}","unresolved","unresolved","","","pending_semantic_review"
"56717ddef8f0bbd8c8633172c8ca2c85c248dfd7","apps/cartera-back/src/controllers/updateDueDate.ts","540","console.log","Cuota #{expr}: {expr} -> {expr}","unresolved","unresolved","","","pending_semantic_review"
"56717ddef8f0bbd8c8633172c8ca2c85c248dfd7","apps/cartera-back/src/controllers/updateDueDate.ts","545","console.log","Total cuotas actualizadas: {expr}","unresolved","unresolved","","","pending_semantic_review"
"56717ddef8f0bbd8c8633172c8ca2c85c248dfd7","apps/cartera-back/src/controllers/updateDueDate.ts","555","console.error","Error en cambiarFechaInicio:","unresolved","unresolved","","","pending_semantic_review"
"56717ddef8f0bbd8c8633172c8ca2c85c248dfd7","apps/cartera-back/src/controllers/updateDueDate.ts","599","console.error","Error en getHistorialCambioFecha:","unresolved","unresolved","","","pending_semantic_review"
"56717ddef8f0bbd8c8633172c8ca2c85c248dfd7","apps/cartera-back/src/controllers/updateDueDate.ts","660","console.log","{expr}","unresolved","unresolved","","","pending_semantic_review"
"56717ddef8f0bbd8c8633172c8ca2c85c248dfd7","apps/cartera-back/src/controllers/updateDueDate.ts","661","console.log","ACTUALIZANDO FECHAS DESDE JSON (OPTIMIZADO)","unresolved","unresolved","","","pending_semantic_review"
"56717ddef8f0bbd8c8633172c8ca2c85c248dfd7","apps/cartera-back/src/controllers/updateDueDate.ts","662","console.log","{expr}","unresolved","unresolved","","","pending_semantic_review"
"56717ddef8f0bbd8c8633172c8ca2c85c248dfd7","apps/cartera-back/src/controllers/updateDueDate.ts","667","console.log","Total registros en JSON: {expr}","unresolved","unresolved","","","pending_semantic_review"
"56717ddef8f0bbd8c8633172c8ca2c85c248dfd7","apps/cartera-back/src/controllers/updateDueDate.ts","684","console.log","Grupos por día: {expr}","unresolved","unresolved","","","pending_semantic_review"
"56717ddef8f0bbd8c8633172c8ca2c85c248dfd7","apps/cartera-back/src/controllers/updateDueDate.ts","686","console.log","Día {expr}: {expr} créditos","unresolved","unresolved","","","pending_semantic_review"
"56717ddef8f0bbd8c8633172c8ca2c85c248dfd7","apps/cartera-back/src/controllers/updateDueDate.ts","688","console.log","Sin campo pago: {expr}","unresolved","unresolved","","","pending_semantic_review"
"56717ddef8f0bbd8c8633172c8ca2c85c248dfd7","apps/cartera-back/src/controllers/updateDueDate.ts","699","console.log","Procesando día {expr} ({expr} créditos)...","unresolved","unresolved","","","pending_semantic_review"
"56717ddef8f0bbd8c8633172c8ca2c85c248dfd7","apps/cartera-back/src/controllers/updateDueDate.ts","751","console.log","Día {expr}: {expr} cuotas, {expr} pagos actualizados","unresolved","unresolved","","","pending_semantic_review"
"56717ddef8f0bbd8c8633172c8ca2c85c248dfd7","apps/cartera-back/src/controllers/updateDueDate.ts","755","console.log","{expr}","unresolved","unresolved","","","pending_semantic_review"
"56717ddef8f0bbd8c8633172c8ca2c85c248dfd7","apps/cartera-back/src/controllers/updateDueDate.ts","756","console.log","RESUMEN","unresolved","unresolved","","","pending_semantic_review"
"56717ddef8f0bbd8c8633172c8ca2c85c248dfd7","apps/cartera-back/src/controllers/updateDueDate.ts","757","console.log","{expr}","unresolved","unresolved","","","pending_semantic_review"
"56717ddef8f0bbd8c8633172c8ca2c85c248dfd7","apps/cartera-back/src/controllers/updateDueDate.ts","758","console.log","Total créditos procesados: {expr}","unresolved","unresolved","","","pending_semantic_review"
"56717ddef8f0bbd8c8633172c8ca2c85c248dfd7","apps/cartera-back/src/controllers/updateDueDate.ts","759","console.log","Sin campo pago: {expr}","unresolved","unresolved","","","pending_semantic_review"
"56717ddef8f0bbd8c8633172c8ca2c85c248dfd7","apps/cartera-back/src/controllers/updateDueDate.ts","760","console.log","Queries ejecutados: {expr}","unresolved","unresolved","","","pending_semantic_review"
"56717ddef8f0bbd8c8633172c8ca2c85c248dfd7","apps/cartera-back/src/controllers/updateDueDate.ts","772","console.error","Error en updateDueDatesFromJson:","unresolved","unresolved","","","pending_semantic_review"
"56717ddef8f0bbd8c8633172c8ca2c85c248dfd7","apps/cartera-back/src/controllers/users.ts","103","console.error","[findOrCreateUserByName] Error:","unresolved","unresolved","","","pending_semantic_review"
"56717ddef8f0bbd8c8633172c8ca2c85c248dfd7","apps/cartera-back/src/controllers/users.ts","125","console.log","👤 Usuario autenticado:","unresolved","unresolved","","","pending_semantic_review"
"56717ddef8f0bbd8c8633172c8ca2c85c248dfd7","apps/cartera-back/src/controllers/users.ts","131","console.log","<dynamic>","unresolved","unresolved","","","pending_semantic_review"
"56717ddef8f0bbd8c8633172c8ca2c85c248dfd7","apps/cartera-back/src/controllers/users.ts","134","console.log","🔒 Usuario es asesor. Filtrando por asesor_id: {expr}","unresolved","unresolved","","","pending_semantic_review"
"56717ddef8f0bbd8c8633172c8ca2c85c248dfd7","apps/cartera-back/src/controllers/users.ts","137","console.log","✅ Usuario es ADMIN. Mostrando todos los créditos","unresolved","unresolved","","","pending_semantic_review"
"56717ddef8f0bbd8c8633172c8ca2c85c248dfd7","apps/cartera-back/src/controllers/users.ts","139","console.log","⚠️ Usuario sin asesor_id asignado. Mostrando todos los créditos","unresolved","unresolved","","","pending_semantic_review"
"56717ddef8f0bbd8c8633172c8ca2c85c248dfd7","apps/cartera-back/src/controllers/users.ts","157","console.log","📊 Registros encontrados: {expr}","unresolved","unresolved","","","pending_semantic_review"
"56717ddef8f0bbd8c8633172c8ca2c85c248dfd7","apps/cartera-back/src/controllers/users.ts","180","console.log","✅ Usuarios agrupados: {expr}","unresolved","unresolved","","","pending_semantic_review"
"56717ddef8f0bbd8c8633172c8ca2c85c248dfd7","apps/cartera-back/src/controllers/users.ts","184","console.error","[ERROR] getUsersWithSifco:","unresolved","unresolved","","","pending_semantic_review"
"56717ddef8f0bbd8c8633172c8ca2c85c248dfd7","apps/cartera-back/src/controllers/verificarFacturasSat.ts","115","console.log","🧹 [facturas_fallidas_sat] {expr} resuelta(s) por estar ANULADA en BD","unresolved","unresolved","","","pending_semantic_review"
"56717ddef8f0bbd8c8633172c8ca2c85c248dfd7","apps/cartera-back/src/controllers/verificarFacturasSat.ts","149","console.log","🔁 [facturas_fallidas_sat] {expr} resuelta(s) al reaparecer en SAT","unresolved","unresolved","","","pending_semantic_review"
"56717ddef8f0bbd8c8633172c8ca2c85c248dfd7","apps/cartera-back/src/controllers/verificarFacturasSat.ts","195","console.log","🧾 [verificarFacturasSat] Sin facturas nuevas para revisar","unresolved","unresolved","","","pending_semantic_review"
"56717ddef8f0bbd8c8633172c8ca2c85c248dfd7","apps/cartera-back/src/controllers/verificarFacturasSat.ts","214","console.log","🧾 [verificarFacturasSat] Factura {expr}-{expr} ({expr}) aún no es elegible por grace. Cursor detenido en {expr}.","unresolved","unresolved","","","pending_semantic_review"
"56717ddef8f0bbd8c8633172c8ca2c85c248dfd7","apps/cartera-back/src/controllers/verificarFacturasSat.ts","226","console.warn","⚠️ [verificarFacturasSat] Error consultando SAT: {expr}-{expr} ({expr}) - {expr}. Se reintentará.","unresolved","unresolved","","","pending_semantic_review"
"56717ddef8f0bbd8c8633172c8ca2c85c248dfd7","apps/cartera-back/src/controllers/verificarFacturasSat.ts","234","console.warn","❌ [verificarFacturasSat] NO está en SAT: {expr}-{expr} ({expr}) - {expr}","unresolved","unresolved","","","pending_semantic_review"
"56717ddef8f0bbd8c8633172c8ca2c85c248dfd7","apps/cartera-back/src/controllers/verificarFacturasSat.ts","280","console.log","🧾 [verificarFacturasSat] revisadas={expr} fallidas={expr} errores={expr} cursor={expr}->{expr}","unresolved","unresolved","","","pending_semantic_review"
"56717ddef8f0bbd8c8633172c8ca2c85c248dfd7","apps/cartera-back/src/controllers/verificarFacturasSat.ts","302","console.log","📧 [reportarFacturasFallidasSat] Sin pendientes, no se envía correo","unresolved","unresolved","","","pending_semantic_review"
"56717ddef8f0bbd8c8633172c8ca2c85c248dfd7","apps/cartera-back/src/controllers/verificarFacturasSat.ts","366","console.error","❌ [reportarFacturasFallidasSat] El correo NO se pudo enviar:","unresolved","unresolved","","","pending_semantic_review"
"56717ddef8f0bbd8c8633172c8ca2c85c248dfd7","apps/cartera-back/src/controllers/verificarFacturasSat.ts","375","console.log","📧 [reportarFacturasFallidasSat] correo enviado a {expr} destinatario(s) con {expr} pendiente(s)","unresolved","unresolved","","","pending_semantic_review"
"56717ddef8f0bbd8c8633172c8ca2c85c248dfd7","apps/cartera-back/src/database/index.ts","17","console.log","Conexión a la base de datos establecida","unresolved","unresolved","","","pending_semantic_review"
"56717ddef8f0bbd8c8633172c8ca2c85c248dfd7","apps/cartera-back/src/database/sifco/index.ts","11","console.warn","⚠️ SIFCO_DB_URL no está configurada. La conexión a SIFCO no estará disponible.","unresolved","unresolved","","","pending_semantic_review"
"56717ddef8f0bbd8c8633172c8ca2c85c248dfd7","apps/cartera-back/src/database/sifco/index.ts","18","console.log","Conexión a la base de datos SIFCO establecida","unresolved","unresolved","","","pending_semantic_review"
"56717ddef8f0bbd8c8633172c8ca2c85c248dfd7","apps/cartera-back/src/index.ts","64","console.log","🦊 Elysia Server is running at {expr}:{expr}","unresolved","unresolved","","","pending_semantic_review"
"56717ddef8f0bbd8c8633172c8ca2c85c248dfd7","apps/cartera-back/src/index.ts","67","console.log","⏰ Tareas programadas activas","unresolved","unresolved","","","pending_semantic_review"
"56717ddef8f0bbd8c8633172c8ca2c85c248dfd7","apps/cartera-back/src/middleware/auditLog.ts","119","console.error","⚠️ Error guardando audit log:","unresolved","unresolved","","","pending_semantic_review"
"56717ddef8f0bbd8c8633172c8ca2c85c248dfd7","apps/cartera-back/src/migration/insert_pagos_espejo_faltantes.js","143","console.log","<dynamic>","unresolved","unresolved","","","pending_semantic_review"
"56717ddef8f0bbd8c8633172c8ca2c85c248dfd7","apps/cartera-back/src/migration/insert_pagos_espejo_faltantes.js","144","console.log","{expr} (id={expr}) - {expr}{expr}","unresolved","unresolved","","","pending_semantic_review"
"56717ddef8f0bbd8c8633172c8ca2c85c248dfd7","apps/cartera-back/src/migration/insert_pagos_espejo_faltantes.js","145","console.log","<dynamic>","unresolved","unresolved","","","pending_semantic_review"
"56717ddef8f0bbd8c8633172c8ca2c85c248dfd7","apps/cartera-back/src/migration/insert_pagos_espejo_faltantes.js","156","console.log","No tiene liquidación en el rango {expr} - {expr} - saltando","unresolved","unresolved","","","pending_semantic_review"
"56717ddef8f0bbd8c8633172c8ca2c85c248dfd7","apps/cartera-back/src/migration/insert_pagos_espejo_faltantes.js","161","console.log","Liquidación: {expr} | Fecha: {expr}","unresolved","unresolved","","","pending_semantic_review"
"56717ddef8f0bbd8c8633172c8ca2c85c248dfd7","apps/cartera-back/src/migration/insert_pagos_espejo_faltantes.js","167","console.log","Hoja Excel: {expr}","unresolved","unresolved","","","pending_semantic_review"
"56717ddef8f0bbd8c8633172c8ca2c85c248dfd7","apps/cartera-back/src/migration/insert_pagos_espejo_faltantes.js","169","console.log","ERROR leyendo Excel: {expr}","unresolved","unresolved","","","pending_semantic_review"
"56717ddef8f0bbd8c8633172c8ca2c85c248dfd7","apps/cartera-back/src/migration/insert_pagos_espejo_faltantes.js","193","console.log","Créditos total: {expr} | Ya existen: {expr} | Faltantes: {expr}","unresolved","unresolved","","","pending_semantic_review"
"56717ddef8f0bbd8c8633172c8ca2c85c248dfd7","apps/cartera-back/src/migration/insert_pagos_espejo_faltantes.js","196","console.log","No hay pagos faltantes","unresolved","unresolved","","","pending_semantic_review"
"56717ddef8f0bbd8c8633172c8ca2c85c248dfd7","apps/cartera-back/src/migration/insert_pagos_espejo_faltantes.js","214","console.log","SKIP | {expr} | No encontrado en Excel","unresolved","unresolved","","","pending_semantic_review"
"56717ddef8f0bbd8c8633172c8ca2c85c248dfd7","apps/cartera-back/src/migration/insert_pagos_espejo_faltantes.js","223","console.log","ERROR | {expr} | No se pudo parsear cuota de mes: ""{expr}""","unresolved","unresolved","","","pending_semantic_review"
"56717ddef8f0bbd8c8633172c8ca2c85c248dfd7","apps/cartera-back/src/migration/insert_pagos_espejo_faltantes.js","271","console.log","ERROR | {expr} | No se encontró pago para mes ""{expr}"" (credito_id={expr})","unresolved","unresolved","","","pending_semantic_review"
"56717ddef8f0bbd8c8633172c8ca2c85c248dfd7","apps/cartera-back/src/migration/insert_pagos_espejo_faltantes.js","278","console.log","INSERT (dry) | {expr} | pago_id: {expr} | cap: {expr} | int: {expr} | iva: {expr} | %: {expr} | mes: {expr}","unresolved","unresolved","","","pending_semantic_review"
"56717ddef8f0bbd8c8633172c8ca2c85c248dfd7","apps/cartera-back/src/migration/insert_pagos_espejo_faltantes.js","287","console.log","INSERT | {expr} | pago_id: {expr} | cap: {expr} | int: {expr} | iva: {expr} | mes: {expr}","unresolved","unresolved","","","pending_semantic_review"
"56717ddef8f0bbd8c8633172c8ca2c85c248dfd7","apps/cartera-back/src/migration/insert_pagos_espejo_faltantes.js","290","console.log","DUP | {expr} | pago_id: {expr} ya existe - saltando","unresolved","unresolved","","","pending_semantic_review"
"56717ddef8f0bbd8c8633172c8ca2c85c248dfd7","apps/cartera-back/src/migration/insert_pagos_espejo_faltantes.js","309","console.log","Pagos espejo ahora: {expr} | Total liquidación: {expr} | {expr}","unresolved","unresolved","","","pending_semantic_review"
"56717ddef8f0bbd8c8633172c8ca2c85c248dfd7","apps/cartera-back/src/migration/insert_pagos_espejo_faltantes.js","321","console.log","Uso:","unresolved","unresolved","","","pending_semantic_review"
"56717ddef8f0bbd8c8633172c8ca2c85c248dfd7","apps/cartera-back/src/migration/insert_pagos_espejo_faltantes.js","322","console.log","node insert_pagos_espejo_faltantes.js --mes ""marzo 2026"" <nombre_archivo>","unresolved","unresolved","","","pending_semantic_review"
"56717ddef8f0bbd8c8633172c8ca2c85c248dfd7","apps/cartera-back/src/migration/insert_pagos_espejo_faltantes.js","323","console.log","node insert_pagos_espejo_faltantes.js --mes ""marzo 2026"" <nombre_archivo> --dry-run","unresolved","unresolved","","","pending_semantic_review"
"56717ddef8f0bbd8c8633172c8ca2c85c248dfd7","apps/cartera-back/src/migration/insert_pagos_espejo_faltantes.js","324","console.log","node insert_pagos_espejo_faltantes.js --mes ""marzo 2026"" --all","unresolved","unresolved","","","pending_semantic_review"
"56717ddef8f0bbd8c8633172c8ca2c85c248dfd7","apps/cartera-back/src/migration/insert_pagos_espejo_faltantes.js","325","console.log","node insert_pagos_espejo_faltantes.js --mes ""marzo 2026"" --all --dry-run","unresolved","unresolved","","","pending_semantic_review"
"56717ddef8f0bbd8c8633172c8ca2c85c248dfd7","apps/cartera-back/src/migration/insert_pagos_espejo_faltantes.js","326","console.log","--mes: mes de liquidación (busca hoja Excel del mes anterior)","unresolved","unresolved","","","pending_semantic_review"
"56717ddef8f0bbd8c8633172c8ca2c85c248dfd7","apps/cartera-back/src/migration/insert_pagos_espejo_faltantes.js","327","console.log","Ejemplo: --mes ""marzo 2026"" → liquidaciones de marzo, hoja Excel ""Febrero 2026""","unresolved","unresolved","","","pending_semantic_review"
"56717ddef8f0bbd8c8633172c8ca2c85c248dfd7","apps/cartera-back/src/migration/insert_pagos_espejo_faltantes.js","338","console.log","Mes liquidación: {expr} {expr} (rango: {expr} a {expr})","unresolved","unresolved","","","pending_semantic_review"
"56717ddef8f0bbd8c8633172c8ca2c85c248dfd7","apps/cartera-back/src/migration/insert_pagos_espejo_faltantes.js","339","console.log","Hoja Excel a buscar: ""{expr}""","unresolved","unresolved","","","pending_semantic_review"
"56717ddef8f0bbd8c8633172c8ca2c85c248dfd7","apps/cartera-back/src/migration/insert_pagos_espejo_faltantes.js","351","console.log","ERROR: falta nombre de archivo o --all","unresolved","unresolved","","","pending_semantic_review"
"56717ddef8f0bbd8c8633172c8ca2c85c248dfd7","apps/cartera-back/src/migration/insert_pagos_espejo_faltantes.js","391","console.log","No se encontró inversionista para: ""{expr}"" - saltando","unresolved","unresolved","","","pending_semantic_review"
"56717ddef8f0bbd8c8633172c8ca2c85c248dfd7","apps/cartera-back/src/migration/insert_pagos_espejo_faltantes.js","396","console.log","Saltando {expr} (id={expr}) por --skip","unresolved","unresolved","","","pending_semantic_review"
"56717ddef8f0bbd8c8633172c8ca2c85c248dfd7","apps/cartera-back/src/migration/insert_pagos_espejo_faltantes.js","407","console.log","<dynamic>","unresolved","unresolved","","","pending_semantic_review"
"56717ddef8f0bbd8c8633172c8ca2c85c248dfd7","apps/cartera-back/src/migration/insert_pagos_espejo_faltantes.js","408","console.log","RESUMEN FINAL{expr}","unresolved","unresolved","","","pending_semantic_review"
"56717ddef8f0bbd8c8633172c8ca2c85c248dfd7","apps/cartera-back/src/migration/insert_pagos_espejo_faltantes.js","409","console.log","<dynamic>","unresolved","unresolved","","","pending_semantic_review"
"56717ddef8f0bbd8c8633172c8ca2c85c248dfd7","apps/cartera-back/src/migration/insert_pagos_espejo_faltantes.js","410","console.log","Inversionistas procesados: {expr}","unresolved","unresolved","","","pending_semantic_review"
"56717ddef8f0bbd8c8633172c8ca2c85c248dfd7","apps/cartera-back/src/migration/insert_pagos_espejo_faltantes.js","411","console.log","Insertados: {expr}","unresolved","unresolved","","","pending_semantic_review"
"56717ddef8f0bbd8c8633172c8ca2c85c248dfd7","apps/cartera-back/src/migration/insert_pagos_espejo_faltantes.js","412","console.log","Skipped (sin Excel): {expr}","unresolved","unresolved","","","pending_semantic_review"
"56717ddef8f0bbd8c8633172c8ca2c85c248dfd7","apps/cartera-back/src/migration/insert_pagos_espejo_faltantes.js","413","console.log","Errores: {expr}","unresolved","unresolved","","","pending_semantic_review"
"56717ddef8f0bbd8c8633172c8ca2c85c248dfd7","apps/cartera-back/src/migration/insert_pagos_espejo_faltantes.js","419","console.error","<dynamic>","unresolved","unresolved","","","pending_semantic_review"
"56717ddef8f0bbd8c8633172c8ca2c85c248dfd7","apps/cartera-back/src/migration/migration.ts","148","console.log","✅ Crédito insertado con ID: {expr}","unresolved","unresolved","","","pending_semantic_review"
"56717ddef8f0bbd8c8633172c8ca2c85c248dfd7","apps/cartera-back/src/migration/migration.ts","213","console.error","❌ Error al insertar crédito en la base de datos:","unresolved","unresolved","","","pending_semantic_review"
"56717ddef8f0bbd8c8633172c8ca2c85c248dfd7","apps/cartera-back/src/migration/migration.ts","223","console.log","🚀 Iniciando flujo de sincronización de clientes con préstamos desde SIFCO","unresolved","unresolved","","","pending_semantic_review"
"56717ddef8f0bbd8c8633172c8ca2c85c248dfd7","apps/cartera-back/src/migration/migration.ts","238","console.log","👥 Clientes obtenidos de SIFCO:","unresolved","unresolved","","","pending_semantic_review"
"56717ddef8f0bbd8c8633172c8ca2c85c248dfd7","apps/cartera-back/src/migration/migration.ts","244","console.log","❌ No se encontraron clientes en SIFCO","unresolved","unresolved","","","pending_semantic_review"
"56717ddef8f0bbd8c8633172c8ca2c85c248dfd7","apps/cartera-back/src/migration/migration.ts","256","console.log","❌ Cliente con código {expr} no encontrado","unresolved","unresolved","","","pending_semantic_review"
"56717ddef8f0bbd8c8633172c8ca2c85c248dfd7","apps/cartera-back/src/migration/migration.ts","264","console.log","👤 Cliente seleccionado:","unresolved","unresolved","","","pending_semantic_review"
"56717ddef8f0bbd8c8633172c8ca2c85c248dfd7","apps/cartera-back/src/migration/migration.ts","271","console.log","❌ No se pudieron obtener préstamos para {expr}:","unresolved","unresolved","","","pending_semantic_review"
"56717ddef8f0bbd8c8633172c8ca2c85c248dfd7","apps/cartera-back/src/migration/migration.ts","279","console.log","❌ El cliente {expr} no tiene préstamos en SIFCO","unresolved","unresolved","","","pending_semantic_review"
"56717ddef8f0bbd8c8633172c8ca2c85c248dfd7","apps/cartera-back/src/migration/migration.ts","285","console.log","💳 Préstamos encontrados:","unresolved","unresolved","","","pending_semantic_review"
"56717ddef8f0bbd8c8633172c8ca2c85c248dfd7","apps/cartera-back/src/migration/migration.ts","291","console.log","📑 Consultando detalle del préstamo: {expr}","unresolved","unresolved","","","pending_semantic_review"
"56717ddef8f0bbd8c8633172c8ca2c85c248dfd7","apps/cartera-back/src/migration/migration.ts","323","console.log","💾 Crédito insertado en DB con ID:","unresolved","unresolved","","","pending_semantic_review"
"56717ddef8f0bbd8c8633172c8ca2c85c248dfd7","apps/cartera-back/src/migration/migration.ts","329","console.log","❌ Error procesando préstamo {expr}:","unresolved","unresolved","","","pending_semantic_review"
"56717ddef8f0bbd8c8633172c8ca2c85c248dfd7","apps/cartera-back/src/migration/migration.ts","344","console.log","📊 Resumen de sincronización:","unresolved","unresolved","","","pending_semantic_review"
"56717ddef8f0bbd8c8633172c8ca2c85c248dfd7","apps/cartera-back/src/migration/migration.ts","345","console.log","Clientes procesados: {expr}","unresolved","unresolved","","","pending_semantic_review"
"56717ddef8f0bbd8c8633172c8ca2c85c248dfd7","apps/cartera-back/src/migration/migration.ts","346","console.log","Préstamos encontrados: {expr}","unresolved","unresolved","","","pending_semantic_review"
"56717ddef8f0bbd8c8633172c8ca2c85c248dfd7","apps/cartera-back/src/migration/migration.ts","347","console.log","Créditos migrados: ✅ {expr}","unresolved","unresolved","","","pending_semantic_review"
"56717ddef8f0bbd8c8633172c8ca2c85c248dfd7","apps/cartera-back/src/migration/migration.ts","348","console.log","Créditos fallidos: ❌ {expr}","unresolved","unresolved","","","pending_semantic_review"
"56717ddef8f0bbd8c8633172c8ca2c85c248dfd7","apps/cartera-back/src/migration/migration.ts","351","console.log","📝 Detalles de errores:","unresolved","unresolved","","","pending_semantic_review"
"56717ddef8f0bbd8c8633172c8ca2c85c248dfd7","apps/cartera-back/src/migration/migration.ts","353","console.log","- Préstamo {expr}: {expr}","unresolved","unresolved","","","pending_semantic_review"
"56717ddef8f0bbd8c8633172c8ca2c85c248dfd7","apps/cartera-back/src/migration/migration.ts","359","console.error","❌ Error en syncClienteConPrestamos:","unresolved","unresolved","","","pending_semantic_review"
"56717ddef8f0bbd8c8633172c8ca2c85c248dfd7","apps/cartera-back/src/migration/migration.ts","433","console.log","╔══════════════════════════════════════════════════════════════","unresolved","unresolved","","","pending_semantic_review"
"56717ddef8f0bbd8c8633172c8ca2c85c248dfd7","apps/cartera-back/src/migration/migration.ts","436","console.log","║ 🚀 INICIO mapEstadoCuentaToPagosBig","unresolved","unresolved","","","pending_semantic_review"
"56717ddef8f0bbd8c8633172c8ca2c85c248dfd7","apps/cartera-back/src/migration/migration.ts","437","console.log","╚══════════════════════════════════════════════════════════════","unresolved","unresolved","","","pending_semantic_review"
"56717ddef8f0bbd8c8633172c8ca2c85c248dfd7","apps/cartera-back/src/migration/migration.ts","440","console.log","📋 Parámetros de entrada:","unresolved","unresolved","","","pending_semantic_review"
"56717ddef8f0bbd8c8633172c8ca2c85c248dfd7","apps/cartera-back/src/migration/migration.ts","441","console.log","• creditoId:","unresolved","unresolved","","","pending_semantic_review"
"56717ddef8f0bbd8c8633172c8ca2c85c248dfd7","apps/cartera-back/src/migration/migration.ts","442","console.log","• resp existe:","unresolved","unresolved","","","pending_semantic_review"
"56717ddef8f0bbd8c8633172c8ca2c85c248dfd7","apps/cartera-back/src/migration/migration.ts","443","console.log","• ConsultaResultado existe:","unresolved","unresolved","","","pending_semantic_review"
"56717ddef8f0bbd8c8633172c8ca2c85c248dfd7","apps/cartera-back/src/migration/migration.ts","448","console.log","┌─────────────────────────────────────────────────────────────","unresolved","unresolved","","","pending_semantic_review"
"56717ddef8f0bbd8c8633172c8ca2c85c248dfd7","apps/cartera-back/src/migration/migration.ts","451","console.log","│ 1️⃣ CONSULTANDO CRÉDITO EN DB","unresolved","unresolved","","","pending_semantic_review"
"56717ddef8f0bbd8c8633172c8ca2c85c248dfd7","apps/cartera-back/src/migration/migration.ts","452","console.log","└─────────────────────────────────────────────────────────────","unresolved","unresolved","","","pending_semantic_review"
"56717ddef8f0bbd8c8633172c8ca2c85c248dfd7","apps/cartera-back/src/migration/migration.ts","470","console.log","✅ Crédito encontrado:","unresolved","unresolved","","","pending_semantic_review"
"56717ddef8f0bbd8c8633172c8ca2c85c248dfd7","apps/cartera-back/src/migration/migration.ts","487","console.log","┌─────────────────────────────────────────────────────────────","unresolved","unresolved","","","pending_semantic_review"
"56717ddef8f0bbd8c8633172c8ca2c85c248dfd7","apps/cartera-back/src/migration/migration.ts","490","console.log","│ 2️⃣ DETERMINANDO DÍA DE VENCIMIENTO","unresolved","unresolved","","","pending_semantic_review"
"56717ddef8f0bbd8c8633172c8ca2c85c248dfd7","apps/cartera-back/src/migration/migration.ts","491","console.log","└─────────────────────────────────────────────────────────────","unresolved","unresolved","","","pending_semantic_review"
"56717ddef8f0bbd8c8633172c8ca2c85c248dfd7","apps/cartera-back/src/migration/migration.ts","497","console.log","📌 Fecha desembolso: {expr}","unresolved","unresolved","","","pending_semantic_review"
"56717ddef8f0bbd8c8633172c8ca2c85c248dfd7","apps/cartera-back/src/migration/migration.ts","498","console.log","📌 Día del desembolso: {expr}","unresolved","unresolved","","","pending_semantic_review"
"56717ddef8f0bbd8c8633172c8ca2c85c248dfd7","apps/cartera-back/src/migration/migration.ts","499","console.log","🎯 Día de vencimiento para cuotas: {expr}","unresolved","unresolved","","","pending_semantic_review"
"56717ddef8f0bbd8c8633172c8ca2c85c248dfd7","apps/cartera-back/src/migration/migration.ts","504","console.log","┌──────f───────────────────────────────────────────────────────","unresolved","unresolved","","","pending_semantic_review"
"56717ddef8f0bbd8c8633172c8ca2c85c248dfd7","apps/cartera-back/src/migration/migration.ts","507","console.log","│ 3️⃣ EXTRAYENDO DATOS DE RESPUESTA WS","unresolved","unresolved","","","pending_semantic_review"
"56717ddef8f0bbd8c8633172c8ca2c85c248dfd7","apps/cartera-back/src/migration/migration.ts","508","console.log","└─────────────────────────────────────────────────────────────","unresolved","unresolved","","","pending_semantic_review"
"56717ddef8f0bbd8c8633172c8ca2c85c248dfd7","apps/cartera-back/src/migration/migration.ts","516","console.log","📊 Estadísticas de respuesta:","unresolved","unresolved","","","pending_semantic_review"
"56717ddef8f0bbd8c8633172c8ca2c85c248dfd7","apps/cartera-back/src/migration/migration.ts","517","console.log","• Total cuotas:","unresolved","unresolved","","","pending_semantic_review"
"56717ddef8f0bbd8c8633172c8ca2c85c248dfd7","apps/cartera-back/src/migration/migration.ts","518","console.log","• Total transacciones:","unresolved","unresolved","","","pending_semantic_review"
"56717ddef8f0bbd8c8633172c8ca2c85c248dfd7","apps/cartera-back/src/migration/migration.ts","519","console.log","• Primera transacción existe:","unresolved","unresolved","","","pending_semantic_review"
"56717ddef8f0bbd8c8633172c8ca2c85c248dfd7","apps/cartera-back/src/migration/migration.ts","522","console.log","📝 Muestra de primera cuota:","unresolved","unresolved","","","pending_semantic_review"
"56717ddef8f0bbd8c8633172c8ca2c85c248dfd7","apps/cartera-back/src/migration/migration.ts","523","console.log","<dynamic>","unresolved","unresolved","","","pending_semantic_review"
"56717ddef8f0bbd8c8633172c8ca2c85c248dfd7","apps/cartera-back/src/migration/migration.ts","527","console.log","📝 Primera transacción completa:","unresolved","unresolved","","","pending_semantic_review"
"56717ddef8f0bbd8c8633172c8ca2c85c248dfd7","apps/cartera-back/src/migration/migration.ts","528","console.log","<dynamic>","unresolved","unresolved","","","pending_semantic_review"
"56717ddef8f0bbd8c8633172c8ca2c85c248dfd7","apps/cartera-back/src/migration/migration.ts","534","console.log","┌─────────────────────────────────────────────────────────────","unresolved","unresolved","","","pending_semantic_review"
"56717ddef8f0bbd8c8633172c8ca2c85c248dfd7","apps/cartera-back/src/migration/migration.ts","537","console.log","│ 4️⃣ LIMPIANDO DATOS PREVIOS","unresolved","unresolved","","","pending_semantic_review"
"56717ddef8f0bbd8c8633172c8ca2c85c248dfd7","apps/cartera-back/src/migration/migration.ts","538","console.log","└─────────────────────────────────────────────────────────────","unresolved","unresolved","","","pending_semantic_review"
"56717ddef8f0bbd8c8633172c8ca2c85c248dfd7","apps/cartera-back/src/migration/migration.ts","549","console.log","🗑️ Eliminando boletas...","unresolved","unresolved","","","pending_semantic_review"
"56717ddef8f0bbd8c8633172c8ca2c85c248dfd7","apps/cartera-back/src/migration/migration.ts","551","console.log","🗑️ Eliminando pagos inversionistas...","unresolved","unresolved","","","pending_semantic_review"
"56717ddef8f0bbd8c8633172c8ca2c85c248dfd7","apps/cartera-back/src/migration/migration.ts","555","console.log","🗑️ Eliminando pagos previos...","unresolved","unresolved","","","pending_semantic_review"
"56717ddef8f0bbd8c8633172c8ca2c85c248dfd7","apps/cartera-back/src/migration/migration.ts","559","console.log","✅ Pagos eliminados","unresolved","unresolved","","","pending_semantic_review"
"56717ddef8f0bbd8c8633172c8ca2c85c248dfd7","apps/cartera-back/src/migration/migration.ts","561","console.log","🗑️ Eliminando cuotas previas...","unresolved","unresolved","","","pending_semantic_review"
"56717ddef8f0bbd8c8633172c8ca2c85c248dfd7","apps/cartera-back/src/migration/migration.ts","565","console.log","✅ Cuotas eliminadas","unresolved","unresolved","","","pending_semantic_review"
"56717ddef8f0bbd8c8633172c8ca2c85c248dfd7","apps/cartera-back/src/migration/migration.ts","568","console.log","✅ Limpieza completada para crédito_id={expr}","unresolved","unresolved","","","pending_semantic_review"
"56717ddef8f0bbd8c8633172c8ca2c85c248dfd7","apps/cartera-back/src/migration/migration.ts","574","console.log","┌─────────────────────────────────────────────────────────────","unresolved","unresolved","","","pending_semantic_review"
"56717ddef8f0bbd8c8633172c8ca2c85c248dfd7","apps/cartera-back/src/migration/migration.ts","577","console.log","│ 5️⃣ PROCESANDO CUOTA 0 (PAGO INICIAL)","unresolved","unresolved","","","pending_semantic_review"
"56717ddef8f0bbd8c8633172c8ca2c85c248dfd7","apps/cartera-back/src/migration/migration.ts","578","console.log","└─────────────────────────────────────────────────────────────","unresolved","unresolved","","","pending_semantic_review"
"56717ddef8f0bbd8c8633172c8ca2c85c248dfd7","apps/cartera-back/src/migration/migration.ts","582","console.log","🔍 Buscando detalle ROYALTY...","unresolved","unresolved","","","pending_semantic_review"
"56717ddef8f0bbd8c8633172c8ca2c85c248dfd7","apps/cartera-back/src/migration/migration.ts","583","console.log","• Total detalles:","unresolved","unresolved","","","pending_semantic_review"
"56717ddef8f0bbd8c8633172c8ca2c85c248dfd7","apps/cartera-back/src/migration/migration.ts","592","console.log","• Detalle ROYALTY encontrado:","unresolved","unresolved","","","pending_semantic_review"
"56717ddef8f0bbd8c8633172c8ca2c85c248dfd7","apps/cartera-back/src/migration/migration.ts","594","console.log","• CrMoDeValor:","unresolved","unresolved","","","pending_semantic_review"
"56717ddef8f0bbd8c8633172c8ca2c85c248dfd7","apps/cartera-back/src/migration/migration.ts","598","console.log","💰 Valor de royalty convertido:","unresolved","unresolved","","","pending_semantic_review"
"56717ddef8f0bbd8c8633172c8ca2c85c248dfd7","apps/cartera-back/src/migration/migration.ts","601","console.log","📝 Creando cuota 0...","unresolved","unresolved","","","pending_semantic_review"
"56717ddef8f0bbd8c8633172c8ca2c85c248dfd7","apps/cartera-back/src/migration/migration.ts","608","console.log","• Datos cuota 0:","unresolved","unresolved","","","pending_semantic_review"
"56717ddef8f0bbd8c8633172c8ca2c85c248dfd7","apps/cartera-back/src/migration/migration.ts","615","console.log","✅ Cuota 0 insertada:","unresolved","unresolved","","","pending_semantic_review"
"56717ddef8f0bbd8c8633172c8ca2c85c248dfd7","apps/cartera-back/src/migration/migration.ts","621","console.log","🧮 Calculando valores para pago 0...","unresolved","unresolved","","","pending_semantic_review"
"56717ddef8f0bbd8c8633172c8ca2c85c248dfd7","apps/cartera-back/src/migration/migration.ts","624","console.log","• Reserva:","unresolved","unresolved","","","pending_semantic_review"
"56717ddef8f0bbd8c8633172c8ca2c85c248dfd7","apps/cartera-back/src/migration/migration.ts","627","console.log","• Capital:","unresolved","unresolved","","","pending_semantic_review"
"56717ddef8f0bbd8c8633172c8ca2c85c248dfd7","apps/cartera-back/src/migration/migration.ts","633","console.log","• Porcentaje interés:","unresolved","unresolved","","","pending_semantic_review"
"56717ddef8f0bbd8c8633172c8ca2c85c248dfd7","apps/cartera-back/src/migration/migration.ts","636","console.log","• GPS:","unresolved","unresolved","","","pending_semantic_review"
"56717ddef8f0bbd8c8633172c8ca2c85c248dfd7","apps/cartera-back/src/migration/migration.ts","639","console.log","• Seguro 10 cuotas:","unresolved","unresolved","","","pending_semantic_review"
"56717ddef8f0bbd8c8633172c8ca2c85c248dfd7","apps/cartera-back/src/migration/migration.ts","642","console.log","• Membresías:","unresolved","unresolved","","","pending_semantic_review"
"56717ddef8f0bbd8c8633172c8ca2c85c248dfd7","apps/cartera-back/src/migration/migration.ts","645","console.log","• Cuota interés:","unresolved","unresolved","","","pending_semantic_review"
"56717ddef8f0bbd8c8633172c8ca2c85c248dfd7","apps/cartera-back/src/migration/migration.ts","648","console.log","• IVA 12%:","unresolved","unresolved","","","pending_semantic_review"
"56717ddef8f0bbd8c8633172c8ca2c85c248dfd7","apps/cartera-back/src/migration/migration.ts","657","console.log","• Deuda total:","unresolved","unresolved","","","pending_semantic_review"
"56717ddef8f0bbd8c8633172c8ca2c85c248dfd7","apps/cartera-back/src/migration/migration.ts","705","console.log","📝 Insertando pago 0...","unresolved","unresolved","","","pending_semantic_review"
"56717ddef8f0bbd8c8633172c8ca2c85c248dfd7","apps/cartera-back/src/migration/migration.ts","706","console.log","• Pago 0 data (resumen):","unresolved","unresolved","","","pending_semantic_review"
"56717ddef8f0bbd8c8633172c8ca2c85c248dfd7","apps/cartera-back/src/migration/migration.ts","715","console.log","✅ Pago 0 insertado exitosamente","unresolved","unresolved","","","pending_semantic_review"
"56717ddef8f0bbd8c8633172c8ca2c85c248dfd7","apps/cartera-back/src/migration/migration.ts","719","console.log","💎 Actualizando royalty en crédito...","unresolved","unresolved","","","pending_semantic_review"
"56717ddef8f0bbd8c8633172c8ca2c85c248dfd7","apps/cartera-back/src/migration/migration.ts","724","console.log","✅ Royalty actualizado:","unresolved","unresolved","","","pending_semantic_review"
"56717ddef8f0bbd8c8633172c8ca2c85c248dfd7","apps/cartera-back/src/migration/migration.ts","726","console.log","ℹ️ No hay royalty para actualizar","unresolved","unresolved","","","pending_semantic_review"
"56717ddef8f0bbd8c8633172c8ca2c85c248dfd7","apps/cartera-back/src/migration/migration.ts","729","console.log","⚠️ No hay primera transacción - saltando cuota 0","unresolved","unresolved","","","pending_semantic_review"
"56717ddef8f0bbd8c8633172c8ca2c85c248dfd7","apps/cartera-back/src/migration/migration.ts","735","console.log","┌─────────────────────────────────────────────────────────────","unresolved","unresolved","","","pending_semantic_review"
"56717ddef8f0bbd8c8633172c8ca2c85c248dfd7","apps/cartera-back/src/migration/migration.ts","738","console.log","│ 6️⃣ PREPARANDO CUOTAS PARA BATCH INSERT","unresolved","unresolved","","","pending_semantic_review"
"56717ddef8f0bbd8c8633172c8ca2c85c248dfd7","apps/cartera-back/src/migration/migration.ts","739","console.log","└─────────────────────────────────────────────────────────────","unresolved","unresolved","","","pending_semantic_review"
"56717ddef8f0bbd8c8633172c8ca2c85c248dfd7","apps/cartera-back/src/migration/migration.ts","743","console.log","🔍 Calculando número de cuota para cuota índice {expr}:","unresolved","unresolved","","","pending_semantic_review"
"56717ddef8f0bbd8c8633172c8ca2c85c248dfd7","apps/cartera-back/src/migration/migration.ts","744","console.log","<dynamic>","unresolved","unresolved","","","pending_semantic_review"
"56717ddef8f0bbd8c8633172c8ca2c85c248dfd7","apps/cartera-back/src/migration/migration.ts","746","console.log","🔍 Procesando cuota {expr}/{expr}:","unresolved","unresolved","","","pending_semantic_review"
"56717ddef8f0bbd8c8633172c8ca2c85c248dfd7","apps/cartera-back/src/migration/migration.ts","756","console.log","📋 Cuota {expr}/{expr}:","unresolved","unresolved","","","pending_semantic_review"
"56717ddef8f0bbd8c8633172c8ca2c85c248dfd7","apps/cartera-back/src/migration/migration.ts","757","console.log","• InteresNumeroCuota: {expr}","unresolved","unresolved","","","pending_semantic_review"
"56717ddef8f0bbd8c8633172c8ca2c85c248dfd7","apps/cartera-back/src/migration/migration.ts","758","console.log","• Número cuota calculado: {expr}","unresolved","unresolved","","","pending_semantic_review"
"56717ddef8f0bbd8c8633172c8ca2c85c248dfd7","apps/cartera-back/src/migration/migration.ts","759","console.log","• Fecha original SIFCO: {expr}","unresolved","unresolved","","","pending_semantic_review"
"56717ddef8f0bbd8c8633172c8ca2c85c248dfd7","apps/cartera-back/src/migration/migration.ts","760","console.log","• Fecha vencimiento ajustada: {expr}","unresolved","unresolved","","","pending_semantic_review"
"56717ddef8f0bbd8c8633172c8ca2c85c248dfd7","apps/cartera-back/src/migration/migration.ts","761","console.log","• CapitalPagado: {expr}","unresolved","unresolved","","","pending_semantic_review"
"56717ddef8f0bbd8c8633172c8ca2c85c248dfd7","apps/cartera-back/src/migration/migration.ts","762","console.log","• InteresPagado: {expr}","unresolved","unresolved","","","pending_semantic_review"
"56717ddef8f0bbd8c8633172c8ca2c85c248dfd7","apps/cartera-back/src/migration/migration.ts","763","console.log","• isPagado: {expr}","unresolved","unresolved","","","pending_semantic_review"
"56717ddef8f0bbd8c8633172c8ca2c85c248dfd7","apps/cartera-back/src/migration/migration.ts","765","console.log","... ({expr} cuotas más) ...","unresolved","unresolved","","","pending_semantic_review"
"56717ddef8f0bbd8c8633172c8ca2c85c248dfd7","apps/cartera-back/src/migration/migration.ts","776","console.log","✅ Preparadas {expr} cuotas para inserción","unresolved","unresolved","","","pending_semantic_review"
"56717ddef8f0bbd8c8633172c8ca2c85c248dfd7","apps/cartera-back/src/migration/migration.ts","783","console.log","┌─────────────────────────────────────────────────────────────","unresolved","unresolved","","","pending_semantic_review"
"56717ddef8f0bbd8c8633172c8ca2c85c248dfd7","apps/cartera-back/src/migration/migration.ts","786","console.log","│ 7️⃣ INSERTANDO CUOTAS EN BATCH","unresolved","unresolved","","","pending_semantic_review"
"56717ddef8f0bbd8c8633172c8ca2c85c248dfd7","apps/cartera-back/src/migration/migration.ts","787","console.log","└─────────────────────────────────────────────────────────────","unresolved","unresolved","","","pending_semantic_review"
"56717ddef8f0bbd8c8633172c8ca2c85c248dfd7","apps/cartera-back/src/migration/migration.ts","794","console.log","✅ {expr} cuotas insertadas","unresolved","unresolved","","","pending_semantic_review"
"56717ddef8f0bbd8c8633172c8ca2c85c248dfd7","apps/cartera-back/src/migration/migration.ts","795","console.log","• Primera cuota:","unresolved","unresolved","","","pending_semantic_review"
"56717ddef8f0bbd8c8633172c8ca2c85c248dfd7","apps/cartera-back/src/migration/migration.ts","799","console.log","• Última cuota:","unresolved","unresolved","","","pending_semantic_review"
"56717ddef8f0bbd8c8633172c8ca2c85c248dfd7","apps/cartera-back/src/migration/migration.ts","807","console.log","┌─────────────────────────────────────────────────────────────","unresolved","unresolved","","","pending_semantic_review"
"56717ddef8f0bbd8c8633172c8ca2c85c248dfd7","apps/cartera-back/src/migration/migration.ts","810","console.log","│ 8️⃣ PREPARANDO PAGOS PARA BATCH INSERT","unresolved","unresolved","","","pending_semantic_review"
"56717ddef8f0bbd8c8633172c8ca2c85c248dfd7","apps/cartera-back/src/migration/migration.ts","811","console.log","└─────────────────────────────────────────────────────────────","unresolved","unresolved","","","pending_semantic_review"
"56717ddef8f0bbd8c8633172c8ca2c85c248dfd7","apps/cartera-back/src/migration/migration.ts","816","console.log","💰 Valores base para cálculos:","unresolved","unresolved","","","pending_semantic_review"
"56717ddef8f0bbd8c8633172c8ca2c85c248dfd7","apps/cartera-back/src/migration/migration.ts","817","console.log","• Seguro DB:","unresolved","unresolved","","","pending_semantic_review"
"56717ddef8f0bbd8c8633172c8ca2c85c248dfd7","apps/cartera-back/src/migration/migration.ts","818","console.log","• Membresía DB:","unresolved","unresolved","","","pending_semantic_review"
"56717ddef8f0bbd8c8633172c8ca2c85c248dfd7","apps/cartera-back/src/migration/migration.ts","824","console.log","🧮 Procesando pago {expr}/{expr} (cuota_id: {expr}):","unresolved","unresolved","","","pending_semantic_review"
"56717ddef8f0bbd8c8633172c8ca2c85c248dfd7","apps/cartera-back/src/migration/migration.ts","828","console.log","... (procesando {expr} pagos más) ...","unresolved","unresolved","","","pending_semantic_review"
"56717ddef8f0bbd8c8633172c8ca2c85c248dfd7","apps/cartera-back/src/migration/migration.ts","841","console.log","• CapitalAbonado: {expr} → {expr}","unresolved","unresolved","","","pending_semantic_review"
"56717ddef8f0bbd8c8633172c8ca2c85c248dfd7","apps/cartera-back/src/migration/migration.ts","844","console.log","• InteresAbonado: {expr} → {expr}","unresolved","unresolved","","","pending_semantic_review"
"56717ddef8f0bbd8c8633172c8ca2c85c248dfd7","apps/cartera-back/src/migration/migration.ts","847","console.log","• IVA 12%: {expr}","unresolved","unresolved","","","pending_semantic_review"
"56717ddef8f0bbd8c8633172c8ca2c85c248dfd7","apps/cartera-back/src/migration/migration.ts","857","console.log","• Mora Capital: {expr}","unresolved","unresolved","","","pending_semantic_review"
"56717ddef8f0bbd8c8633172c8ca2c85c248dfd7","apps/cartera-back/src/migration/migration.ts","858","console.log","• Mora Interés: {expr}","unresolved","unresolved","","","pending_semantic_review"
"56717ddef8f0bbd8c8633172c8ca2c85c248dfd7","apps/cartera-back/src/migration/migration.ts","859","console.log","• Mora Total: {expr}","unresolved","unresolved","","","pending_semantic_review"
"56717ddef8f0bbd8c8633172c8ca2c85c248dfd7","apps/cartera-back/src/migration/migration.ts","869","console.log","• OtrosMonto: {expr} = Seguro + Membresía","unresolved","unresolved","","","pending_semantic_review"
"56717ddef8f0bbd8c8633172c8ca2c85c248dfd7","apps/cartera-back/src/migration/migration.ts","872","console.log","• Abono Seguro: {expr}","unresolved","unresolved","","","pending_semantic_review"
"56717ddef8f0bbd8c8633172c8ca2c85c248dfd7","apps/cartera-back/src/migration/migration.ts","876","console.log","• OtrosMonto: {expr} (no coincide con seguro+membresía)","unresolved","unresolved","","","pending_semantic_review"
"56717ddef8f0bbd8c8633172c8ca2c85c248dfd7","apps/cartera-back/src/migration/migration.ts","889","console.log","• Pago del mes: {expr}","unresolved","unresolved","","","pending_semantic_review"
"56717ddef8f0bbd8c8633172c8ca2c85c248dfd7","apps/cartera-back/src/migration/migration.ts","904","console.log","• Capital restante: {expr}","unresolved","unresolved","","","pending_semantic_review"
"56717ddef8f0bbd8c8633172c8ca2c85c248dfd7","apps/cartera-back/src/migration/migration.ts","905","console.log","• Interés restante: {expr}","unresolved","unresolved","","","pending_semantic_review"
"56717ddef8f0bbd8c8633172c8ca2c85c248dfd7","apps/cartera-back/src/migration/migration.ts","906","console.log","• IVA restante: {expr}","unresolved","unresolved","","","pending_semantic_review"
"56717ddef8f0bbd8c8633172c8ca2c85c248dfd7","apps/cartera-back/src/migration/migration.ts","926","console.log","• isPagado: {expr}","unresolved","unresolved","","","pending_semantic_review"
"56717ddef8f0bbd8c8633172c8ca2c85c248dfd7","apps/cartera-back/src/migration/migration.ts","927","console.log","• Mes: {expr}","unresolved","unresolved","","","pending_semantic_review"
"56717ddef8f0bbd8c8633172c8ca2c85c248dfd7","apps/cartera-back/src/migration/migration.ts","928","console.log","• Fecha pago: {expr}","unresolved","unresolved","","","pending_semantic_review"
"56717ddef8f0bbd8c8633172c8ca2c85c248dfd7","apps/cartera-back/src/migration/migration.ts","929","console.log","• Validation Status: {expr}","unresolved","unresolved","","","pending_semantic_review"
"56717ddef8f0bbd8c8633172c8ca2c85c248dfd7","apps/cartera-back/src/migration/migration.ts","987","console.log","✅ Preparados {expr} pagos para inserción","unresolved","unresolved","","","pending_semantic_review"
"56717ddef8f0bbd8c8633172c8ca2c85c248dfd7","apps/cartera-back/src/migration/migration.ts","994","console.log","┌─────────────────────────────────────────────────────────────","unresolved","unresolved","","","pending_semantic_review"
"56717ddef8f0bbd8c8633172c8ca2c85c248dfd7","apps/cartera-back/src/migration/migration.ts","997","console.log","│ 9️⃣ INSERTANDO PAGOS EN BATCH","unresolved","unresolved","","","pending_semantic_review"
"56717ddef8f0bbd8c8633172c8ca2c85c248dfd7","apps/cartera-back/src/migration/migration.ts","998","console.log","└─────────────────────────────────────────────────────────────","unresolved","unresolved","","","pending_semantic_review"
"56717ddef8f0bbd8c8633172c8ca2c85c248dfd7","apps/cartera-back/src/migration/migration.ts","1005","console.log","✅ {expr} pagos insertados exitosamente","unresolved","unresolved","","","pending_semantic_review"
"56717ddef8f0bbd8c8633172c8ca2c85c248dfd7","apps/cartera-back/src/migration/migration.ts","1006","console.log","• Primer pago:","unresolved","unresolved","","","pending_semantic_review"
"56717ddef8f0bbd8c8633172c8ca2c85c248dfd7","apps/cartera-back/src/migration/migration.ts","1011","console.log","• Último pago:","unresolved","unresolved","","","pending_semantic_review"
"56717ddef8f0bbd8c8633172c8ca2c85c248dfd7","apps/cartera-back/src/migration/migration.ts","1020","console.log","╔══════════════════════════════════════════════════════════════","unresolved","unresolved","","","pending_semantic_review"
"56717ddef8f0bbd8c8633172c8ca2c85c248dfd7","apps/cartera-back/src/migration/migration.ts","1023","console.log","║ ✅ MAPPER COMPLETADO","unresolved","unresolved","","","pending_semantic_review"
"56717ddef8f0bbd8c8633172c8ca2c85c248dfd7","apps/cartera-back/src/migration/migration.ts","1024","console.log","╠══════════════════════════════════════════════════════════════","unresolved","unresolved","","","pending_semantic_review"
"56717ddef8f0bbd8c8633172c8ca2c85c248dfd7","apps/cartera-back/src/migration/migration.ts","1027","console.log","║ 📊 Resumen:","unresolved","unresolved","","","pending_semantic_review"
"56717ddef8f0bbd8c8633172c8ca2c85c248dfd7","apps/cartera-back/src/migration/migration.ts","1028","console.log","║ • Crédito ID: {expr}","unresolved","unresolved","","","pending_semantic_review"
"56717ddef8f0bbd8c8633172c8ca2c85c248dfd7","apps/cartera-back/src/migration/migration.ts","1029","console.log","║ • Cuotas procesadas: {expr}","unresolved","unresolved","","","pending_semantic_review"
"56717ddef8f0bbd8c8633172c8ca2c85c248dfd7","apps/cartera-back/src/migration/migration.ts","1030","console.log","║ • Pagos insertados: {expr}","unresolved","unresolved","","","pending_semantic_review"
"56717ddef8f0bbd8c8633172c8ca2c85c248dfd7","apps/cartera-back/src/migration/migration.ts","1031","console.log","║ • Cuota 0 creada: {expr}","unresolved","unresolved","","","pending_semantic_review"
"56717ddef8f0bbd8c8633172c8ca2c85c248dfd7","apps/cartera-back/src/migration/migration.ts","1032","console.log","║ • Día de vencimiento: {expr}","unresolved","unresolved","","","pending_semantic_review"
"56717ddef8f0bbd8c8633172c8ca2c85c248dfd7","apps/cartera-back/src/migration/migration.ts","1036","console.log","║ • Pagos realizados: {expr}","unresolved","unresolved","","","pending_semantic_review"
"56717ddef8f0bbd8c8633172c8ca2c85c248dfd7","apps/cartera-back/src/migration/migration.ts","1037","console.log","║ • Pagos pendientes: {expr}","unresolved","unresolved","","","pending_semantic_review"
"56717ddef8f0bbd8c8633172c8ca2c85c248dfd7","apps/cartera-back/src/migration/migration.ts","1038","console.log","╚══════════════════════════════════════════════════════════════","unresolved","unresolved","","","pending_semantic_review"
"56717ddef8f0bbd8c8633172c8ca2c85c248dfd7","apps/cartera-back/src/migration/migration.ts","1057","console.log","╔══════════════════════════════════════════════════════════════","unresolved","unresolved","","","pending_semantic_review"
"56717ddef8f0bbd8c8633172c8ca2c85c248dfd7","apps/cartera-back/src/migration/migration.ts","1060","console.log","║ 🚀 INICIO mapPagosDesdeJson (sin SIFCO)","unresolved","unresolved","","","pending_semantic_review"
"56717ddef8f0bbd8c8633172c8ca2c85c248dfd7","apps/cartera-back/src/migration/migration.ts","1061","console.log","╚══════════════════════════════════════════════════════════════","unresolved","unresolved","","","pending_semantic_review"
"56717ddef8f0bbd8c8633172c8ca2c85c248dfd7","apps/cartera-back/src/migration/migration.ts","1064","console.log","• numeroSifco: {expr}","unresolved","unresolved","","","pending_semantic_review"
"56717ddef8f0bbd8c8633172c8ca2c85c248dfd7","apps/cartera-back/src/migration/migration.ts","1065","console.log","• hastaCuota: {expr}","unresolved","unresolved","","","pending_semantic_review"
"56717ddef8f0bbd8c8633172c8ca2c85c248dfd7","apps/cartera-back/src/migration/migration.ts","1102","console.log","✅ Crédito encontrado (ID: {expr})","unresolved","unresolved","","","pending_semantic_review"
"56717ddef8f0bbd8c8633172c8ca2c85c248dfd7","apps/cartera-back/src/migration/migration.ts","1103","console.log","💰 Capital: {expr} | Cuota: {expr} | Plazo: {expr}","unresolved","unresolved","","","pending_semantic_review"
"56717ddef8f0bbd8c8633172c8ca2c85c248dfd7","apps/cartera-back/src/migration/migration.ts","1104","console.log","📊 Seguro: {expr} | GPS: {expr} | Membresía: {expr}","unresolved","unresolved","","","pending_semantic_review"
"56717ddef8f0bbd8c8633172c8ca2c85c248dfd7","apps/cartera-back/src/migration/migration.ts","1116","console.log","📅 Fecha base: {expr} ({expr})","unresolved","unresolved","","","pending_semantic_review"
"56717ddef8f0bbd8c8633172c8ca2c85c248dfd7","apps/cartera-back/src/migration/migration.ts","1117","console.log","🎯 Día vencimiento: {expr}","unresolved","unresolved","","","pending_semantic_review"
"56717ddef8f0bbd8c8633172c8ca2c85c248dfd7","apps/cartera-back/src/migration/migration.ts","1119","console.log","🎯 Día vencimiento: {expr}","unresolved","unresolved","","","pending_semantic_review"
"56717ddef8f0bbd8c8633172c8ca2c85c248dfd7","apps/cartera-back/src/migration/migration.ts","1132","console.log","🗑️ Eliminando boletas...","unresolved","unresolved","","","pending_semantic_review"
"56717ddef8f0bbd8c8633172c8ca2c85c248dfd7","apps/cartera-back/src/migration/migration.ts","1134","console.log","🗑️ Eliminando pagos inversionistas...","unresolved","unresolved","","","pending_semantic_review"
"56717ddef8f0bbd8c8633172c8ca2c85c248dfd7","apps/cartera-back/src/migration/migration.ts","1138","console.log","🗑️ Eliminando pagos previos...","unresolved","unresolved","","","pending_semantic_review"
"56717ddef8f0bbd8c8633172c8ca2c85c248dfd7","apps/cartera-back/src/migration/migration.ts","1142","console.log","🗑️ Eliminando cuotas previas...","unresolved","unresolved","","","pending_semantic_review"
"56717ddef8f0bbd8c8633172c8ca2c85c248dfd7","apps/cartera-back/src/migration/migration.ts","1147","console.log","✅ Limpieza completada para crédito_id={expr}","unresolved","unresolved","","","pending_semantic_review"
"56717ddef8f0bbd8c8633172c8ca2c85c248dfd7","apps/cartera-back/src/migration/migration.ts","1162","console.log","✅ Cuota 0 creada (ID: {expr})","unresolved","unresolved","","","pending_semantic_review"
"56717ddef8f0bbd8c8633172c8ca2c85c248dfd7","apps/cartera-back/src/migration/migration.ts","1222","console.log","✅ Pago 0 insertado","unresolved","unresolved","","","pending_semantic_review"
"56717ddef8f0bbd8c8633172c8ca2c85c248dfd7","apps/cartera-back/src/migration/migration.ts","1252","console.log","✅ {expr} cuotas insertadas ({expr} pagadas, {expr} pendientes)","unresolved","unresolved","","","pending_semantic_review"
"56717ddef8f0bbd8c8633172c8ca2c85c248dfd7","apps/cartera-back/src/migration/migration.ts","1288","console.log","📝 Cuota {expr}: capital={expr} | abonoK={expr} | interes={expr} | pagado={expr}","unresolved","unresolved","","","pending_semantic_review"
"56717ddef8f0bbd8c8633172c8ca2c85c248dfd7","apps/cartera-back/src/migration/migration.ts","1292","console.log","... ({expr} cuotas más) ...","unresolved","unresolved","","","pending_semantic_review"
"56717ddef8f0bbd8c8633172c8ca2c85c248dfd7","apps/cartera-back/src/migration/migration.ts","1355","console.log","╔══════════════════════════════════════════════════════════════","unresolved","unresolved","","","pending_semantic_review"
"56717ddef8f0bbd8c8633172c8ca2c85c248dfd7","apps/cartera-back/src/migration/migration.ts","1358","console.log","║ ✅ mapPagosDesdeJson COMPLETADO","unresolved","unresolved","","","pending_semantic_review"
"56717ddef8f0bbd8c8633172c8ca2c85c248dfd7","apps/cartera-back/src/migration/migration.ts","1359","console.log","╠══════════════════════════════════════════════════════════════","unresolved","unresolved","","","pending_semantic_review"
"56717ddef8f0bbd8c8633172c8ca2c85c248dfd7","apps/cartera-back/src/migration/migration.ts","1362","console.log","║ • Crédito: {expr} (ID: {expr})","unresolved","unresolved","","","pending_semantic_review"
"56717ddef8f0bbd8c8633172c8ca2c85c248dfd7","apps/cartera-back/src/migration/migration.ts","1363","console.log","║ • Cuotas creadas: {expr}","unresolved","unresolved","","","pending_semantic_review"
"56717ddef8f0bbd8c8633172c8ca2c85c248dfd7","apps/cartera-back/src/migration/migration.ts","1364","console.log","║ • Pagos insertados: {expr}","unresolved","unresolved","","","pending_semantic_review"
"56717ddef8f0bbd8c8633172c8ca2c85c248dfd7","apps/cartera-back/src/migration/migration.ts","1365","console.log","║ • Pagados: {expr} | Pendientes: {expr}","unresolved","unresolved","","","pending_semantic_review"
"56717ddef8f0bbd8c8633172c8ca2c85c248dfd7","apps/cartera-back/src/migration/migration.ts","1366","console.log","║ • Hasta cuota: {expr}","unresolved","unresolved","","","pending_semantic_review"
"56717ddef8f0bbd8c8633172c8ca2c85c248dfd7","apps/cartera-back/src/migration/migration.ts","1367","console.log","╚══════════════════════════════════════════════════════════════","unresolved","unresolved","","","pending_semantic_review"
"56717ddef8f0bbd8c8633172c8ca2c85c248dfd7","apps/cartera-back/src/migration/migration.ts","1415","console.log","<dynamic>","unresolved","unresolved","","","pending_semantic_review"
"56717ddef8f0bbd8c8633172c8ca2c85c248dfd7","apps/cartera-back/src/migration/migration.ts","1423","console.log","🧾 Créditos a procesar: {expr}{expr}","unresolved","unresolved","","","pending_semantic_review"
"56717ddef8f0bbd8c8633172c8ca2c85c248dfd7","apps/cartera-back/src/migration/migration.ts","1435","console.log","🧭 Iniciando flujo para {expr}","unresolved","unresolved","","","pending_semantic_review"
"56717ddef8f0bbd8c8633172c8ca2c85c248dfd7","apps/cartera-back/src/migration/migration.ts","1438","console.log","🔍 Consultando estado de cuenta en SIFCO para {expr}...","unresolved","unresolved","","","pending_semantic_review"
"56717ddef8f0bbd8c8633172c8ca2c85c248dfd7","apps/cartera-back/src/migration/migration.ts","1441","console.log","<dynamic>","unresolved","unresolved","","","pending_semantic_review"
"56717ddef8f0bbd8c8633172c8ca2c85c248dfd7","apps/cartera-back/src/migration/migration.ts","1442","console.log","✅ Estado de cuenta obtenido para {expr}.","unresolved","unresolved","","","pending_semantic_review"
"56717ddef8f0bbd8c8633172c8ca2c85c248dfd7","apps/cartera-back/src/migration/migration.ts","1445","console.log","[WARN] Sin estado de cuenta para {expr}. Se omite.","unresolved","unresolved","","","pending_semantic_review"
"56717ddef8f0bbd8c8633172c8ca2c85c248dfd7","apps/cartera-back/src/migration/migration.ts","1458","console.log","[ERROR] Procesando {expr}:","unresolved","unresolved","","","pending_semantic_review"
"56717ddef8f0bbd8c8633172c8ca2c85c248dfd7","apps/cartera-back/src/migration/migration.ts","1465","console.log","🎉 Resumen mapeo pagos -> OK={expr} | FAIL={expr} | TOTAL={expr}","unresolved","unresolved","","","pending_semantic_review"
"56717ddef8f0bbd8c8633172c8ca2c85c248dfd7","apps/cartera-back/src/migration/migration.ts","1476","console.log","numeroCredito","unresolved","unresolved","","","pending_semantic_review"
"56717ddef8f0bbd8c8633172c8ca2c85c248dfd7","apps/cartera-back/src/migration/migration.ts","1477","console.log","🚀 Iniciando flujo de pagos de inversionistas...","unresolved","unresolved","","","pending_semantic_review"
"56717ddef8f0bbd8c8633172c8ca2c85c248dfd7","apps/cartera-back/src/migration/migration.ts","1505","console.log","🧾 Créditos a procesar: {expr}","unresolved","unresolved","","","pending_semantic_review"
"56717ddef8f0bbd8c8633172c8ca2c85c248dfd7","apps/cartera-back/src/migration/migration.ts","1506","console.log","<dynamic>","unresolved","unresolved","","","pending_semantic_review"
"56717ddef8f0bbd8c8633172c8ca2c85c248dfd7","apps/cartera-back/src/migration/migration.ts","1516","console.log","🚀 Procesando inversionistas para crédito SIFCO={expr}","unresolved","unresolved","","","pending_semantic_review"
"56717ddef8f0bbd8c8633172c8ca2c85c248dfd7","apps/cartera-back/src/migration/migration.ts","1525","console.log","ℹ️ Filas obtenidas desde Excel: {expr}","unresolved","unresolved","","","pending_semantic_review"
"56717ddef8f0bbd8c8633172c8ca2c85c248dfd7","apps/cartera-back/src/migration/migration.ts","1548","console.log","💰 Capital (montoAportado):","unresolved","unresolved","","","pending_semantic_review"
"56717ddef8f0bbd8c8633172c8ca2c85c248dfd7","apps/cartera-back/src/migration/migration.ts","1556","console.log","📊 Porcentaje CashIn:","unresolved","unresolved","","","pending_semantic_review"
"56717ddef8f0bbd8c8633172c8ca2c85c248dfd7","apps/cartera-back/src/migration/migration.ts","1564","console.log","📊 Porcentaje Inversionista:","unresolved","unresolved","","","pending_semantic_review"
"56717ddef8f0bbd8c8633172c8ca2c85c248dfd7","apps/cartera-back/src/migration/migration.ts","1572","console.log","📈 Interés (%):","unresolved","unresolved","","","pending_semantic_review"
"56717ddef8f0bbd8c8633172c8ca2c85c248dfd7","apps/cartera-back/src/migration/migration.ts","1581","console.log","💵 Cuota Interés (Capital * interes):","unresolved","unresolved","","","pending_semantic_review"
"56717ddef8f0bbd8c8633172c8ca2c85c248dfd7","apps/cartera-back/src/migration/migration.ts","1591","console.log","👤 Monto Inversionista:","unresolved","unresolved","","","pending_semantic_review"
"56717ddef8f0bbd8c8633172c8ca2c85c248dfd7","apps/cartera-back/src/migration/migration.ts","1597","console.log","🏦 Monto CashIn:","unresolved","unresolved","","","pending_semantic_review"
"56717ddef8f0bbd8c8633172c8ca2c85c248dfd7","apps/cartera-back/src/migration/migration.ts","1604","console.log","🧾 IVA Inversionista:","unresolved","unresolved","","","pending_semantic_review"
"56717ddef8f0bbd8c8633172c8ca2c85c248dfd7","apps/cartera-back/src/migration/migration.ts","1610","console.log","🧾 IVA CashIn:","unresolved","unresolved","","","pending_semantic_review"
"56717ddef8f0bbd8c8633172c8ca2c85c248dfd7","apps/cartera-back/src/migration/migration.ts","1617","console.log","📌 Cuota usada (Inversionista/General):","unresolved","unresolved","","","pending_semantic_review"
"56717ddef8f0bbd8c8633172c8ca2c85c248dfd7","apps/cartera-back/src/migration/migration.ts","1658","console.error","❌ Error procesando fila crédito={expr}","unresolved","unresolved","","","pending_semantic_review"
"56717ddef8f0bbd8c8633172c8ca2c85c248dfd7","apps/cartera-back/src/migration/migration.ts","1667","console.log","🎉 Resumen crédito {expr} -> OK={expr} | FAIL={expr} | TOTAL={expr}","unresolved","unresolved","","","pending_semantic_review"
"56717ddef8f0bbd8c8633172c8ca2c85c248dfd7","apps/cartera-back/src/migration/migration.ts","1673","console.log","✅ Resumen final -> OK={expr} | FAIL={expr} | TOTAL={expr}","unresolved","unresolved","","","pending_semantic_review"
"56717ddef8f0bbd8c8633172c8ca2c85c248dfd7","apps/cartera-back/src/migration/migration.ts","1748","console.log","{expr}","unresolved","unresolved","","","pending_semantic_review"
"56717ddef8f0bbd8c8633172c8ca2c85c248dfd7","apps/cartera-back/src/migration/migration.ts","1749","console.log","🔍 BUSCANDO INVERSIONISTA","unresolved","unresolved","","","pending_semantic_review"
"56717ddef8f0bbd8c8633172c8ca2c85c248dfd7","apps/cartera-back/src/migration/migration.ts","1750","console.log","{expr}","unresolved","unresolved","","","pending_semantic_review"
"56717ddef8f0bbd8c8633172c8ca2c85c248dfd7","apps/cartera-back/src/migration/migration.ts","1751","console.log","📝 Nombre recibido: ""{expr}""","unresolved","unresolved","","","pending_semantic_review"
"56717ddef8f0bbd8c8633172c8ca2c85c248dfd7","apps/cartera-back/src/migration/migration.ts","1754","console.log","🧹 Nombre normalizado: ""{expr}""","unresolved","unresolved","","","pending_semantic_review"
"56717ddef8f0bbd8c8633172c8ca2c85c248dfd7","apps/cartera-back/src/migration/migration.ts","1757","console.log","📍 Estrategia 1: Match exacto normalizado...","unresolved","unresolved","","","pending_semantic_review"
"56717ddef8f0bbd8c8633172c8ca2c85c248dfd7","apps/cartera-back/src/migration/migration.ts","1763","console.log","📊 Total inversionistas en DB: {expr}","unresolved","unresolved","","","pending_semantic_review"
"56717ddef8f0bbd8c8633172c8ca2c85c248dfd7","apps/cartera-back/src/migration/migration.ts","1767","console.log","✅ MATCH EXACTO ENCONTRADO!","unresolved","unresolved","","","pending_semantic_review"
"56717ddef8f0bbd8c8633172c8ca2c85c248dfd7","apps/cartera-back/src/migration/migration.ts","1768","console.log","ID: {expr}","unresolved","unresolved","","","pending_semantic_review"
"56717ddef8f0bbd8c8633172c8ca2c85c248dfd7","apps/cartera-back/src/migration/migration.ts","1769","console.log","Nombre en DB: ""{expr}""","unresolved","unresolved","","","pending_semantic_review"
"56717ddef8f0bbd8c8633172c8ca2c85c248dfd7","apps/cartera-back/src/migration/migration.ts","1770","console.log","DPI: {expr}","unresolved","unresolved","","","pending_semantic_review"
"56717ddef8f0bbd8c8633172c8ca2c85c248dfd7","apps/cartera-back/src/migration/migration.ts","1771","console.log","{expr}","unresolved","unresolved","","","pending_semantic_review"
"56717ddef8f0bbd8c8633172c8ca2c85c248dfd7","apps/cartera-back/src/migration/migration.ts","1776","console.log","⚠️ No se encontró match exacto","unresolved","unresolved","","","pending_semantic_review"
"56717ddef8f0bbd8c8633172c8ca2c85c248dfd7","apps/cartera-back/src/migration/migration.ts","1779","console.log","📍 Estrategia 2: Match por similitud...","unresolved","unresolved","","","pending_semantic_review"
"56717ddef8f0bbd8c8633172c8ca2c85c248dfd7","apps/cartera-back/src/migration/migration.ts","1791","console.log","✅ MATCH POR SIMILITUD ENCONTRADO!","unresolved","unresolved","","","pending_semantic_review"
"56717ddef8f0bbd8c8633172c8ca2c85c248dfd7","apps/cartera-back/src/migration/migration.ts","1792","console.log","Similitud: {expr}%","unresolved","unresolved","","","pending_semantic_review"
"56717ddef8f0bbd8c8633172c8ca2c85c248dfd7","apps/cartera-back/src/migration/migration.ts","1793","console.log","ID: {expr}","unresolved","unresolved","","","pending_semantic_review"
"56717ddef8f0bbd8c8633172c8ca2c85c248dfd7","apps/cartera-back/src/migration/migration.ts","1794","console.log","Nombre en DB: ""{expr}""","unresolved","unresolved","","","pending_semantic_review"
"56717ddef8f0bbd8c8633172c8ca2c85c248dfd7","apps/cartera-back/src/migration/migration.ts","1795","console.log","DPI: {expr}","unresolved","unresolved","","","pending_semantic_review"
"56717ddef8f0bbd8c8633172c8ca2c85c248dfd7","apps/cartera-back/src/migration/migration.ts","1798","console.log","💡 Otros candidatos encontrados:","unresolved","unresolved","","","pending_semantic_review"
"56717ddef8f0bbd8c8633172c8ca2c85c248dfd7","apps/cartera-back/src/migration/migration.ts","1800","console.log","{expr}. ({expr}%) ""{expr}""","unresolved","unresolved","","","pending_semantic_review"
"56717ddef8f0bbd8c8633172c8ca2c85c248dfd7","apps/cartera-back/src/migration/migration.ts","1804","console.log","{expr}","unresolved","unresolved","","","pending_semantic_review"
"56717ddef8f0bbd8c8633172c8ca2c85c248dfd7","apps/cartera-back/src/migration/migration.ts","1808","console.log","⚠️ No se encontró match por similitud (>=70%)","unresolved","unresolved","","","pending_semantic_review"
"56717ddef8f0bbd8c8633172c8ca2c85c248dfd7","apps/cartera-back/src/migration/migration.ts","1811","console.log","📍 Estrategia 3: Match parcial por palabras clave...","unresolved","unresolved","","","pending_semantic_review"
"56717ddef8f0bbd8c8633172c8ca2c85c248dfd7","apps/cartera-back/src/migration/migration.ts","1818","console.log","🔑 Palabras clave extraídas: [{expr}]","unresolved","unresolved","","","pending_semantic_review"
"56717ddef8f0bbd8c8633172c8ca2c85c248dfd7","apps/cartera-back/src/migration/migration.ts","1827","console.log","💡 {expr} inversionista(s) encontrado(s) con palabras clave:","unresolved","unresolved","","","pending_semantic_review"
"56717ddef8f0bbd8c8633172c8ca2c85c248dfd7","apps/cartera-back/src/migration/migration.ts","1829","console.log","{expr}. ""{expr}""","unresolved","unresolved","","","pending_semantic_review"
"56717ddef8f0bbd8c8633172c8ca2c85c248dfd7","apps/cartera-back/src/migration/migration.ts","1834","console.log","⚠️ USANDO PRIMER MATCH PARCIAL (puede no ser exacto):","unresolved","unresolved","","","pending_semantic_review"
"56717ddef8f0bbd8c8633172c8ca2c85c248dfd7","apps/cartera-back/src/migration/migration.ts","1835","console.log","ID: {expr}","unresolved","unresolved","","","pending_semantic_review"
"56717ddef8f0bbd8c8633172c8ca2c85c248dfd7","apps/cartera-back/src/migration/migration.ts","1836","console.log","Nombre: ""{expr}""","unresolved","unresolved","","","pending_semantic_review"
"56717ddef8f0bbd8c8633172c8ca2c85c248dfd7","apps/cartera-back/src/migration/migration.ts","1837","console.log","{expr}","unresolved","unresolved","","","pending_semantic_review"
"56717ddef8f0bbd8c8633172c8ca2c85c248dfd7","apps/cartera-back/src/migration/migration.ts","1843","console.log","❌ NO SE ENCONTRÓ NINGÚN MATCH","unresolved","unresolved","","","pending_semantic_review"
"56717ddef8f0bbd8c8633172c8ca2c85c248dfd7","apps/cartera-back/src/migration/migration.ts","1844","console.log","{expr}","unresolved","unresolved","","","pending_semantic_review"
"56717ddef8f0bbd8c8633172c8ca2c85c248dfd7","apps/cartera-back/src/migration/migration.ts","1845","console.log","📋 INFORMACIÓN DE DEBUG:","unresolved","unresolved","","","pending_semantic_review"
"56717ddef8f0bbd8c8633172c8ca2c85c248dfd7","apps/cartera-back/src/migration/migration.ts","1846","console.log","{expr}","unresolved","unresolved","","","pending_semantic_review"
"56717ddef8f0bbd8c8633172c8ca2c85c248dfd7","apps/cartera-back/src/migration/migration.ts","1847","console.log","📝 Nombre buscado: ""{expr}""","unresolved","unresolved","","","pending_semantic_review"
"56717ddef8f0bbd8c8633172c8ca2c85c248dfd7","apps/cartera-back/src/migration/migration.ts","1848","console.log","🧹 Normalizado: ""{expr}""","unresolved","unresolved","","","pending_semantic_review"
"56717ddef8f0bbd8c8633172c8ca2c85c248dfd7","apps/cartera-back/src/migration/migration.ts","1849","console.log","🔑 Palabras clave: [{expr}]","unresolved","unresolved","","","pending_semantic_review"
"56717ddef8f0bbd8c8633172c8ca2c85c248dfd7","apps/cartera-back/src/migration/migration.ts","1850","console.log","💡 Primeros 10 inversionistas en DB:","unresolved","unresolved","","","pending_semantic_review"
"56717ddef8f0bbd8c8633172c8ca2c85c248dfd7","apps/cartera-back/src/migration/migration.ts","1854","console.log","{expr}. ({expr}%) ""{expr}""","unresolved","unresolved","","","pending_semantic_review"
"56717ddef8f0bbd8c8633172c8ca2c85c248dfd7","apps/cartera-back/src/migration/migration.ts","1857","console.log","{expr}","unresolved","unresolved","","","pending_semantic_review"
"56717ddef8f0bbd8c8633172c8ca2c85c248dfd7","apps/cartera-back/src/migration/migration.ts","1881","console.log","<empty>","unresolved","unresolved","","","pending_semantic_review"
"56717ddef8f0bbd8c8633172c8ca2c85c248dfd7","apps/cartera-back/src/migration/migration.ts","1882","console.log","<dynamic>","unresolved","unresolved","","","pending_semantic_review"
"56717ddef8f0bbd8c8633172c8ca2c85c248dfd7","apps/cartera-back/src/migration/migration.ts","1883","console.log","🚀 PROCESANDO PAGOS A INVERSIONISTAS","unresolved","unresolved","","","pending_semantic_review"
"56717ddef8f0bbd8c8633172c8ca2c85c248dfd7","apps/cartera-back/src/migration/migration.ts","1884","console.log","<dynamic>","unresolved","unresolved","","","pending_semantic_review"
"56717ddef8f0bbd8c8633172c8ca2c85c248dfd7","apps/cartera-back/src/migration/migration.ts","1885","console.log","📋 Crédito: ""{expr}""","unresolved","unresolved","","","pending_semantic_review"
"56717ddef8f0bbd8c8633172c8ca2c85c248dfd7","apps/cartera-back/src/migration/migration.ts","1886","console.log","👥 Total inversionistas: {expr}","unresolved","unresolved","","","pending_semantic_review"
"56717ddef8f0bbd8c8633172c8ca2c85c248dfd7","apps/cartera-back/src/migration/migration.ts","1887","console.log","<dynamic>","unresolved","unresolved","","","pending_semantic_review"
"56717ddef8f0bbd8c8633172c8ca2c85c248dfd7","apps/cartera-back/src/migration/migration.ts","1891","console.log","📝 Ejemplo primer inversionista:","unresolved","unresolved","","","pending_semantic_review"
"56717ddef8f0bbd8c8633172c8ca2c85c248dfd7","apps/cartera-back/src/migration/migration.ts","1892","console.log","<dynamic>","unresolved","unresolved","","","pending_semantic_review"
"56717ddef8f0bbd8c8633172c8ca2c85c248dfd7","apps/cartera-back/src/migration/migration.ts","1901","console.log","🧹 Número limpio: ""{expr}""","unresolved","unresolved","","","pending_semantic_review"
"56717ddef8f0bbd8c8633172c8ca2c85c248dfd7","apps/cartera-back/src/migration/migration.ts","1906","console.log","<dynamic>","unresolved","unresolved","","","pending_semantic_review"
"56717ddef8f0bbd8c8633172c8ca2c85c248dfd7","apps/cartera-back/src/migration/migration.ts","1907","console.log","1️⃣ BUSCANDO CRÉDITO EN DB","unresolved","unresolved","","","pending_semantic_review"
"56717ddef8f0bbd8c8633172c8ca2c85c248dfd7","apps/cartera-back/src/migration/migration.ts","1908","console.log","<dynamic>","unresolved","unresolved","","","pending_semantic_review"
"56717ddef8f0bbd8c8633172c8ca2c85c248dfd7","apps/cartera-back/src/migration/migration.ts","1922","console.log","<dynamic>","unresolved","unresolved","","","pending_semantic_review"
"56717ddef8f0bbd8c8633172c8ca2c85c248dfd7","apps/cartera-back/src/migration/migration.ts","1923","console.log","❌ CRÉDITO NO ENCONTRADO","unresolved","unresolved","","","pending_semantic_review"
"56717ddef8f0bbd8c8633172c8ca2c85c248dfd7","apps/cartera-back/src/migration/migration.ts","1924","console.log","<dynamic>","unresolved","unresolved","","","pending_semantic_review"
"56717ddef8f0bbd8c8633172c8ca2c85c248dfd7","apps/cartera-back/src/migration/migration.ts","1925","console.log","📝 Buscado: ""{expr}""","unresolved","unresolved","","","pending_semantic_review"
"56717ddef8f0bbd8c8633172c8ca2c85c248dfd7","apps/cartera-back/src/migration/migration.ts","1936","console.log","💡 Créditos similares (últimos 8 dígitos):","unresolved","unresolved","","","pending_semantic_review"
"56717ddef8f0bbd8c8633172c8ca2c85c248dfd7","apps/cartera-back/src/migration/migration.ts","1938","console.log","{expr}. ID: {expr} | ""{expr}""","unresolved","unresolved","","","pending_semantic_review"
"56717ddef8f0bbd8c8633172c8ca2c85c248dfd7","apps/cartera-back/src/migration/migration.ts","1942","console.log","<dynamic>","unresolved","unresolved","","","pending_semantic_review"
"56717ddef8f0bbd8c8633172c8ca2c85c248dfd7","apps/cartera-back/src/migration/migration.ts","1949","console.log","✅ CRÉDITO ENCONTRADO:","unresolved","unresolved","","","pending_semantic_review"
"56717ddef8f0bbd8c8633172c8ca2c85c248dfd7","apps/cartera-back/src/migration/migration.ts","1950","console.log","ID: {expr}","unresolved","unresolved","","","pending_semantic_review"
"56717ddef8f0bbd8c8633172c8ca2c85c248dfd7","apps/cartera-back/src/migration/migration.ts","1951","console.log","Número: ""{expr}""","unresolved","unresolved","","","pending_semantic_review"
"56717ddef8f0bbd8c8633172c8ca2c85c248dfd7","apps/cartera-back/src/migration/migration.ts","1956","console.log","<dynamic>","unresolved","unresolved","","","pending_semantic_review"
"56717ddef8f0bbd8c8633172c8ca2c85c248dfd7","apps/cartera-back/src/migration/migration.ts","1957","console.log","2️⃣ PROCESANDO INVERSIONISTAS","unresolved","unresolved","","","pending_semantic_review"
"56717ddef8f0bbd8c8633172c8ca2c85c248dfd7","apps/cartera-back/src/migration/migration.ts","1958","console.log","<dynamic>","unresolved","unresolved","","","pending_semantic_review"
"56717ddef8f0bbd8c8633172c8ca2c85c248dfd7","apps/cartera-back/src/migration/migration.ts","1967","console.log","<dynamic>","unresolved","unresolved","","","pending_semantic_review"
"56717ddef8f0bbd8c8633172c8ca2c85c248dfd7","apps/cartera-back/src/migration/migration.ts","1968","console.log","👤 {expr}/{expr}: ""{expr}""","unresolved","unresolved","","","pending_semantic_review"
"56717ddef8f0bbd8c8633172c8ca2c85c248dfd7","apps/cartera-back/src/migration/migration.ts","1969","console.log","<dynamic>","unresolved","unresolved","","","pending_semantic_review"
"56717ddef8f0bbd8c8633172c8ca2c85c248dfd7","apps/cartera-back/src/migration/migration.ts","1982","console.log","💰 CALCULANDO MONTOS...","unresolved","unresolved","","","pending_semantic_review"
"56717ddef8f0bbd8c8633172c8ca2c85c248dfd7","apps/cartera-back/src/migration/migration.ts","1989","console.log","Capital: {expr}","unresolved","unresolved","","","pending_semantic_review"
"56717ddef8f0bbd8c8633172c8ca2c85c248dfd7","apps/cartera-back/src/migration/migration.ts","1990","console.log","% CashIn: {expr}","unresolved","unresolved","","","pending_semantic_review"
"56717ddef8f0bbd8c8633172c8ca2c85c248dfd7","apps/cartera-back/src/migration/migration.ts","1991","console.log","% Inv: {expr}","unresolved","unresolved","","","pending_semantic_review"
"56717ddef8f0bbd8c8633172c8ca2c85c248dfd7","apps/cartera-back/src/migration/migration.ts","1992","console.log","Interés: {expr}","unresolved","unresolved","","","pending_semantic_review"
"56717ddef8f0bbd8c8633172c8ca2c85c248dfd7","apps/cartera-back/src/migration/migration.ts","2010","console.log","📊 RESULTADOS:","unresolved","unresolved","","","pending_semantic_review"
"56717ddef8f0bbd8c8633172c8ca2c85c248dfd7","apps/cartera-back/src/migration/migration.ts","2011","console.log","Monto inv: {expr}","unresolved","unresolved","","","pending_semantic_review"
"56717ddef8f0bbd8c8633172c8ca2c85c248dfd7","apps/cartera-back/src/migration/migration.ts","2012","console.log","Monto CashIn: {expr}","unresolved","unresolved","","","pending_semantic_review"
"56717ddef8f0bbd8c8633172c8ca2c85c248dfd7","apps/cartera-back/src/migration/migration.ts","2013","console.log","IVA inv: {expr}","unresolved","unresolved","","","pending_semantic_review"
"56717ddef8f0bbd8c8633172c8ca2c85c248dfd7","apps/cartera-back/src/migration/migration.ts","2014","console.log","IVA CashIn: {expr}","unresolved","unresolved","","","pending_semantic_review"
"56717ddef8f0bbd8c8633172c8ca2c85c248dfd7","apps/cartera-back/src/migration/migration.ts","2031","console.log","💾 GUARDANDO...","unresolved","unresolved","","","pending_semantic_review"
"56717ddef8f0bbd8c8633172c8ca2c85c248dfd7","apps/cartera-back/src/migration/migration.ts","2054","console.log","✅ GUARDADO","unresolved","unresolved","","","pending_semantic_review"
"56717ddef8f0bbd8c8633172c8ca2c85c248dfd7","apps/cartera-back/src/migration/migration.ts","2058","console.log","<dynamic>","unresolved","unresolved","","","pending_semantic_review"
"56717ddef8f0bbd8c8633172c8ca2c85c248dfd7","apps/cartera-back/src/migration/migration.ts","2059","console.log","❌ ERROR","unresolved","unresolved","","","pending_semantic_review"
"56717ddef8f0bbd8c8633172c8ca2c85c248dfd7","apps/cartera-back/src/migration/migration.ts","2060","console.log","<dynamic>","unresolved","unresolved","","","pending_semantic_review"
"56717ddef8f0bbd8c8633172c8ca2c85c248dfd7","apps/cartera-back/src/migration/migration.ts","2061","console.log","📝 Inversionista: ""{expr}""","unresolved","unresolved","","","pending_semantic_review"
"56717ddef8f0bbd8c8633172c8ca2c85c248dfd7","apps/cartera-back/src/migration/migration.ts","2062","console.log","❌ {expr}","unresolved","unresolved","","","pending_semantic_review"
"56717ddef8f0bbd8c8633172c8ca2c85c248dfd7","apps/cartera-back/src/migration/migration.ts","2065","console.log","📚 Stack:","unresolved","unresolved","","","pending_semantic_review"
"56717ddef8f0bbd8c8633172c8ca2c85c248dfd7","apps/cartera-back/src/migration/migration.ts","2066","console.log","<dynamic>","unresolved","unresolved","","","pending_semantic_review"
"56717ddef8f0bbd8c8633172c8ca2c85c248dfd7","apps/cartera-back/src/migration/migration.ts","2069","console.log","<dynamic>","unresolved","unresolved","","","pending_semantic_review"
"56717ddef8f0bbd8c8633172c8ca2c85c248dfd7","apps/cartera-back/src/migration/migration.ts","2088","console.log","<dynamic>","unresolved","unresolved","","","pending_semantic_review"
"56717ddef8f0bbd8c8633172c8ca2c85c248dfd7","apps/cartera-back/src/migration/migration.ts","2089","console.log","🎉 RESUMEN","unresolved","unresolved","","","pending_semantic_review"
"56717ddef8f0bbd8c8633172c8ca2c85c248dfd7","apps/cartera-back/src/migration/migration.ts","2090","console.log","<dynamic>","unresolved","unresolved","","","pending_semantic_review"
"56717ddef8f0bbd8c8633172c8ca2c85c248dfd7","apps/cartera-back/src/migration/migration.ts","2091","console.log","📋 Crédito: {expr}","unresolved","unresolved","","","pending_semantic_review"
"56717ddef8f0bbd8c8633172c8ca2c85c248dfd7","apps/cartera-back/src/migration/migration.ts","2092","console.log","👥 Total: {expr}","unresolved","unresolved","","","pending_semantic_review"
"56717ddef8f0bbd8c8633172c8ca2c85c248dfd7","apps/cartera-back/src/migration/migration.ts","2093","console.log","✅ Exitosos: {expr}","unresolved","unresolved","","","pending_semantic_review"
"56717ddef8f0bbd8c8633172c8ca2c85c248dfd7","apps/cartera-back/src/migration/migration.ts","2094","console.log","❌ Fallidos: {expr}","unresolved","unresolved","","","pending_semantic_review"
"56717ddef8f0bbd8c8633172c8ca2c85c248dfd7","apps/cartera-back/src/migration/migration.ts","2097","console.log","<dynamic>","unresolved","unresolved","","","pending_semantic_review"
"56717ddef8f0bbd8c8633172c8ca2c85c248dfd7","apps/cartera-back/src/migration/migration.ts","2098","console.log","⚠️ ERRORES:","unresolved","unresolved","","","pending_semantic_review"
"56717ddef8f0bbd8c8633172c8ca2c85c248dfd7","apps/cartera-back/src/migration/migration.ts","2099","console.log","<dynamic>","unresolved","unresolved","","","pending_semantic_review"
"56717ddef8f0bbd8c8633172c8ca2c85c248dfd7","apps/cartera-back/src/migration/migration.ts","2101","console.log","{expr}. {expr}","unresolved","unresolved","","","pending_semantic_review"
"56717ddef8f0bbd8c8633172c8ca2c85c248dfd7","apps/cartera-back/src/migration/migration.ts","2102","console.log","{expr}","unresolved","unresolved","","","pending_semantic_review"
"56717ddef8f0bbd8c8633172c8ca2c85c248dfd7","apps/cartera-back/src/migration/migration.ts","2104","console.log","Detalles:","unresolved","unresolved","","","pending_semantic_review"
"56717ddef8f0bbd8c8633172c8ca2c85c248dfd7","apps/cartera-back/src/migration/migration.ts","2107","console.log","<dynamic>","unresolved","unresolved","","","pending_semantic_review"
"56717ddef8f0bbd8c8633172c8ca2c85c248dfd7","apps/cartera-back/src/migration/migration.ts","2110","console.log","<dynamic>","unresolved","unresolved","","","pending_semantic_review"
"56717ddef8f0bbd8c8633172c8ca2c85c248dfd7","apps/cartera-back/src/migration/migrationCredits.ts","34","console.log","🔎 Procesando crédito {expr}...","unresolved","unresolved","","","pending_semantic_review"
"56717ddef8f0bbd8c8633172c8ca2c85c248dfd7","apps/cartera-back/src/migration/migrationCredits.ts","39","console.warn","⏭️ Saltando {expr} - no disponible en SIFCO","unresolved","unresolved","","","pending_semantic_review"
"56717ddef8f0bbd8c8633172c8ca2c85c248dfd7","apps/cartera-back/src/migration/migrationCredits.ts","60","console.log","✅ Crédito {expr} {expr} (ID: {expr})","unresolved","unresolved","","","pending_semantic_review"
"56717ddef8f0bbd8c8633172c8ca2c85c248dfd7","apps/cartera-back/src/migration/migrationCredits.ts","70","console.error","❌ Error al insertar {expr}:","unresolved","unresolved","","","pending_semantic_review"
"56717ddef8f0bbd8c8633172c8ca2c85c248dfd7","apps/cartera-back/src/migration/migrationCredits.ts","83","console.error","❌ Error general con {expr}:","unresolved","unresolved","","","pending_semantic_review"
"56717ddef8f0bbd8c8633172c8ca2c85c248dfd7","apps/cartera-back/src/migration/migrationCredits.ts","98","console.log","📊 Créditos procesados: {expr}","unresolved","unresolved","","","pending_semantic_review"
"56717ddef8f0bbd8c8633172c8ca2c85c248dfd7","apps/cartera-back/src/migration/migrationCredits.ts","99","console.log","✅ Insertados: {expr}","unresolved","unresolved","","","pending_semantic_review"
"56717ddef8f0bbd8c8633172c8ca2c85c248dfd7","apps/cartera-back/src/migration/migrationCredits.ts","102","console.log","♻️ Actualizados: {expr}","unresolved","unresolved","","","pending_semantic_review"
"56717ddef8f0bbd8c8633172c8ca2c85c248dfd7","apps/cartera-back/src/migration/migrationCredits.ts","105","console.log","⏭️ No encontrados: {expr}","unresolved","unresolved","","","pending_semantic_review"
"56717ddef8f0bbd8c8633172c8ca2c85c248dfd7","apps/cartera-back/src/migration/migrationCredits.ts","108","console.log","❌ Fallidos: {expr}","unresolved","unresolved","","","pending_semantic_review"
"56717ddef8f0bbd8c8633172c8ca2c85c248dfd7","apps/cartera-back/src/migration/migrationCredits.ts","268","console.log","🗑️ Inversionistas eliminados para crédito {expr}","unresolved","unresolved","","","pending_semantic_review"
"56717ddef8f0bbd8c8633172c8ca2c85c248dfd7","apps/cartera-back/src/migration/migrationCredits.ts","284","console.log","✅ Crédito insertado/actualizado con ID: {expr}","unresolved","unresolved","","","pending_semantic_review"
"56717ddef8f0bbd8c8633172c8ca2c85c248dfd7","apps/cartera-back/src/migration/migrationCredits.ts","356","console.log","✅ {expr} inversionistas insertados/actualizados","unresolved","unresolved","","","pending_semantic_review"
"56717ddef8f0bbd8c8633172c8ca2c85c248dfd7","apps/cartera-back/src/migration/migrationCredits.ts","363","console.error","❌ Error al insertar crédito desde Excel:","unresolved","unresolved","","","pending_semantic_review"
"56717ddef8f0bbd8c8633172c8ca2c85c248dfd7","apps/cartera-back/src/migration/migrationCredits.ts","372","console.log","🔎 Procesando crédito {expr}...","unresolved","unresolved","","","pending_semantic_review"
"56717ddef8f0bbd8c8633172c8ca2c85c248dfd7","apps/cartera-back/src/migration/migrationCredits.ts","379","console.log","📋 Variaciones detectadas: {expr}","unresolved","unresolved","","","pending_semantic_review"
"56717ddef8f0bbd8c8633172c8ca2c85c248dfd7","apps/cartera-back/src/migration/migrationCredits.ts","380","console.log","• {expr}","unresolved","unresolved","","","pending_semantic_review"
"56717ddef8f0bbd8c8633172c8ca2c85c248dfd7","apps/cartera-back/src/migration/migrationCredits.ts","386","console.log","🔎 Consultando SIFCO: {expr}","unresolved","unresolved","","","pending_semantic_review"
"56717ddef8f0bbd8c8633172c8ca2c85c248dfd7","apps/cartera-back/src/migration/migrationCredits.ts","391","console.warn","⏭️ {expr} - no disponible en SIFCO","unresolved","unresolved","","","pending_semantic_review"
"56717ddef8f0bbd8c8633172c8ca2c85c248dfd7","apps/cartera-back/src/migration/migrationCredits.ts","405","console.log","👥 Inversionistas para {expr}: {expr}","unresolved","unresolved","","","pending_semantic_review"
"56717ddef8f0bbd8c8633172c8ca2c85c248dfd7","apps/cartera-back/src/migration/migrationCredits.ts","421","console.log","✅ Crédito {expr} {expr} (ID: {expr})","unresolved","unresolved","","","pending_semantic_review"
"56717ddef8f0bbd8c8633172c8ca2c85c248dfd7","apps/cartera-back/src/migration/migrationCredits.ts","431","console.error","❌ Error al insertar {expr}:","unresolved","unresolved","","","pending_semantic_review"
"56717ddef8f0bbd8c8633172c8ca2c85c248dfd7","apps/cartera-back/src/migration/migrationCredits.ts","455","console.error","❌ Error general:","unresolved","unresolved","","","pending_semantic_review"
"56717ddef8f0bbd8c8633172c8ca2c85c248dfd7","apps/cartera-back/src/migration/migrationLateFee.ts","17","console.time","⏳ Lectura CSV créditos mora","unresolved","unresolved","","","pending_semantic_review"
"56717ddef8f0bbd8c8633172c8ca2c85c248dfd7","apps/cartera-back/src/migration/migrationLateFee.ts","48","console.log","📋 Headers encontrados:","unresolved","unresolved","","","pending_semantic_review"
"56717ddef8f0bbd8c8633172c8ca2c85c248dfd7","apps/cartera-back/src/migration/migrationLateFee.ts","49","console.log","🔍 Buscando columnas de mora...","unresolved","unresolved","","","pending_semantic_review"
"56717ddef8f0bbd8c8633172c8ca2c85c248dfd7","apps/cartera-back/src/migration/migrationLateFee.ts","53","console.log","📊 Columnas que contienen 'mora':","unresolved","unresolved","","","pending_semantic_review"
"56717ddef8f0bbd8c8633172c8ca2c85c248dfd7","apps/cartera-back/src/migration/migrationLateFee.ts","100","console.log","⚠️ Valor negativo en ""{expr}"": {expr} → convertido a 0","unresolved","unresolved","","","pending_semantic_review"
"56717ddef8f0bbd8c8633172c8ca2c85c248dfd7","apps/cartera-back/src/migration/migrationLateFee.ts","155","console.error","❌ Error procesando fila {expr}:","unresolved","unresolved","","","pending_semantic_review"
"56717ddef8f0bbd8c8633172c8ca2c85c248dfd7","apps/cartera-back/src/migration/migrationLateFee.ts","160","console.timeEnd","⏳ Lectura CSV créditos mora","unresolved","unresolved","","","pending_semantic_review"
"56717ddef8f0bbd8c8633172c8ca2c85c248dfd7","apps/cartera-back/src/migration/migrationLateFee.ts","161","console.log","📊 Resumen:","unresolved","unresolved","","","pending_semantic_review"
"56717ddef8f0bbd8c8633172c8ca2c85c248dfd7","apps/cartera-back/src/migration/migrationLateFee.ts","162","console.log","Total filas procesadas: {expr}","unresolved","unresolved","","","pending_semantic_review"
"56717ddef8f0bbd8c8633172c8ca2c85c248dfd7","apps/cartera-back/src/migration/migrationLateFee.ts","163","console.log","Créditos en mora encontrados: {expr}","unresolved","unresolved","","","pending_semantic_review"
"56717ddef8f0bbd8c8633172c8ca2c85c248dfd7","apps/cartera-back/src/migration/migrationLateFee.ts","164","console.log","Filas saltadas (sin # crédito): {expr}","unresolved","unresolved","","","pending_semantic_review"
"56717ddef8f0bbd8c8633172c8ca2c85c248dfd7","apps/cartera-back/src/migration/migrationLateFee.ts","166","console.log","⚠️ Valores negativos convertidos a 0: {expr}","unresolved","unresolved","","","pending_semantic_review"
"56717ddef8f0bbd8c8633172c8ca2c85c248dfd7","apps/cartera-back/src/migration/migrationLateFee.ts","168","console.log","📈 Desglose por tipo de mora:","unresolved","unresolved","","","pending_semantic_review"
"56717ddef8f0bbd8c8633172c8ca2c85c248dfd7","apps/cartera-back/src/migration/migrationLateFee.ts","169","console.log","🟡 Mora 30 días (1 cuota): {expr}","unresolved","unresolved","","","pending_semantic_review"
"56717ddef8f0bbd8c8633172c8ca2c85c248dfd7","apps/cartera-back/src/migration/migrationLateFee.ts","170","console.log","🟠 Mora 60 días (2 cuotas): {expr}","unresolved","unresolved","","","pending_semantic_review"
"56717ddef8f0bbd8c8633172c8ca2c85c248dfd7","apps/cartera-back/src/migration/migrationLateFee.ts","171","console.log","🔴 Mora 90 días (3 cuotas): {expr}","unresolved","unresolved","","","pending_semantic_review"
"56717ddef8f0bbd8c8633172c8ca2c85c248dfd7","apps/cartera-back/src/migration/migrationLateFee.ts","172","console.log","⛔ Mora 120 días (4 cuotas): {expr}","unresolved","unresolved","","","pending_semantic_review"
"56717ddef8f0bbd8c8633172c8ca2c85c248dfd7","apps/cartera-back/src/migration/migrationLateFee.ts","173","console.log","➕ Total: {expr}","unresolved","unresolved","","","pending_semantic_review"
"56717ddef8f0bbd8c8633172c8ca2c85c248dfd7","apps/cartera-back/src/migration/migrationLateFee.ts","271","console.log","✅ Procesamiento completado:","unresolved","unresolved","","","pending_semantic_review"
"56717ddef8f0bbd8c8633172c8ca2c85c248dfd7","apps/cartera-back/src/migration/migrationLateFee.ts","272","console.log","Total procesados: {expr}","unresolved","unresolved","","","pending_semantic_review"
"56717ddef8f0bbd8c8633172c8ca2c85c248dfd7","apps/cartera-back/src/migration/migrationLateFee.ts","273","console.log","📝 Insertados: {expr}","unresolved","unresolved","","","pending_semantic_review"
"56717ddef8f0bbd8c8633172c8ca2c85c248dfd7","apps/cartera-back/src/migration/migrationLateFee.ts","274","console.log","🔄 Actualizados: {expr}","unresolved","unresolved","","","pending_semantic_review"
"56717ddef8f0bbd8c8633172c8ca2c85c248dfd7","apps/cartera-back/src/migration/migrationLateFee.ts","275","console.log","❌ Errores: {expr}","unresolved","unresolved","","","pending_semantic_review"
"56717ddef8f0bbd8c8633172c8ca2c85c248dfd7","apps/cartera-back/src/migration/resetear_membresias_cuotas_no_pagadas.ts","19","console.log","⚠️ SIFCO_NUMBERS está vacío. Agregá los números sifco y volvé a correr.","unresolved","unresolved","","","pending_semantic_review"
"56717ddef8f0bbd8c8633172c8ca2c85c248dfd7","apps/cartera-back/src/migration/resetear_membresias_cuotas_no_pagadas.ts","35","console.log","❌ No encontrados ({expr}): {expr}","unresolved","unresolved","","","pending_semantic_review"
"56717ddef8f0bbd8c8633172c8ca2c85c248dfd7","apps/cartera-back/src/migration/resetear_membresias_cuotas_no_pagadas.ts","39","console.log","Sin créditos para procesar. Saliendo.","unresolved","unresolved","","","pending_semantic_review"
"56717ddef8f0bbd8c8633172c8ca2c85c248dfd7","apps/cartera-back/src/migration/resetear_membresias_cuotas_no_pagadas.ts","59","console.log","✅ sifco={expr} (credito_id={expr}) → {expr} cuotas no pagadas reseteadas","unresolved","unresolved","","","pending_semantic_review"
"56717ddef8f0bbd8c8633172c8ca2c85c248dfd7","apps/cartera-back/src/migration/resetear_membresias_cuotas_no_pagadas.ts","65","console.log","🏁 Listo.","unresolved","unresolved","","","pending_semantic_review"
"56717ddef8f0bbd8c8633172c8ca2c85c248dfd7","apps/cartera-back/src/migration/resetear_membresias_cuotas_no_pagadas.ts","72","console.error","FATAL:","unresolved","unresolved","","","pending_semantic_review"
"56717ddef8f0bbd8c8633172c8ca2c85c248dfd7","apps/cartera-back/src/migration/sync_capital_restante_espejo.js","93","console.log","<dynamic>","unresolved","unresolved","","","pending_semantic_review"
"56717ddef8f0bbd8c8633172c8ca2c85c248dfd7","apps/cartera-back/src/migration/sync_capital_restante_espejo.js","94","console.log","{expr} (id={expr}) - {expr}","unresolved","unresolved","","","pending_semantic_review"
"56717ddef8f0bbd8c8633172c8ca2c85c248dfd7","apps/cartera-back/src/migration/sync_capital_restante_espejo.js","95","console.log","<dynamic>","unresolved","unresolved","","","pending_semantic_review"
"56717ddef8f0bbd8c8633172c8ca2c85c248dfd7","apps/cartera-back/src/migration/sync_capital_restante_espejo.js","100","console.log","Hoja: {expr} | Créditos Excel: {expr}","unresolved","unresolved","","","pending_semantic_review"
"56717ddef8f0bbd8c8633172c8ca2c85c248dfd7","apps/cartera-back/src/migration/sync_capital_restante_espejo.js","102","console.log","ERROR leyendo Excel: {expr}","unresolved","unresolved","","","pending_semantic_review"
"56717ddef8f0bbd8c8633172c8ca2c85c248dfd7","apps/cartera-back/src/migration/sync_capital_restante_espejo.js","115","console.log","Registros en DB: {expr}","unresolved","unresolved","","","pending_semantic_review"
"56717ddef8f0bbd8c8633172c8ca2c85c248dfd7","apps/cartera-back/src/migration/sync_capital_restante_espejo.js","131","console.log","NO MATCH | {expr} | DB: {expr}","unresolved","unresolved","","","pending_semantic_review"
"56717ddef8f0bbd8c8633172c8ca2c85c248dfd7","apps/cartera-back/src/migration/sync_capital_restante_espejo.js","147","console.log","UPDT | {expr} | {expr} -> {expr}","unresolved","unresolved","","","pending_semantic_review"
"56717ddef8f0bbd8c8633172c8ca2c85c248dfd7","apps/cartera-back/src/migration/sync_capital_restante_espejo.js","162","console.log","Totales: {expr} (DB: {expr} | Excel: {expr} | diff: {expr})","unresolved","unresolved","","","pending_semantic_review"
"56717ddef8f0bbd8c8633172c8ca2c85c248dfd7","apps/cartera-back/src/migration/sync_capital_restante_espejo.js","171","console.log","Uso:","unresolved","unresolved","","","pending_semantic_review"
"56717ddef8f0bbd8c8633172c8ca2c85c248dfd7","apps/cartera-back/src/migration/sync_capital_restante_espejo.js","172","console.log","node sync_capital_restante_espejo.js <nombre_archivo>","unresolved","unresolved","","","pending_semantic_review"
"56717ddef8f0bbd8c8633172c8ca2c85c248dfd7","apps/cartera-back/src/migration/sync_capital_restante_espejo.js","173","console.log","node sync_capital_restante_espejo.js --all","unresolved","unresolved","","","pending_semantic_review"
"56717ddef8f0bbd8c8633172c8ca2c85c248dfd7","apps/cartera-back/src/migration/sync_capital_restante_espejo.js","174","console.log","Ejemplos:","unresolved","unresolved","","","pending_semantic_review"
"56717ddef8f0bbd8c8633172c8ca2c85c248dfd7","apps/cartera-back/src/migration/sync_capital_restante_espejo.js","175","console.log","node sync_capital_restante_espejo.js ""AVINSA.xlsx.xlsx""","unresolved","unresolved","","","pending_semantic_review"
"56717ddef8f0bbd8c8633172c8ca2c85c248dfd7","apps/cartera-back/src/migration/sync_capital_restante_espejo.js","176","console.log","node sync_capital_restante_espejo.js ""Javier Arzu Perez.xlsx.xlsx""","unresolved","unresolved","","","pending_semantic_review"
"56717ddef8f0bbd8c8633172c8ca2c85c248dfd7","apps/cartera-back/src/migration/sync_capital_restante_espejo.js","177","console.log","node sync_capital_restante_espejo.js --all","unresolved","unresolved","","","pending_semantic_review"
"56717ddef8f0bbd8c8633172c8ca2c85c248dfd7","apps/cartera-back/src/migration/sync_capital_restante_espejo.js","218","console.log","No se encontró inversionista para: ""{expr}"" - saltando","unresolved","unresolved","","","pending_semantic_review"
"56717ddef8f0bbd8c8633172c8ca2c85c248dfd7","apps/cartera-back/src/migration/sync_capital_restante_espejo.js","229","console.log","<dynamic>","unresolved","unresolved","","","pending_semantic_review"
"56717ddef8f0bbd8c8633172c8ca2c85c248dfd7","apps/cartera-back/src/migration/sync_capital_restante_espejo.js","230","console.log","RESUMEN FINAL","unresolved","unresolved","","","pending_semantic_review"
"56717ddef8f0bbd8c8633172c8ca2c85c248dfd7","apps/cartera-back/src/migration/sync_capital_restante_espejo.js","231","console.log","<dynamic>","unresolved","unresolved","","","pending_semantic_review"
"56717ddef8f0bbd8c8633172c8ca2c85c248dfd7","apps/cartera-back/src/migration/sync_capital_restante_espejo.js","232","console.log","Inversionistas procesados: {expr}","unresolved","unresolved","","","pending_semantic_review"
"56717ddef8f0bbd8c8633172c8ca2c85c248dfd7","apps/cartera-back/src/migration/sync_capital_restante_espejo.js","233","console.log","OK (sin cambios): {expr}","unresolved","unresolved","","","pending_semantic_review"
"56717ddef8f0bbd8c8633172c8ca2c85c248dfd7","apps/cartera-back/src/migration/sync_capital_restante_espejo.js","234","console.log","Actualizados: {expr}","unresolved","unresolved","","","pending_semantic_review"
"56717ddef8f0bbd8c8633172c8ca2c85c248dfd7","apps/cartera-back/src/migration/sync_capital_restante_espejo.js","235","console.log","No match: {expr}","unresolved","unresolved","","","pending_semantic_review"
"56717ddef8f0bbd8c8633172c8ca2c85c248dfd7","apps/cartera-back/src/migration/sync_capital_restante_espejo.js","241","console.error","<dynamic>","unresolved","unresolved","","","pending_semantic_review"
"56717ddef8f0bbd8c8633172c8ca2c85c248dfd7","apps/cartera-back/src/migration/sync_pagos_espejo.js","107","console.log","<dynamic>","unresolved","unresolved","","","pending_semantic_review"
"56717ddef8f0bbd8c8633172c8ca2c85c248dfd7","apps/cartera-back/src/migration/sync_pagos_espejo.js","108","console.log","{expr} (id={expr}) - {expr}","unresolved","unresolved","","","pending_semantic_review"
"56717ddef8f0bbd8c8633172c8ca2c85c248dfd7","apps/cartera-back/src/migration/sync_pagos_espejo.js","109","console.log","<dynamic>","unresolved","unresolved","","","pending_semantic_review"
"56717ddef8f0bbd8c8633172c8ca2c85c248dfd7","apps/cartera-back/src/migration/sync_pagos_espejo.js","114","console.log","Hoja: {expr} | Créditos Excel: {expr}","unresolved","unresolved","","","pending_semantic_review"
"56717ddef8f0bbd8c8633172c8ca2c85c248dfd7","apps/cartera-back/src/migration/sync_pagos_espejo.js","116","console.log","ERROR leyendo Excel: {expr}","unresolved","unresolved","","","pending_semantic_review"
"56717ddef8f0bbd8c8633172c8ca2c85c248dfd7","apps/cartera-back/src/migration/sync_pagos_espejo.js","128","console.log","Pagos NO_LIQUIDADO en DB: {expr}","unresolved","unresolved","","","pending_semantic_review"
"56717ddef8f0bbd8c8633172c8ca2c85c248dfd7","apps/cartera-back/src/migration/sync_pagos_espejo.js","144","console.log","NO MATCH -> 0 | {expr}","unresolved","unresolved","","","pending_semantic_review"
"56717ddef8f0bbd8c8633172c8ca2c85c248dfd7","apps/cartera-back/src/migration/sync_pagos_espejo.js","162","console.log","OK | {expr}","unresolved","unresolved","","","pending_semantic_review"
"56717ddef8f0bbd8c8633172c8ca2c85c248dfd7","apps/cartera-back/src/migration/sync_pagos_espejo.js","169","console.log","UPDT | {expr} cap:{expr} -> {expr} | int:{expr} -> {expr} | iva:{expr} -> {expr}","unresolved","unresolved","","","pending_semantic_review"
"56717ddef8f0bbd8c8633172c8ca2c85c248dfd7","apps/cartera-back/src/migration/sync_pagos_espejo.js","183","console.log","Totales: {expr} (cap diff: {expr}, int diff: {expr})","unresolved","unresolved","","","pending_semantic_review"
"56717ddef8f0bbd8c8633172c8ca2c85c248dfd7","apps/cartera-back/src/migration/sync_pagos_espejo.js","192","console.log","Uso:","unresolved","unresolved","","","pending_semantic_review"
"56717ddef8f0bbd8c8633172c8ca2c85c248dfd7","apps/cartera-back/src/migration/sync_pagos_espejo.js","193","console.log","node sync_pagos_espejo.js <nombre_archivo> (busca inversionista por nombre del archivo)","unresolved","unresolved","","","pending_semantic_review"
"56717ddef8f0bbd8c8633172c8ca2c85c248dfd7","apps/cartera-back/src/migration/sync_pagos_espejo.js","194","console.log","node sync_pagos_espejo.js --all (procesa todos los archivos de la carpeta)","unresolved","unresolved","","","pending_semantic_review"
"56717ddef8f0bbd8c8633172c8ca2c85c248dfd7","apps/cartera-back/src/migration/sync_pagos_espejo.js","195","console.log","Ejemplos:","unresolved","unresolved","","","pending_semantic_review"
"56717ddef8f0bbd8c8633172c8ca2c85c248dfd7","apps/cartera-back/src/migration/sync_pagos_espejo.js","196","console.log","node sync_pagos_espejo.js ""NXGN INVESTMENTS.xlsx""","unresolved","unresolved","","","pending_semantic_review"
"56717ddef8f0bbd8c8633172c8ca2c85c248dfd7","apps/cartera-back/src/migration/sync_pagos_espejo.js","197","console.log","node sync_pagos_espejo.js ""Ligia Haydee Fernandez.xlsx.xlsx""","unresolved","unresolved","","","pending_semantic_review"
"56717ddef8f0bbd8c8633172c8ca2c85c248dfd7","apps/cartera-back/src/migration/sync_pagos_espejo.js","198","console.log","node sync_pagos_espejo.js --all","unresolved","unresolved","","","pending_semantic_review"
"56717ddef8f0bbd8c8633172c8ca2c85c248dfd7","apps/cartera-back/src/migration/sync_pagos_espejo.js","242","console.log","No se encontró inversionista para: ""{expr}"" - saltando","unresolved","unresolved","","","pending_semantic_review"
"56717ddef8f0bbd8c8633172c8ca2c85c248dfd7","apps/cartera-back/src/migration/sync_pagos_espejo.js","253","console.log","<dynamic>","unresolved","unresolved","","","pending_semantic_review"
"56717ddef8f0bbd8c8633172c8ca2c85c248dfd7","apps/cartera-back/src/migration/sync_pagos_espejo.js","254","console.log","RESUMEN FINAL","unresolved","unresolved","","","pending_semantic_review"
"56717ddef8f0bbd8c8633172c8ca2c85c248dfd7","apps/cartera-back/src/migration/sync_pagos_espejo.js","255","console.log","<dynamic>","unresolved","unresolved","","","pending_semantic_review"
"56717ddef8f0bbd8c8633172c8ca2c85c248dfd7","apps/cartera-back/src/migration/sync_pagos_espejo.js","256","console.log","Inversionistas procesados: {expr}","unresolved","unresolved","","","pending_semantic_review"
"56717ddef8f0bbd8c8633172c8ca2c85c248dfd7","apps/cartera-back/src/migration/sync_pagos_espejo.js","257","console.log","OK (sin cambios): {expr}","unresolved","unresolved","","","pending_semantic_review"
"56717ddef8f0bbd8c8633172c8ca2c85c248dfd7","apps/cartera-back/src/migration/sync_pagos_espejo.js","258","console.log","Actualizados: {expr}","unresolved","unresolved","","","pending_semantic_review"
"56717ddef8f0bbd8c8633172c8ca2c85c248dfd7","apps/cartera-back/src/migration/sync_pagos_espejo.js","259","console.log","No match: {expr}","unresolved","unresolved","","","pending_semantic_review"
"56717ddef8f0bbd8c8633172c8ca2c85c248dfd7","apps/cartera-back/src/migration/sync_pagos_espejo.js","264","console.error","<dynamic>","unresolved","unresolved","","","pending_semantic_review"
"56717ddef8f0bbd8c8633172c8ca2c85c248dfd7","apps/cartera-back/src/migration/sync_pagos_liquidados_espejo.js","100","console.log","Uso:","unresolved","unresolved","","","pending_semantic_review"
"56717ddef8f0bbd8c8633172c8ca2c85c248dfd7","apps/cartera-back/src/migration/sync_pagos_liquidados_espejo.js","101","console.log","node sync_pagos_liquidados_espejo.js --liquidacion <id>","unresolved","unresolved","","","pending_semantic_review"
"56717ddef8f0bbd8c8633172c8ca2c85c248dfd7","apps/cartera-back/src/migration/sync_pagos_liquidados_espejo.js","102","console.log","node sync_pagos_liquidados_espejo.js --liquidacion <id> --hoja ""Enero 2026""","unresolved","unresolved","","","pending_semantic_review"
"56717ddef8f0bbd8c8633172c8ca2c85c248dfd7","apps/cartera-back/src/migration/sync_pagos_liquidados_espejo.js","118","console.log","<dynamic>","unresolved","unresolved","","","pending_semantic_review"
"56717ddef8f0bbd8c8633172c8ca2c85c248dfd7","apps/cartera-back/src/migration/sync_pagos_liquidados_espejo.js","141","console.log","<dynamic>","unresolved","unresolved","","","pending_semantic_review"
"56717ddef8f0bbd8c8633172c8ca2c85c248dfd7","apps/cartera-back/src/migration/sync_pagos_liquidados_espejo.js","145","console.log","<dynamic>","unresolved","unresolved","","","pending_semantic_review"
"56717ddef8f0bbd8c8633172c8ca2c85c248dfd7","apps/cartera-back/src/migration/sync_pagos_liquidados_espejo.js","146","console.log","{expr} (id={expr}) - Liquidación: {expr}","unresolved","unresolved","","","pending_semantic_review"
"56717ddef8f0bbd8c8633172c8ca2c85c248dfd7","apps/cartera-back/src/migration/sync_pagos_liquidados_espejo.js","147","console.log","Archivo: {expr}","unresolved","unresolved","","","pending_semantic_review"
"56717ddef8f0bbd8c8633172c8ca2c85c248dfd7","apps/cartera-back/src/migration/sync_pagos_liquidados_espejo.js","148","console.log","<dynamic>","unresolved","unresolved","","","pending_semantic_review"
"56717ddef8f0bbd8c8633172c8ca2c85c248dfd7","apps/cartera-back/src/migration/sync_pagos_liquidados_espejo.js","153","console.log","Hoja: {expr} | Créditos Excel: {expr}","unresolved","unresolved","","","pending_semantic_review"
"56717ddef8f0bbd8c8633172c8ca2c85c248dfd7","apps/cartera-back/src/migration/sync_pagos_liquidados_espejo.js","155","console.log","ERROR leyendo Excel: {expr}","unresolved","unresolved","","","pending_semantic_review"
"56717ddef8f0bbd8c8633172c8ca2c85c248dfd7","apps/cartera-back/src/migration/sync_pagos_liquidados_espejo.js","168","console.log","Pagos LIQUIDADO en DB: {expr}","unresolved","unresolved","","","pending_semantic_review"
"56717ddef8f0bbd8c8633172c8ca2c85c248dfd7","apps/cartera-back/src/migration/sync_pagos_liquidados_espejo.js","183","console.log","NO MATCH | {expr} | cap: {expr}","unresolved","unresolved","","","pending_semantic_review"
"56717ddef8f0bbd8c8633172c8ca2c85c248dfd7","apps/cartera-back/src/migration/sync_pagos_liquidados_espejo.js","202","console.log","UPDT | {expr} cap:{expr} -> {expr} | int:{expr} -> {expr} | iva:{expr} -> {expr}","unresolved","unresolved","","","pending_semantic_review"
"56717ddef8f0bbd8c8633172c8ca2c85c248dfd7","apps/cartera-back/src/migration/sync_pagos_liquidados_espejo.js","216","console.log","Totales: {expr} (cap diff: {expr}, int diff: {expr})","unresolved","unresolved","","","pending_semantic_review"
"56717ddef8f0bbd8c8633172c8ca2c85c248dfd7","apps/cartera-back/src/migration/sync_pagos_liquidados_espejo.js","218","console.log","<dynamic>","unresolved","unresolved","","","pending_semantic_review"
"56717ddef8f0bbd8c8633172c8ca2c85c248dfd7","apps/cartera-back/src/migration/sync_pagos_liquidados_espejo.js","219","console.log","RESUMEN","unresolved","unresolved","","","pending_semantic_review"
"56717ddef8f0bbd8c8633172c8ca2c85c248dfd7","apps/cartera-back/src/migration/sync_pagos_liquidados_espejo.js","220","console.log","<dynamic>","unresolved","unresolved","","","pending_semantic_review"
"56717ddef8f0bbd8c8633172c8ca2c85c248dfd7","apps/cartera-back/src/migration/sync_pagos_liquidados_espejo.js","221","console.log","OK (sin cambios): {expr}","unresolved","unresolved","","","pending_semantic_review"
"56717ddef8f0bbd8c8633172c8ca2c85c248dfd7","apps/cartera-back/src/migration/sync_pagos_liquidados_espejo.js","222","console.log","Actualizados: {expr}","unresolved","unresolved","","","pending_semantic_review"
"56717ddef8f0bbd8c8633172c8ca2c85c248dfd7","apps/cartera-back/src/migration/sync_pagos_liquidados_espejo.js","223","console.log","No match: {expr}","unresolved","unresolved","","","pending_semantic_review"
"56717ddef8f0bbd8c8633172c8ca2c85c248dfd7","apps/cartera-back/src/migration/sync_pagos_liquidados_espejo.js","229","console.error","<dynamic>","unresolved","unresolved","","","pending_semantic_review"
"56717ddef8f0bbd8c8633172c8ca2c85c248dfd7","apps/cartera-back/src/migration/update_monto_aportado.js","15","console.log","<dynamic>","unresolved","unresolved","","","pending_semantic_review"
"56717ddef8f0bbd8c8633172c8ca2c85c248dfd7","apps/cartera-back/src/migration/update_monto_aportado.js","19","console.log","<dynamic>","unresolved","unresolved","","","pending_semantic_review"
"56717ddef8f0bbd8c8633172c8ca2c85c248dfd7","apps/cartera-back/src/migration/update_monto_aportado.js","29","console.log","Inversionistas actuales:","unresolved","unresolved","","","pending_semantic_review"
"56717ddef8f0bbd8c8633172c8ca2c85c248dfd7","apps/cartera-back/src/migration/update_monto_aportado.js","31","console.log","<dynamic>","unresolved","unresolved","","","pending_semantic_review"
"56717ddef8f0bbd8c8633172c8ca2c85c248dfd7","apps/cartera-back/src/migration/update_monto_aportado.js","42","console.log","Espejo actual:","unresolved","unresolved","","","pending_semantic_review"
"56717ddef8f0bbd8c8633172c8ca2c85c248dfd7","apps/cartera-back/src/migration/update_monto_aportado.js","44","console.log","<dynamic>","unresolved","unresolved","","","pending_semantic_review"
"56717ddef8f0bbd8c8633172c8ca2c85c248dfd7","apps/cartera-back/src/migration/update_monto_aportado.js","52","console.log","Actualizado creditos_inversionistas:","unresolved","unresolved","","","pending_semantic_review"
"56717ddef8f0bbd8c8633172c8ca2c85c248dfd7","apps/cartera-back/src/migration/update_monto_aportado.js","58","console.log","Actualizado creditos_inversionistas_espejo:","unresolved","unresolved","","","pending_semantic_review"
"56717ddef8f0bbd8c8633172c8ca2c85c248dfd7","apps/cartera-back/src/migration/update_monto_aportado.js","60","console.log","<dynamic>","unresolved","unresolved","","","pending_semantic_review"
"56717ddef8f0bbd8c8633172c8ca2c85c248dfd7","apps/cartera-back/src/migration/update_monto_aportado.js","64","console.error","<dynamic>","unresolved","unresolved","","","pending_semantic_review"
"56717ddef8f0bbd8c8633172c8ca2c85c248dfd7","apps/cartera-back/src/routers/accounts.ts","42","console.error","❌ Error en GET /cuentas:","unresolved","unresolved","","","pending_semantic_review"
"56717ddef8f0bbd8c8633172c8ca2c85c248dfd7","apps/cartera-back/src/routers/accounts.ts","76","console.error","❌ Error en GET /cuentas/:id:","unresolved","unresolved","","","pending_semantic_review"
"56717ddef8f0bbd8c8633172c8ca2c85c248dfd7","apps/cartera-back/src/routers/accounts.ts","123","console.error","❌ Error en POST /cuentas:","unresolved","unresolved","","","pending_semantic_review"
"56717ddef8f0bbd8c8633172c8ca2c85c248dfd7","apps/cartera-back/src/routers/accounts.ts","161","console.error","❌ Error en PUT /cuentas/:id:","unresolved","unresolved","","","pending_semantic_review"
"56717ddef8f0bbd8c8633172c8ca2c85c248dfd7","apps/cartera-back/src/routers/accounts.ts","203","console.error","❌ Error en DELETE /cuentas/:id:","unresolved","unresolved","","","pending_semantic_review"
"56717ddef8f0bbd8c8633172c8ca2c85c248dfd7","apps/cartera-back/src/routers/accounts.ts","248","console.error","❌ Error en GET /cuentas/:id/movimientos:","unresolved","unresolved","","","pending_semantic_review"
"56717ddef8f0bbd8c8633172c8ca2c85c248dfd7","apps/cartera-back/src/routers/accounts.ts","303","console.error","❌ Error en POST /cuentas/:id/movimientos:","unresolved","unresolved","","","pending_semantic_review"
"56717ddef8f0bbd8c8633172c8ca2c85c248dfd7","apps/cartera-back/src/routers/advisor.ts","32","console.log","🚀 GET /creditos-por-asesor | numero_credito_sifco: {expr}, email_asesor: {expr}","unresolved","unresolved","","","pending_semantic_review"
"56717ddef8f0bbd8c8633172c8ca2c85c248dfd7","apps/cartera-back/src/routers/advisor.ts","46","console.error","❌ [ERROR] getCreditosPorAsesor:","unresolved","unresolved","","","pending_semantic_review"
"56717ddef8f0bbd8c8633172c8ca2c85c248dfd7","apps/cartera-back/src/routers/assignCapital.ts","128","console.error","❌ Error en /assign-capital/candidates:","unresolved","unresolved","","","pending_semantic_review"
"56717ddef8f0bbd8c8633172c8ca2c85c248dfd7","apps/cartera-back/src/routers/auth.ts","25","console.error","❌ Error en /auth/admin:","unresolved","unresolved","","","pending_semantic_review"
"56717ddef8f0bbd8c8633172c8ca2c85c248dfd7","apps/cartera-back/src/routers/auth.ts","62","console.error","❌ Error en /auth/login:","unresolved","unresolved","","","pending_semantic_review"
"56717ddef8f0bbd8c8633172c8ca2c85c248dfd7","apps/cartera-back/src/routers/auth.ts","111","console.error","❌ Error en /auth/verify:","unresolved","unresolved","","","pending_semantic_review"
"56717ddef8f0bbd8c8633172c8ca2c85c248dfd7","apps/cartera-back/src/routers/auth.ts","179","console.error","❌ Error en /auth/refresh:","unresolved","unresolved","","","pending_semantic_review"
"56717ddef8f0bbd8c8633172c8ca2c85c248dfd7","apps/cartera-back/src/routers/auth.ts","211","console.error","❌ Error en /auth/conta:","unresolved","unresolved","","","pending_semantic_review"
"56717ddef8f0bbd8c8633172c8ca2c85c248dfd7","apps/cartera-back/src/routers/auth.ts","255","console.error","❌ Error en /auth/conta/update:","unresolved","unresolved","","","pending_semantic_review"
"56717ddef8f0bbd8c8633172c8ca2c85c248dfd7","apps/cartera-back/src/routers/auth.ts","298","console.error","❌ Error en /auth/platform-users:","unresolved","unresolved","","","pending_semantic_review"
"56717ddef8f0bbd8c8633172c8ca2c85c248dfd7","apps/cartera-back/src/routers/banks.ts","28","console.error","Error al obtener bancos:","unresolved","unresolved","","","pending_semantic_review"
"56717ddef8f0bbd8c8633172c8ca2c85c248dfd7","apps/cartera-back/src/routers/banks.ts","66","console.error","Error al crear banco:","unresolved","unresolved","","","pending_semantic_review"
"56717ddef8f0bbd8c8633172c8ca2c85c248dfd7","apps/cartera-back/src/routers/banks.ts","114","console.error","Error al actualizar banco:","unresolved","unresolved","","","pending_semantic_review"
"56717ddef8f0bbd8c8633172c8ca2c85c248dfd7","apps/cartera-back/src/routers/banks.ts","153","console.error","Error al eliminar banco:","unresolved","unresolved","","","pending_semantic_review"
"56717ddef8f0bbd8c8633172c8ca2c85c248dfd7","apps/cartera-back/src/routers/cofidi.ts","139","console.log","⚠️ Este pago ya tiene facturas activas:","unresolved","unresolved","","","pending_semantic_review"
"56717ddef8f0bbd8c8633172c8ca2c85c248dfd7","apps/cartera-back/src/routers/cofidi.ts","155","console.log","🔥 ========== FACTURANDO PAGO COMPLETO ==========","unresolved","unresolved","","","pending_semantic_review"
"56717ddef8f0bbd8c8633172c8ca2c85c248dfd7","apps/cartera-back/src/routers/cofidi.ts","156","console.log","📝 Pago ID: {expr} | Usuario: {expr}","unresolved","unresolved","","","pending_semantic_review"
"56717ddef8f0bbd8c8633172c8ca2c85c248dfd7","apps/cartera-back/src/routers/cofidi.ts","222","console.error","❌ Pago no validado - Status: {expr}","unresolved","unresolved","","","pending_semantic_review"
"56717ddef8f0bbd8c8633172c8ca2c85c248dfd7","apps/cartera-back/src/routers/cofidi.ts","233","console.log","✅ Pago VALIDADO - Cliente: {expr}","unresolved","unresolved","","","pending_semantic_review"
"56717ddef8f0bbd8c8633172c8ca2c85c248dfd7","apps/cartera-back/src/routers/cofidi.ts","347","console.log","🆕 NUEVO FLUJO DETECTADO: crédito {expr} tiene {expr} operación(es) pendiente(s) de facturar","unresolved","unresolved","","","pending_semantic_review"
"56717ddef8f0bbd8c8633172c8ca2c85c248dfd7","apps/cartera-back/src/routers/cofidi.ts","351","console.log","📋 op id={expr} | inv={expr} | tipo={expr}{expr} | monto=Q{expr} | status={expr}","unresolved","unresolved","","","pending_semantic_review"
"56717ddef8f0bbd8c8633172c8ca2c85c248dfd7","apps/cartera-back/src/routers/cofidi.ts","380","console.error","❌ Inversionistas con porcentajes que no suman 100%:","unresolved","unresolved","","","pending_semantic_review"
"56717ddef8f0bbd8c8633172c8ca2c85c248dfd7","apps/cartera-back/src/routers/cofidi.ts","421","console.log","🏆 Mayor (cancelación): inv {expr} | cuotas_atrasadas={expr} | cargosPorCuota=Q{expr} (seguro Q{expr} + membresía Q{expr} + gps Q{expr})","unresolved","unresolved","","","pending_semantic_review"
"56717ddef8f0bbd8c8633172c8ca2c85c248dfd7","apps/cartera-back/src/routers/cofidi.ts","433","console.warn","⚠️ Base negativa para inversionista mayor ""{expr}"" (id {expr}): cuota Q{expr} - cargosPorCuota Q{expr} = Q{expr}. Se ajusta a 0 — revise cuotas_atrasadas vs cuota_inversionista del","unresolved","unresolved","","","pending_semantic_review"
"56717ddef8f0bbd8c8633172c8ca2c85c248dfd7","apps/cartera-back/src/routers/cofidi.ts","444","console.log","💰 Suma total {expr}: Q{expr}","unresolved","unresolved","","","pending_semantic_review"
"56717ddef8f0bbd8c8633172c8ca2c85c248dfd7","apps/cartera-back/src/routers/cofidi.ts","445","console.log","💰 Total intereses + IVA del pago: Q{expr}","unresolved","unresolved","","","pending_semantic_review"
"56717ddef8f0bbd8c8633172c8ca2c85c248dfd7","apps/cartera-back/src/routers/cofidi.ts","457","console.log","📊 {expr}: {expr} Q{expr} / Q{expr} = {expr}% → interés Q{expr}","unresolved","unresolved","","","pending_semantic_review"
"56717ddef8f0bbd8c8633172c8ca2c85c248dfd7","apps/cartera-back/src/routers/cofidi.ts","466","console.log","📊 {expr} inversionistas encontrados para crédito {expr}","unresolved","unresolved","","","pending_semantic_review"
"56717ddef8f0bbd8c8633172c8ca2c85c248dfd7","apps/cartera-back/src/routers/cofidi.ts","502","console.error","❌ Cliente sin NIT registrado - Pago ID: {expr}","unresolved","unresolved","","","pending_semantic_review"
"56717ddef8f0bbd8c8633172c8ca2c85c248dfd7","apps/cartera-back/src/routers/cofidi.ts","528","console.log","✅ NIT receptor encontrado en SAT: {expr}","unresolved","unresolved","","","pending_semantic_review"
"56717ddef8f0bbd8c8633172c8ca2c85c248dfd7","apps/cartera-back/src/routers/cofidi.ts","530","console.log","⚠️ NIT no encontrado en SAT, usando nombre del sistema: {expr}","unresolved","unresolved","","","pending_semantic_review"
"56717ddef8f0bbd8c8633172c8ca2c85c248dfd7","apps/cartera-back/src/routers/cofidi.ts","533","console.error","❌ Error consultando NIT del receptor:","unresolved","unresolved","","","pending_semantic_review"
"56717ddef8f0bbd8c8633172c8ca2c85c248dfd7","apps/cartera-back/src/routers/cofidi.ts","557","console.log","🔍 ========== DEBUG VALORES DEL PAGO ==========","unresolved","unresolved","","","pending_semantic_review"
"56717ddef8f0bbd8c8633172c8ca2c85c248dfd7","apps/cartera-back/src/routers/cofidi.ts","558","console.log","📦 mora: ""{expr}"" (tipo: {expr})","unresolved","unresolved","","","pending_semantic_review"
"56717ddef8f0bbd8c8633172c8ca2c85c248dfd7","apps/cartera-back/src/routers/cofidi.ts","559","console.log","📦 abono_seguro: ""{expr}"" (tipo: {expr})","unresolved","unresolved","","","pending_semantic_review"
"56717ddef8f0bbd8c8633172c8ca2c85c248dfd7","apps/cartera-back/src/routers/cofidi.ts","560","console.log","📦 abono_gps: ""{expr}"" (tipo: {expr})","unresolved","unresolved","","","pending_semantic_review"
"56717ddef8f0bbd8c8633172c8ca2c85c248dfd7","apps/cartera-back/src/routers/cofidi.ts","561","console.log","📦 membresias_pago: ""{expr}"" (tipo: {expr})","unresolved","unresolved","","","pending_semantic_review"
"56717ddef8f0bbd8c8633172c8ca2c85c248dfd7","apps/cartera-back/src/routers/cofidi.ts","562","console.log","📦 abono_interes: ""{expr}""","unresolved","unresolved","","","pending_semantic_review"
"56717ddef8f0bbd8c8633172c8ca2c85c248dfd7","apps/cartera-back/src/routers/cofidi.ts","563","console.log","📦 abono_iva_12: ""{expr}""","unresolved","unresolved","","","pending_semantic_review"
"56717ddef8f0bbd8c8633172c8ca2c85c248dfd7","apps/cartera-back/src/routers/cofidi.ts","564","console.log","===============================================","unresolved","unresolved","","","pending_semantic_review"
"56717ddef8f0bbd8c8633172c8ca2c85c248dfd7","apps/cartera-back/src/routers/cofidi.ts","593","console.log","⚠️ Ajustando base por diferencia: Q{expr}","unresolved","unresolved","","","pending_semantic_review"
"56717ddef8f0bbd8c8633172c8ca2c85c248dfd7","apps/cartera-back/src/routers/cofidi.ts","613","console.log","⚠️ Generando factura de MORA...","unresolved","unresolved","","","pending_semantic_review"
"56717ddef8f0bbd8c8633172c8ca2c85c248dfd7","apps/cartera-back/src/routers/cofidi.ts","617","console.log","📦 MORA: Q{expr}","unresolved","unresolved","","","pending_semantic_review"
"56717ddef8f0bbd8c8633172c8ca2c85c248dfd7","apps/cartera-back/src/routers/cofidi.ts","618","console.log","Precio: Q{expr}","unresolved","unresolved","","","pending_semantic_review"
"56717ddef8f0bbd8c8633172c8ca2c85c248dfd7","apps/cartera-back/src/routers/cofidi.ts","619","console.log","Base: Q{expr}","unresolved","unresolved","","","pending_semantic_review"
"56717ddef8f0bbd8c8633172c8ca2c85c248dfd7","apps/cartera-back/src/routers/cofidi.ts","620","console.log","IVA: Q{expr}","unresolved","unresolved","","","pending_semantic_review"
"56717ddef8f0bbd8c8633172c8ca2c85c248dfd7","apps/cartera-back/src/routers/cofidi.ts","678","console.log","✅ Factura mora: {expr}-{expr}","unresolved","unresolved","","","pending_semantic_review"
"56717ddef8f0bbd8c8633172c8ca2c85c248dfd7","apps/cartera-back/src/routers/cofidi.ts","680","console.error","❌ Error factura mora:","unresolved","unresolved","","","pending_semantic_review"
"56717ddef8f0bbd8c8633172c8ca2c85c248dfd7","apps/cartera-back/src/routers/cofidi.ts","704","console.log","💼 Generando factura de OTROS SERVICIOS...","unresolved","unresolved","","","pending_semantic_review"
"56717ddef8f0bbd8c8633172c8ca2c85c248dfd7","apps/cartera-back/src/routers/cofidi.ts","714","console.log","📦 SEGURO: Q{expr}","unresolved","unresolved","","","pending_semantic_review"
"56717ddef8f0bbd8c8633172c8ca2c85c248dfd7","apps/cartera-back/src/routers/cofidi.ts","715","console.log","Precio: Q{expr}","unresolved","unresolved","","","pending_semantic_review"
"56717ddef8f0bbd8c8633172c8ca2c85c248dfd7","apps/cartera-back/src/routers/cofidi.ts","716","console.log","Base: Q{expr}","unresolved","unresolved","","","pending_semantic_review"
"56717ddef8f0bbd8c8633172c8ca2c85c248dfd7","apps/cartera-back/src/routers/cofidi.ts","717","console.log","IVA: Q{expr}","unresolved","unresolved","","","pending_semantic_review"
"56717ddef8f0bbd8c8633172c8ca2c85c248dfd7","apps/cartera-back/src/routers/cofidi.ts","746","console.log","📦 GPS: Q{expr} (Precio: Q{expr}, Base: Q{expr}, IVA: Q{expr})","unresolved","unresolved","","","pending_semantic_review"
"56717ddef8f0bbd8c8633172c8ca2c85c248dfd7","apps/cartera-back/src/routers/cofidi.ts","777","console.log","📦 MEMBRESÍA: Q{expr} (Precio: Q{expr}, Base: Q{expr}, IVA: Q{expr})","unresolved","unresolved","","","pending_semantic_review"
"56717ddef8f0bbd8c8633172c8ca2c85c248dfd7","apps/cartera-back/src/routers/cofidi.ts","823","console.log","💰 Total otros servicios: Q{expr}","unresolved","unresolved","","","pending_semantic_review"
"56717ddef8f0bbd8c8633172c8ca2c85c248dfd7","apps/cartera-back/src/routers/cofidi.ts","840","console.log","✅ Factura otros servicios: {expr}-{expr}","unresolved","unresolved","","","pending_semantic_review"
"56717ddef8f0bbd8c8633172c8ca2c85c248dfd7","apps/cartera-back/src/routers/cofidi.ts","844","console.error","❌ Error factura otros servicios:","unresolved","unresolved","","","pending_semantic_review"
"56717ddef8f0bbd8c8633172c8ca2c85c248dfd7","apps/cartera-back/src/routers/cofidi.ts","862","console.log","💼 Generando factura de OTROS...","unresolved","unresolved","","","pending_semantic_review"
"56717ddef8f0bbd8c8633172c8ca2c85c248dfd7","apps/cartera-back/src/routers/cofidi.ts","866","console.log","📦 OTROS: Q{expr}","unresolved","unresolved","","","pending_semantic_review"
"56717ddef8f0bbd8c8633172c8ca2c85c248dfd7","apps/cartera-back/src/routers/cofidi.ts","867","console.log","Precio: Q{expr}","unresolved","unresolved","","","pending_semantic_review"
"56717ddef8f0bbd8c8633172c8ca2c85c248dfd7","apps/cartera-back/src/routers/cofidi.ts","868","console.log","Base: Q{expr}","unresolved","unresolved","","","pending_semantic_review"
"56717ddef8f0bbd8c8633172c8ca2c85c248dfd7","apps/cartera-back/src/routers/cofidi.ts","869","console.log","IVA: Q{expr}","unresolved","unresolved","","","pending_semantic_review"
"56717ddef8f0bbd8c8633172c8ca2c85c248dfd7","apps/cartera-back/src/routers/cofidi.ts","927","console.log","✅ Factura otros: {expr}-{expr}","unresolved","unresolved","","","pending_semantic_review"
"56717ddef8f0bbd8c8633172c8ca2c85c248dfd7","apps/cartera-back/src/routers/cofidi.ts","929","console.error","❌ Error factura otros:","unresolved","unresolved","","","pending_semantic_review"
"56717ddef8f0bbd8c8633172c8ca2c85c248dfd7","apps/cartera-back/src/routers/cofidi.ts","972","console.log","⏭️ NO hay intereses en este pago - Saltando facturas de intereses (ambos flujos)","unresolved","unresolved","","","pending_semantic_review"
"56717ddef8f0bbd8c8633172c8ca2c85c248dfd7","apps/cartera-back/src/routers/cofidi.ts","996","console.log","🆕 ========== NUEVO FLUJO DE INTERESES (PRORRATEO) ==========","unresolved","unresolved","","","pending_semantic_review"
"56717ddef8f0bbd8c8633172c8ca2c85c248dfd7","apps/cartera-back/src/routers/cofidi.ts","1018","console.warn","⚠️ Se esperaba 1 fila pendiente_facturar pero llegaron {expr}. Procesando la primera.","unresolved","unresolved","","","pending_semantic_review"
"56717ddef8f0bbd8c8633172c8ca2c85c248dfd7","apps/cartera-back/src/routers/cofidi.ts","1052","console.error","❌ Nuevo flujo: inv {expr} no tiene fecha_inicio_participacion en el espejo","unresolved","unresolved","","","pending_semantic_review"
"56717ddef8f0bbd8c8633172c8ca2c85c248dfd7","apps/cartera-back/src/routers/cofidi.ts","1088","console.log","🗓️ Fecha corte: {expr} | día {expr}/{expr}","unresolved","unresolved","","","pending_semantic_review"
"56717ddef8f0bbd8c8633172c8ca2c85c248dfd7","apps/cartera-back/src/routers/cofidi.ts","1089","console.log","📊 Fracción ANTES: {expr}% | Fracción DESPUÉS: {expr}%","unresolved","unresolved","","","pending_semantic_review"
"56717ddef8f0bbd8c8633172c8ca2c85c248dfd7","apps/cartera-back/src/routers/cofidi.ts","1102","console.log","🛒 Comprador: inv {expr} | monto Q{expr}","unresolved","unresolved","","","pending_semantic_review"
"56717ddef8f0bbd8c8633172c8ca2c85c248dfd7","apps/cartera-back/src/routers/cofidi.ts","1202","console.log","🧮 Reparto [{expr}] (fracción {expr}%)","unresolved","unresolved","","","pending_semantic_review"
"56717ddef8f0bbd8c8633172c8ca2c85c248dfd7","apps/cartera-back/src/routers/cofidi.ts","1214","console.log","💰 Interés parcial: Q{expr} | Suma bases: Q{expr}","unresolved","unresolved","","","pending_semantic_review"
"56717ddef8f0bbd8c8633172c8ca2c85c248dfd7","apps/cartera-back/src/routers/cofidi.ts","1254","console.log","🔁 {expr} → REDIRIGIDO A CUBE (Q{expr})","unresolved","unresolved","","","pending_semantic_review"
"56717ddef8f0bbd8c8633172c8ca2c85c248dfd7","apps/cartera-back/src/routers/cofidi.ts","1280","console.log","📊 {expr}: base Q{expr} ({expr}%) → inv Q{expr} | cashIn Q{expr}","unresolved","unresolved","","","pending_semantic_review"
"56717ddef8f0bbd8c8633172c8ca2c85c248dfd7","apps/cartera-back/src/routers/cofidi.ts","1290","console.log","💵 CUBE [{expr}]: residuo Q{expr} + cashIn Q{expr} = Q{expr}","unresolved","unresolved","","","pending_semantic_review"
"56717ddef8f0bbd8c8633172c8ca2c85c248dfd7","apps/cartera-back/src/routers/cofidi.ts","1313","console.log","🧾 Sumando parte1 + parte2 y emitiendo facturas...","unresolved","unresolved","","","pending_semantic_review"
"56717ddef8f0bbd8c8633172c8ca2c85c248dfd7","apps/cartera-back/src/routers/cofidi.ts","1353","console.log","⏭️ {expr}: total Q0","unresolved","unresolved","","","pending_semantic_review"
"56717ddef8f0bbd8c8633172c8ca2c85c248dfd7","apps/cartera-back/src/routers/cofidi.ts","1365","console.log","⏭️ {expr}: emite su propia factura","unresolved","unresolved","","","pending_semantic_review"
"56717ddef8f0bbd8c8633172c8ca2c85c248dfd7","apps/cartera-back/src/routers/cofidi.ts","1370","console.log","💼 Factura {expr}: Q{expr} (antes Q{expr} + después Q{expr})","unresolved","unresolved","","","pending_semantic_review"
"56717ddef8f0bbd8c8633172c8ca2c85c248dfd7","apps/cartera-back/src/routers/cofidi.ts","1439","console.log","✅ {expr}-{expr}","unresolved","unresolved","","","pending_semantic_review"
"56717ddef8f0bbd8c8633172c8ca2c85c248dfd7","apps/cartera-back/src/routers/cofidi.ts","1441","console.error","❌ Error: {expr}","unresolved","unresolved","","","pending_semantic_review"
"56717ddef8f0bbd8c8633172c8ca2c85c248dfd7","apps/cartera-back/src/routers/cofidi.ts","1466","console.log","💼 Factura CUBE: Q{expr} (antes Q{expr} + después Q{expr})","unresolved","unresolved","","","pending_semantic_review"
"56717ddef8f0bbd8c8633172c8ca2c85c248dfd7","apps/cartera-back/src/routers/cofidi.ts","1519","console.log","✅ {expr}-{expr} (CUBE)","unresolved","unresolved","","","pending_semantic_review"
"56717ddef8f0bbd8c8633172c8ca2c85c248dfd7","apps/cartera-back/src/routers/cofidi.ts","1521","console.error","❌ Error factura CUBE: {expr}","unresolved","unresolved","","","pending_semantic_review"
"56717ddef8f0bbd8c8633172c8ca2c85c248dfd7","apps/cartera-back/src/routers/cofidi.ts","1578","console.log","⏸️ Cuota {expr} NO está pagada todavía → se mantiene pendiente_facturar=true","unresolved","unresolved","","","pending_semantic_review"
"56717ddef8f0bbd8c8633172c8ca2c85c248dfd7","apps/cartera-back/src/routers/cofidi.ts","1581","console.log","⏸️ Hubo {expr} error(es) en el flujo nuevo → se mantiene pendiente_facturar=true","unresolved","unresolved","","","pending_semantic_review"
"56717ddef8f0bbd8c8633172c8ca2c85c248dfd7","apps/cartera-back/src/routers/cofidi.ts","1593","console.log","🎬 [SIMULACIÓN] No se marca pendiente_facturar=false (demo repetible). Filas: {expr}","unresolved","unresolved","","","pending_semantic_review"
"56717ddef8f0bbd8c8633172c8ca2c85c248dfd7","apps/cartera-back/src/routers/cofidi.ts","1595","console.log","✅ Cuota pagada + sin errores → marcando {expr} fila(s) como pendiente_facturar=false","unresolved","unresolved","","","pending_semantic_review"
"56717ddef8f0bbd8c8633172c8ca2c85c248dfd7","apps/cartera-back/src/routers/cofidi.ts","1601","console.log","✅ Filas actualizadas: {expr}","unresolved","unresolved","","","pending_semantic_review"
"56717ddef8f0bbd8c8633172c8ca2c85c248dfd7","apps/cartera-back/src/routers/cofidi.ts","1606","console.error","❌ Error marcando pendiente_facturar=false:","unresolved","unresolved","","","pending_semantic_review"
"56717ddef8f0bbd8c8633172c8ca2c85c248dfd7","apps/cartera-back/src/routers/cofidi.ts","1638","console.log","💰 Procesando INTERESES (Total con IVA: Q{expr})","unresolved","unresolved","","","pending_semantic_review"
"56717ddef8f0bbd8c8633172c8ca2c85c248dfd7","apps/cartera-back/src/routers/cofidi.ts","1647","console.log","🔍 Procesando: ""{expr}"" (emite_factura: {expr})","unresolved","unresolved","","","pending_semantic_review"
"56717ddef8f0bbd8c8633172c8ca2c85c248dfd7","apps/cartera-back/src/routers/cofidi.ts","1656","console.log","⏭️ {expr} - Es CUBE (se suma al final)","unresolved","unresolved","","","pending_semantic_review"
"56717ddef8f0bbd8c8633172c8ca2c85c248dfd7","apps/cartera-back/src/routers/cofidi.ts","1670","console.log","🔁 {expr} → REDIRIGIDO A CUBE (bandera_reinversion=true, status_espejo={expr}) | Q{expr}","unresolved","unresolved","","","pending_semantic_review"
"56717ddef8f0bbd8c8633172c8ca2c85c248dfd7","apps/cartera-back/src/routers/cofidi.ts","1680","console.log","⏭️ {expr} - Sin intereses","unresolved","unresolved","","","pending_semantic_review"
"56717ddef8f0bbd8c8633172c8ca2c85c248dfd7","apps/cartera-back/src/routers/cofidi.ts","1691","console.log","📊 Interés proporcional: Q{expr}","unresolved","unresolved","","","pending_semantic_review"
"56717ddef8f0bbd8c8633172c8ca2c85c248dfd7","apps/cartera-back/src/routers/cofidi.ts","1692","console.log","→ Parte inversionista ({expr}%): Q{expr}","unresolved","unresolved","","","pending_semantic_review"
"56717ddef8f0bbd8c8633172c8ca2c85c248dfd7","apps/cartera-back/src/routers/cofidi.ts","1693","console.log","→ Parte cash_in ({expr}%): Q{expr}","unresolved","unresolved","","","pending_semantic_review"
"56717ddef8f0bbd8c8633172c8ca2c85c248dfd7","apps/cartera-back/src/routers/cofidi.ts","1700","console.log","🔍 Match con facturador: {expr}","unresolved","unresolved","","","pending_semantic_review"
"56717ddef8f0bbd8c8633172c8ca2c85c248dfd7","apps/cartera-back/src/routers/cofidi.ts","1704","console.log","⏭️ {expr} - Emite su propia factura","unresolved","unresolved","","","pending_semantic_review"
"56717ddef8f0bbd8c8633172c8ca2c85c248dfd7","apps/cartera-back/src/routers/cofidi.ts","1710","console.log","⏭️ {expr} - Parte inversionista es 0","unresolved","unresolved","","","pending_semantic_review"
"56717ddef8f0bbd8c8633172c8ca2c85c248dfd7","apps/cartera-back/src/routers/cofidi.ts","1715","console.log","💼 Factura {expr}: Q{expr} (Base: Q{expr}, IVA: Q{expr})","unresolved","unresolved","","","pending_semantic_review"
"56717ddef8f0bbd8c8633172c8ca2c85c248dfd7","apps/cartera-back/src/routers/cofidi.ts","1793","console.log","✅ {expr}-{expr} (Emisor: {expr})","unresolved","unresolved","","","pending_semantic_review"
"56717ddef8f0bbd8c8633172c8ca2c85c248dfd7","apps/cartera-back/src/routers/cofidi.ts","1797","console.error","❌ Error: {expr}","unresolved","unresolved","","","pending_semantic_review"
"56717ddef8f0bbd8c8633172c8ca2c85c248dfd7","apps/cartera-back/src/routers/cofidi.ts","1808","console.log","📊 CUBE propio (residuo): Q{expr} (total Q{expr} - otros Q{expr})","unresolved","unresolved","","","pending_semantic_review"
"56717ddef8f0bbd8c8633172c8ca2c85c248dfd7","apps/cartera-back/src/routers/cofidi.ts","1816","console.log","📊 Cash-in acumulado de otros: Q{expr}","unresolved","unresolved","","","pending_semantic_review"
"56717ddef8f0bbd8c8633172c8ca2c85c248dfd7","apps/cartera-back/src/routers/cofidi.ts","1817","console.log","💵 Total CUBE: Q{expr} (residuo + cash_in)","unresolved","unresolved","","","pending_semantic_review"
"56717ddef8f0bbd8c8633172c8ca2c85c248dfd7","apps/cartera-back/src/routers/cofidi.ts","1821","console.log","💼 Generando factura CUBE...","unresolved","unresolved","","","pending_semantic_review"
"56717ddef8f0bbd8c8633172c8ca2c85c248dfd7","apps/cartera-back/src/routers/cofidi.ts","1882","console.log","✅ {expr}-{expr} (CUBE)","unresolved","unresolved","","","pending_semantic_review"
"56717ddef8f0bbd8c8633172c8ca2c85c248dfd7","apps/cartera-back/src/routers/cofidi.ts","1886","console.error","❌ Error factura CUBE: {expr}","unresolved","unresolved","","","pending_semantic_review"
"56717ddef8f0bbd8c8633172c8ca2c85c248dfd7","apps/cartera-back/src/routers/cofidi.ts","1902","console.log","🎉 Facturación completada","unresolved","unresolved","","","pending_semantic_review"
"56717ddef8f0bbd8c8633172c8ca2c85c248dfd7","apps/cartera-back/src/routers/cofidi.ts","1911","console.log","✅ Exitosas: {expr} | ❌ Errores: {expr}","unresolved","unresolved","","","pending_semantic_review"
"56717ddef8f0bbd8c8633172c8ca2c85c248dfd7","apps/cartera-back/src/routers/cofidi.ts","2059","console.log","🧾 Desglose facturación guardado: {expr} rubro(s) para pago {expr}","unresolved","unresolved","","","pending_semantic_review"
"56717ddef8f0bbd8c8633172c8ca2c85c248dfd7","apps/cartera-back/src/routers/cofidi.ts","2063","console.error","⚠️ No se pudo guardar facturacion_desglose para pago {expr} (NO afecta la facturación):","unresolved","unresolved","","","pending_semantic_review"
"56717ddef8f0bbd8c8633172c8ca2c85c248dfd7","apps/cartera-back/src/routers/cofidi.ts","2102","console.log","🔒 Reparto no congelado (pago {expr}): {expr}","unresolved","unresolved","","","pending_semantic_review"
"56717ddef8f0bbd8c8633172c8ca2c85c248dfd7","apps/cartera-back/src/routers/cofidi.ts","2104","console.log","🔒 Reparto no congelado (pago {expr}): el pago no tiene crédito asociado","unresolved","unresolved","","","pending_semantic_review"
"56717ddef8f0bbd8c8633172c8ca2c85c248dfd7","apps/cartera-back/src/routers/cofidi.ts","2126","console.log","🔒 Reparto no congelado (pago {expr}): {expr}","unresolved","unresolved","","","pending_semantic_review"
"56717ddef8f0bbd8c8633172c8ca2c85c248dfd7","apps/cartera-back/src/routers/cofidi.ts","2183","console.log","🔒 Reparto congelado: {expr} inversionista(s) para pago {expr}","unresolved","unresolved","","","pending_semantic_review"
"56717ddef8f0bbd8c8633172c8ca2c85c248dfd7","apps/cartera-back/src/routers/cofidi.ts","2190","console.error","⚠️ No se pudo congelar el reparto de interés del pago {expr} (NO afecta la facturación):","unresolved","unresolved","","","pending_semantic_review"
"56717ddef8f0bbd8c8633172c8ca2c85c248dfd7","apps/cartera-back/src/routers/cofidi.ts","2232","console.error","❌ Error facturando pago completo:","unresolved","unresolved","","","pending_semantic_review"
"56717ddef8f0bbd8c8633172c8ca2c85c248dfd7","apps/cartera-back/src/routers/cofidi.ts","2257","console.log","📥 Obteniendo DTE con UUID:","unresolved","unresolved","","","pending_semantic_review"
"56717ddef8f0bbd8c8633172c8ca2c85c248dfd7","apps/cartera-back/src/routers/cofidi.ts","2272","console.log","✅ Factura encontrada en BD:","unresolved","unresolved","","","pending_semantic_review"
"56717ddef8f0bbd8c8633172c8ca2c85c248dfd7","apps/cartera-back/src/routers/cofidi.ts","2328","console.error","❌ Error:","unresolved","unresolved","","","pending_semantic_review"
"56717ddef8f0bbd8c8633172c8ca2c85c248dfd7","apps/cartera-back/src/routers/cofidi.ts","2345","console.log","🚫 ========== INICIANDO ANULACIÓN DE FACTURA ==========","unresolved","unresolved","","","pending_semantic_review"
"56717ddef8f0bbd8c8633172c8ca2c85c248dfd7","apps/cartera-back/src/routers/cofidi.ts","2346","console.log","📝 UUID:","unresolved","unresolved","","","pending_semantic_review"
"56717ddef8f0bbd8c8633172c8ca2c85c248dfd7","apps/cartera-back/src/routers/cofidi.ts","2347","console.log","📝 Motivo:","unresolved","unresolved","","","pending_semantic_review"
"56717ddef8f0bbd8c8633172c8ca2c85c248dfd7","apps/cartera-back/src/routers/cofidi.ts","2348","console.log","👤 Usuario ID:","unresolved","unresolved","","","pending_semantic_review"
"56717ddef8f0bbd8c8633172c8ca2c85c248dfd7","apps/cartera-back/src/routers/cofidi.ts","2494","console.log","⏳ Anulación dentro de los {expr} días de gracia (factura del período anterior, hoy es {expr} en Guatemala)","unresolved","unresolved","","","pending_semantic_review"
"56717ddef8f0bbd8c8633172c8ca2c85c248dfd7","apps/cartera-back/src/routers/cofidi.ts","2495","console.log","⚠️ SAT tiene la última palabra: si responde OK, igual hay que verificar en el portal","unresolved","unresolved","","","pending_semantic_review"
"56717ddef8f0bbd8c8633172c8ca2c85c248dfd7","apps/cartera-back/src/routers/cofidi.ts","2498","console.log","✅ Factura encontrada y validada","unresolved","unresolved","","","pending_semantic_review"
"56717ddef8f0bbd8c8633172c8ca2c85c248dfd7","apps/cartera-back/src/routers/cofidi.ts","2499","console.log","📋 Detalles:","unresolved","unresolved","","","pending_semantic_review"
"56717ddef8f0bbd8c8633172c8ca2c85c248dfd7","apps/cartera-back/src/routers/cofidi.ts","2527","console.log","🔍 ========== FECHAS PREPARADAS ==========","unresolved","unresolved","","","pending_semantic_review"
"56717ddef8f0bbd8c8633172c8ca2c85c248dfd7","apps/cartera-back/src/routers/cofidi.ts","2528","console.log","📅 Fecha emisión original (BD):","unresolved","unresolved","","","pending_semantic_review"
"56717ddef8f0bbd8c8633172c8ca2c85c248dfd7","apps/cartera-back/src/routers/cofidi.ts","2529","console.log","📅 Fecha emisión formateada (XML):","unresolved","unresolved","","","pending_semantic_review"
"56717ddef8f0bbd8c8633172c8ca2c85c248dfd7","apps/cartera-back/src/routers/cofidi.ts","2530","console.log","📅 Fecha/hora anulación (XML):","unresolved","unresolved","","","pending_semantic_review"
"56717ddef8f0bbd8c8633172c8ca2c85c248dfd7","apps/cartera-back/src/routers/cofidi.ts","2531","console.log","📋 Tipo documento:","unresolved","unresolved","","","pending_semantic_review"
"56717ddef8f0bbd8c8633172c8ca2c85c248dfd7","apps/cartera-back/src/routers/cofidi.ts","2536","console.log","📡 Intentando anulación con cada emisor...","unresolved","unresolved","","","pending_semantic_review"
"56717ddef8f0bbd8c8633172c8ca2c85c248dfd7","apps/cartera-back/src/routers/cofidi.ts","2576","console.log","🔄 Intentando con {expr} (NIT: {expr})...","unresolved","unresolved","","","pending_semantic_review"
"56717ddef8f0bbd8c8633172c8ca2c85c248dfd7","apps/cartera-back/src/routers/cofidi.ts","2582","console.log","✅ Anulado exitosamente con {expr}","unresolved","unresolved","","","pending_semantic_review"
"56717ddef8f0bbd8c8633172c8ca2c85c248dfd7","apps/cartera-back/src/routers/cofidi.ts","2585","console.log","❌ {expr}: {expr}","unresolved","unresolved","","","pending_semantic_review"
"56717ddef8f0bbd8c8633172c8ca2c85c248dfd7","apps/cartera-back/src/routers/cofidi.ts","2587","console.log","❌ {expr}: Error - {expr}","unresolved","unresolved","","","pending_semantic_review"
"56717ddef8f0bbd8c8633172c8ca2c85c248dfd7","apps/cartera-back/src/routers/cofidi.ts","2593","console.error","❌ COFIDI rechazó la anulación","unresolved","unresolved","","","pending_semantic_review"
"56717ddef8f0bbd8c8633172c8ca2c85c248dfd7","apps/cartera-back/src/routers/cofidi.ts","2594","console.error","📋 Respuesta:","unresolved","unresolved","","","pending_semantic_review"
"56717ddef8f0bbd8c8633172c8ca2c85c248dfd7","apps/cartera-back/src/routers/cofidi.ts","2667","console.log","✅ Factura anulada exitosamente en COFIDI/SAT","unresolved","unresolved","","","pending_semantic_review"
"56717ddef8f0bbd8c8633172c8ca2c85c248dfd7","apps/cartera-back/src/routers/cofidi.ts","2668","console.log","📋 Respuesta COFIDI:","unresolved","unresolved","","","pending_semantic_review"
"56717ddef8f0bbd8c8633172c8ca2c85c248dfd7","apps/cartera-back/src/routers/cofidi.ts","2688","console.log","✅ Estado de factura actualizado en base de datos","unresolved","unresolved","","","pending_semantic_review"
"56717ddef8f0bbd8c8633172c8ca2c85c248dfd7","apps/cartera-back/src/routers/cofidi.ts","2699","console.error","⚠️ No se pudo limpiar el desglose genérico de la factura anulada (NO afecta la anulación):","unresolved","unresolved","","","pending_semantic_review"
"56717ddef8f0bbd8c8633172c8ca2c85c248dfd7","apps/cartera-back/src/routers/cofidi.ts","2724","console.error","⚠️ No se pudo limpiar el reparto congelado de la factura anulada (NO afecta la anulación):","unresolved","unresolved","","","pending_semantic_review"
"56717ddef8f0bbd8c8633172c8ca2c85c248dfd7","apps/cartera-back/src/routers/cofidi.ts","2780","console.error","❌ Error al actualizar base de datos","unresolved","unresolved","","","pending_semantic_review"
"56717ddef8f0bbd8c8633172c8ca2c85c248dfd7","apps/cartera-back/src/routers/cofidi.ts","2781","console.error","⚠️ IMPORTANTE: La factura SÍ fue anulada en SAT/COFIDI","unresolved","unresolved","","","pending_semantic_review"
"56717ddef8f0bbd8c8633172c8ca2c85c248dfd7","apps/cartera-back/src/routers/cofidi.ts","2782","console.error","Error:","unresolved","unresolved","","","pending_semantic_review"
"56717ddef8f0bbd8c8633172c8ca2c85c248dfd7","apps/cartera-back/src/routers/cofidi.ts","2821","console.error","❌ Error crítico en proceso de anulación:","unresolved","unresolved","","","pending_semantic_review"
"56717ddef8f0bbd8c8633172c8ca2c85c248dfd7","apps/cartera-back/src/routers/cofidi.ts","2885","console.log","📋 Obteniendo facturas del pago:","unresolved","unresolved","","","pending_semantic_review"
"56717ddef8f0bbd8c8633172c8ca2c85c248dfd7","apps/cartera-back/src/routers/cofidi.ts","2909","console.error","❌ Error:","unresolved","unresolved","","","pending_semantic_review"
"56717ddef8f0bbd8c8633172c8ca2c85c248dfd7","apps/cartera-back/src/routers/cofidi.ts","2930","console.log","📋 Obteniendo facturas del crédito:","unresolved","unresolved","","","pending_semantic_review"
"56717ddef8f0bbd8c8633172c8ca2c85c248dfd7","apps/cartera-back/src/routers/cofidi.ts","2992","console.error","❌ Error:","unresolved","unresolved","","","pending_semantic_review"
"56717ddef8f0bbd8c8633172c8ca2c85c248dfd7","apps/cartera-back/src/routers/cofidi.ts","3015","console.log","🔍 Consultando NIT en COFIDI:","unresolved","unresolved","","","pending_semantic_review"
"56717ddef8f0bbd8c8633172c8ca2c85c248dfd7","apps/cartera-back/src/routers/cofidi.ts","3055","console.error","❌ Error al consultar NIT:","unresolved","unresolved","","","pending_semantic_review"
"56717ddef8f0bbd8c8633172c8ca2c85c248dfd7","apps/cartera-back/src/routers/cofidi.ts","3074","console.log","🧪 ========== TEST DE CERTIFICACIÓN ==========","unresolved","unresolved","","","pending_semantic_review"
"56717ddef8f0bbd8c8633172c8ca2c85c248dfd7","apps/cartera-back/src/routers/cofidi.ts","3075","console.log","📝 Usando valores EXACTOS del JSON que funciona","unresolved","unresolved","","","pending_semantic_review"
"56717ddef8f0bbd8c8633172c8ca2c85c248dfd7","apps/cartera-back/src/routers/cofidi.ts","3140","console.log","✅ Items configurados:","unresolved","unresolved","","","pending_semantic_review"
"56717ddef8f0bbd8c8633172c8ca2c85c248dfd7","apps/cartera-back/src/routers/cofidi.ts","3141","console.log","✅ Total de abonos:","unresolved","unresolved","","","pending_semantic_review"
"56717ddef8f0bbd8c8633172c8ca2c85c248dfd7","apps/cartera-back/src/routers/cofidi.ts","3142","console.log","✅ Gran Total:","unresolved","unresolved","","","pending_semantic_review"
"56717ddef8f0bbd8c8633172c8ca2c85c248dfd7","apps/cartera-back/src/routers/cofidi.ts","3156","console.log","🎉 ========== CERTIFICACIÓN EXITOSA ==========","unresolved","unresolved","","","pending_semantic_review"
"56717ddef8f0bbd8c8633172c8ca2c85c248dfd7","apps/cartera-back/src/routers/cofidi.ts","3157","console.log","✅ Serie: {expr}","unresolved","unresolved","","","pending_semantic_review"
"56717ddef8f0bbd8c8633172c8ca2c85c248dfd7","apps/cartera-back/src/routers/cofidi.ts","3158","console.log","✅ Número: {expr}","unresolved","unresolved","","","pending_semantic_review"
"56717ddef8f0bbd8c8633172c8ca2c85c248dfd7","apps/cartera-back/src/routers/cofidi.ts","3159","console.log","✅ UUID: {expr}","unresolved","unresolved","","","pending_semantic_review"
"56717ddef8f0bbd8c8633172c8ca2c85c248dfd7","apps/cartera-back/src/routers/cofidi.ts","3160","console.log","✅ Total: Q{expr}","unresolved","unresolved","","","pending_semantic_review"
"56717ddef8f0bbd8c8633172c8ca2c85c248dfd7","apps/cartera-back/src/routers/cofidi.ts","3177","console.error","❌ ========== CERTIFICACIÓN FALLÓ ==========","unresolved","unresolved","","","pending_semantic_review"
"56717ddef8f0bbd8c8633172c8ca2c85c248dfd7","apps/cartera-back/src/routers/cofidi.ts","3178","console.error","Error:","unresolved","unresolved","","","pending_semantic_review"
"56717ddef8f0bbd8c8633172c8ca2c85c248dfd7","apps/cartera-back/src/routers/cofidi.ts","3194","console.error","❌ Error en test de certificación:","unresolved","unresolved","","","pending_semantic_review"
"56717ddef8f0bbd8c8633172c8ca2c85c248dfd7","apps/cartera-back/src/routers/cofidi.ts","3216","console.log","📋 ========== OBTENIENDO PAGO COMPLETO ==========","unresolved","unresolved","","","pending_semantic_review"
"56717ddef8f0bbd8c8633172c8ca2c85c248dfd7","apps/cartera-back/src/routers/cofidi.ts","3217","console.log","📝 Pago ID: {expr}","unresolved","unresolved","","","pending_semantic_review"
"56717ddef8f0bbd8c8633172c8ca2c85c248dfd7","apps/cartera-back/src/routers/cofidi.ts","3266","console.log","✅ Pago encontrado - Cliente: {expr}","unresolved","unresolved","","","pending_semantic_review"
"56717ddef8f0bbd8c8633172c8ca2c85c248dfd7","apps/cartera-back/src/routers/cofidi.ts","3297","console.log","📄 {expr} facturas encontradas","unresolved","unresolved","","","pending_semantic_review"
"56717ddef8f0bbd8c8633172c8ca2c85c248dfd7","apps/cartera-back/src/routers/cofidi.ts","3394","console.error","❌ Error obteniendo pago completo:","unresolved","unresolved","","","pending_semantic_review"
"56717ddef8f0bbd8c8633172c8ca2c85c248dfd7","apps/cartera-back/src/routers/cofidi.ts","3427","console.log","🔐 Usuario extraído del token: {expr}","unresolved","unresolved","","","pending_semantic_review"
"56717ddef8f0bbd8c8633172c8ca2c85c248dfd7","apps/cartera-back/src/routers/cofidi.ts","3429","console.error","⚠️ Error decodificando token:","unresolved","unresolved","","","pending_semantic_review"
"56717ddef8f0bbd8c8633172c8ca2c85c248dfd7","apps/cartera-back/src/routers/cofidi.ts","3434","console.log","🔥 ========== FACTURANDO GENÉRICO ==========","unresolved","unresolved","","","pending_semantic_review"
"56717ddef8f0bbd8c8633172c8ca2c85c248dfd7","apps/cartera-back/src/routers/cofidi.ts","3440","console.log","📝 NIT: {expr} | Items: {expr} | Usuario: {expr}","unresolved","unresolved","","","pending_semantic_review"
"56717ddef8f0bbd8c8633172c8ca2c85c248dfd7","apps/cartera-back/src/routers/cofidi.ts","3441","console.log","🏢 Emisor: {expr} ({expr})","unresolved","unresolved","","","pending_semantic_review"
"56717ddef8f0bbd8c8633172c8ca2c85c248dfd7","apps/cartera-back/src/routers/cofidi.ts","3472","console.log","✅ NIT validado en SAT: {expr}","unresolved","unresolved","","","pending_semantic_review"
"56717ddef8f0bbd8c8633172c8ca2c85c248dfd7","apps/cartera-back/src/routers/cofidi.ts","3482","console.log","👤 Receptor: {expr} ({expr})","unresolved","unresolved","","","pending_semantic_review"
"56717ddef8f0bbd8c8633172c8ca2c85c248dfd7","apps/cartera-back/src/routers/cofidi.ts","3517","console.log","📦 Item {expr}: {expr} - Q{expr}","unresolved","unresolved","","","pending_semantic_review"
"56717ddef8f0bbd8c8633172c8ca2c85c248dfd7","apps/cartera-back/src/routers/cofidi.ts","3540","console.log","💰 Total factura: Q{expr}","unresolved","unresolved","","","pending_semantic_review"
"56717ddef8f0bbd8c8633172c8ca2c85c248dfd7","apps/cartera-back/src/routers/cofidi.ts","3574","console.log","🎉 ========== FACTURA GENÉRICA GENERADA ==========","unresolved","unresolved","","","pending_semantic_review"
"56717ddef8f0bbd8c8633172c8ca2c85c248dfd7","apps/cartera-back/src/routers/cofidi.ts","3575","console.log","✅ Serie: {expr}-{expr}","unresolved","unresolved","","","pending_semantic_review"
"56717ddef8f0bbd8c8633172c8ca2c85c248dfd7","apps/cartera-back/src/routers/cofidi.ts","3576","console.log","✅ UUID: {expr}","unresolved","unresolved","","","pending_semantic_review"
"56717ddef8f0bbd8c8633172c8ca2c85c248dfd7","apps/cartera-back/src/routers/cofidi.ts","3641","console.log","🧾 Desglose genérico guardado: {expr} rubro(s) para factura {expr} (categoria={expr})","unresolved","unresolved","","","pending_semantic_review"
"56717ddef8f0bbd8c8633172c8ca2c85c248dfd7","apps/cartera-back/src/routers/cofidi.ts","3646","console.error","⚠️ No se pudo guardar el desglose genérico (NO afecta la facturación):","unresolved","unresolved","","","pending_semantic_review"
"56717ddef8f0bbd8c8633172c8ca2c85c248dfd7","apps/cartera-back/src/routers/cofidi.ts","3674","console.error","❌ Error facturando genérico:","unresolved","unresolved","","","pending_semantic_review"
"56717ddef8f0bbd8c8633172c8ca2c85c248dfd7","apps/cartera-back/src/routers/cofidi.ts","3728","console.log","📋 ========== BUSCANDO FACTURAS ==========","unresolved","unresolved","","","pending_semantic_review"
"56717ddef8f0bbd8c8633172c8ca2c85c248dfd7","apps/cartera-back/src/routers/cofidi.ts","3729","console.log","👤 Usuario: {expr} | 🏷️ NIT: {expr}","unresolved","unresolved","","","pending_semantic_review"
"56717ddef8f0bbd8c8633172c8ca2c85c248dfd7","apps/cartera-back/src/routers/cofidi.ts","3730","console.log","📅 Desde: {expr} | Hasta: {expr}","unresolved","unresolved","","","pending_semantic_review"
"56717ddef8f0bbd8c8633172c8ca2c85c248dfd7","apps/cartera-back/src/routers/cofidi.ts","3731","console.log","📊 Excel: {expr} | 📄 Página: {expr} | Límite: {expr}","unresolved","unresolved","","","pending_semantic_review"
"56717ddef8f0bbd8c8633172c8ca2c85c248dfd7","apps/cartera-back/src/routers/cofidi.ts","3797","console.log","✅ {expr} facturas {expr}","unresolved","unresolved","","","pending_semantic_review"
"56717ddef8f0bbd8c8633172c8ca2c85c248dfd7","apps/cartera-back/src/routers/cofidi.ts","3821","console.log","⚠️ No se pudo cargar el logo:","unresolved","unresolved","","","pending_semantic_review"
"56717ddef8f0bbd8c8633172c8ca2c85c248dfd7","apps/cartera-back/src/routers/cofidi.ts","3967","console.log","📊 Excel generado: {expr}","unresolved","unresolved","","","pending_semantic_review"
"56717ddef8f0bbd8c8633172c8ca2c85c248dfd7","apps/cartera-back/src/routers/cofidi.ts","4017","console.error","❌ Error buscando facturas:","unresolved","unresolved","","","pending_semantic_review"
"56717ddef8f0bbd8c8633172c8ca2c85c248dfd7","apps/cartera-back/src/routers/cofidi.ts","4072","console.error","⚠️ No se pudo registrar la recuperación en audit_logs:","unresolved","unresolved","","","pending_semantic_review"
"56717ddef8f0bbd8c8633172c8ca2c85c248dfd7","apps/cartera-back/src/routers/cofidi.ts","4131","console.log","⏳ Documento aún no visible; reintento en {expr}s...","unresolved","unresolved","","","pending_semantic_review"
"56717ddef8f0bbd8c8633172c8ca2c85c248dfd7","apps/cartera-back/src/routers/cofidi.ts","4158","console.error","⚠️ idInterno {expr}: {expr} documentos en COFIDI. Ambiguo, no se recupera.","unresolved","unresolved","","","pending_semantic_review"
"56717ddef8f0bbd8c8633172c8ca2c85c248dfd7","apps/cartera-back/src/routers/cofidi.ts","4189","console.error","<dynamic>","unresolved","unresolved","","","pending_semantic_review"
"56717ddef8f0bbd8c8633172c8ca2c85c248dfd7","apps/cartera-back/src/routers/cofidi.ts","4203","console.error","⚠️ {expr} salió en el índice pero GET_DOCUMENT no lo devolvió: {expr}","unresolved","unresolved","","","pending_semantic_review"
"56717ddef8f0bbd8c8633172c8ca2c85c248dfd7","apps/cartera-back/src/routers/cofidi.ts","4224","console.error","⚠️ El XML de {expr} no trae un NumeroAutorizacion utilizable. No se recupera.","unresolved","unresolved","","","pending_semantic_review"
"56717ddef8f0bbd8c8633172c8ca2c85c248dfd7","apps/cartera-back/src/routers/cofidi.ts","4230","console.error","⚠️ El XML devuelto es de {expr}, no de {expr}. No se recupera.","unresolved","unresolved","","","pending_semantic_review"
"56717ddef8f0bbd8c8633172c8ca2c85c248dfd7","apps/cartera-back/src/routers/cofidi.ts","4242","console.error","⚠️ El documento {expr} es del receptor {expr}, no de {expr}. No se recupera.","unresolved","unresolved","","","pending_semantic_review"
"56717ddef8f0bbd8c8633172c8ca2c85c248dfd7","apps/cartera-back/src/routers/cofidi.ts","4255","console.error","⚠️ No se pudo recuperar la factura por idInterno {expr}:","unresolved","unresolved","","","pending_semantic_review"
"56717ddef8f0bbd8c8633172c8ca2c85c248dfd7","apps/cartera-back/src/routers/cofidi.ts","4295","console.log","📄 ========== CERTIFICANDO FACTURA ==========","unresolved","unresolved","","","pending_semantic_review"
"56717ddef8f0bbd8c8633172c8ca2c85c248dfd7","apps/cartera-back/src/routers/cofidi.ts","4327","console.log","🎬 [SIMULACIÓN] Factura NO certificada en SAT — emisor {expr} | total Q{expr} | IVA Q{expr}","unresolved","unresolved","","","pending_semantic_review"
"56717ddef8f0bbd8c8633172c8ca2c85c248dfd7","apps/cartera-back/src/routers/cofidi.ts","4384","console.log","📦 Items: {expr}","unresolved","unresolved","","","pending_semantic_review"
"56717ddef8f0bbd8c8633172c8ca2c85c248dfd7","apps/cartera-back/src/routers/cofidi.ts","4385","console.log","📝 ID Interno: {expr}","unresolved","unresolved","","","pending_semantic_review"
"56717ddef8f0bbd8c8633172c8ca2c85c248dfd7","apps/cartera-back/src/routers/cofidi.ts","4386","console.log","🏢 Emisor NIT: {expr}","unresolved","unresolved","","","pending_semantic_review"
"56717ddef8f0bbd8c8633172c8ca2c85c248dfd7","apps/cartera-back/src/routers/cofidi.ts","4387","console.log","🏢 Emisor: {expr}","unresolved","unresolved","","","pending_semantic_review"
"56717ddef8f0bbd8c8633172c8ca2c85c248dfd7","apps/cartera-back/src/routers/cofidi.ts","4423","console.log","✅ Certificado en SAT: {expr}-{expr}","unresolved","unresolved","","","pending_semantic_review"
"56717ddef8f0bbd8c8633172c8ca2c85c248dfd7","apps/cartera-back/src/routers/cofidi.ts","4427","console.error","❌ Error en certificación SAT:","unresolved","unresolved","","","pending_semantic_review"
"56717ddef8f0bbd8c8633172c8ca2c85c248dfd7","apps/cartera-back/src/routers/cofidi.ts","4452","console.log","🔄 NIT ""{expr}"" inválido, reintentando con: ""{expr}""","unresolved","unresolved","","","pending_semantic_review"
"56717ddef8f0bbd8c8633172c8ca2c85c248dfd7","apps/cartera-back/src/routers/cofidi.ts","4489","console.log","♻️ Recuperada de COFIDI tras el fallo: {expr}-{expr} ({expr})","unresolved","unresolved","","","pending_semantic_review"
"56717ddef8f0bbd8c8633172c8ca2c85c248dfd7","apps/cartera-back/src/routers/cofidi.ts","4528","console.log","♻️ XML recuperado de COFIDI para {expr}-{expr}","unresolved","unresolved","","","pending_semantic_review"
"56717ddef8f0bbd8c8633172c8ca2c85c248dfd7","apps/cartera-back/src/routers/cofidi.ts","4586","console.log","🔄 Conversión: {expr} (SAT) -> {expr} (Guatemala GMT-6)","unresolved","unresolved","","","pending_semantic_review"
"56717ddef8f0bbd8c8633172c8ca2c85c248dfd7","apps/cartera-back/src/routers/cofidi.ts","4665","console.log","🔍 ========== FECHAS DE SAT (ANTES DE CONVERSIÓN) ==========","unresolved","unresolved","","","pending_semantic_review"
"56717ddef8f0bbd8c8633172c8ca2c85c248dfd7","apps/cartera-back/src/routers/cofidi.ts","4666","console.log","📅 Fecha emisión (SAT):","unresolved","unresolved","","","pending_semantic_review"
"56717ddef8f0bbd8c8633172c8ca2c85c248dfd7","apps/cartera-back/src/routers/cofidi.ts","4667","console.log","📅 Fecha certificación (SAT):","unresolved","unresolved","","","pending_semantic_review"
"56717ddef8f0bbd8c8633172c8ca2c85c248dfd7","apps/cartera-back/src/routers/cofidi.ts","4698","console.log","✅ Factura guardada en BD - ID: {expr}","unresolved","unresolved","","","pending_semantic_review"
"56717ddef8f0bbd8c8633172c8ca2c85c248dfd7","apps/cartera-back/src/routers/cofidi.ts","4699","console.log","📅 Fecha certificación guardada (Guatemala):","unresolved","unresolved","","","pending_semantic_review"
"56717ddef8f0bbd8c8633172c8ca2c85c248dfd7","apps/cartera-back/src/routers/cofidi.ts","4711","console.log","🎨 PDF encolado en background...","unresolved","unresolved","","","pending_semantic_review"
"56717ddef8f0bbd8c8633172c8ca2c85c248dfd7","apps/cartera-back/src/routers/cofidi.ts","4744","console.error","❌ Error certificando factura:","unresolved","unresolved","","","pending_semantic_review"
"56717ddef8f0bbd8c8633172c8ca2c85c248dfd7","apps/cartera-back/src/routers/creditosNuevosConAbonos.ts","29","console.error","[diagnosticoCreditosAbonos] Error:","unresolved","unresolved","","","pending_semantic_review"
"56717ddef8f0bbd8c8633172c8ca2c85c248dfd7","apps/cartera-back/src/routers/creditosNuevosConAbonos.ts","66","console.error","[creditosNuevosConAbonosRouter] Error:","unresolved","unresolved","","","pending_semantic_review"
"56717ddef8f0bbd8c8633172c8ca2c85c248dfd7","apps/cartera-back/src/routers/credits.ts","1063","console.error","Error en update-all:","unresolved","unresolved","","","pending_semantic_review"
"56717ddef8f0bbd8c8633172c8ca2c85c248dfd7","apps/cartera-back/src/routers/credits.ts","1080","console.log","📨 Solicitud de fusión recibida:","unresolved","unresolved","","","pending_semantic_review"
"56717ddef8f0bbd8c8633172c8ca2c85c248dfd7","apps/cartera-back/src/routers/credits.ts","1081","console.log","Origen: {expr}","unresolved","unresolved","","","pending_semantic_review"
"56717ddef8f0bbd8c8633172c8ca2c85c248dfd7","apps/cartera-back/src/routers/credits.ts","1082","console.log","Destino: {expr}","unresolved","unresolved","","","pending_semantic_review"
"56717ddef8f0bbd8c8633172c8ca2c85c248dfd7","apps/cartera-back/src/routers/credits.ts","1083","console.log","<empty>","unresolved","unresolved","","","pending_semantic_review"
"56717ddef8f0bbd8c8633172c8ca2c85c248dfd7","apps/cartera-back/src/routers/credits.ts","1105","console.error","❌ Error en el endpoint de fusión:","unresolved","unresolved","","","pending_semantic_review"
"56717ddef8f0bbd8c8633172c8ca2c85c248dfd7","apps/cartera-back/src/routers/credits.ts","1240","console.error","[ultima-cuota-pagada] Error:","unresolved","unresolved","","","pending_semantic_review"
"56717ddef8f0bbd8c8633172c8ca2c85c248dfd7","apps/cartera-back/src/routers/credits.ts","1439","console.error","❌ Error en /reparar-total-restante:","unresolved","unresolved","","","pending_semantic_review"
"56717ddef8f0bbd8c8633172c8ca2c85c248dfd7","apps/cartera-back/src/routers/cuentasExtraInversionista.ts","63","console.error","❌ Error en GET /cuentas-extra-inversionista:","unresolved","unresolved","","","pending_semantic_review"
"56717ddef8f0bbd8c8633172c8ca2c85c248dfd7","apps/cartera-back/src/routers/cuentasExtraInversionista.ts","99","console.error","❌ Error en GET /cuentas-extra-inversionista/inversionista/:inversionistaId:","unresolved","unresolved","","","pending_semantic_review"
"56717ddef8f0bbd8c8633172c8ca2c85c248dfd7","apps/cartera-back/src/routers/cuentasExtraInversionista.ts","131","console.error","❌ Error en GET /cuentas-extra-inversionista/:id:","unresolved","unresolved","","","pending_semantic_review"
"56717ddef8f0bbd8c8633172c8ca2c85c248dfd7","apps/cartera-back/src/routers/cuentasExtraInversionista.ts","167","console.error","❌ Error en POST /cuentas-extra-inversionista:","unresolved","unresolved","","","pending_semantic_review"
"56717ddef8f0bbd8c8633172c8ca2c85c248dfd7","apps/cartera-back/src/routers/cuentasExtraInversionista.ts","203","console.error","❌ Error en PUT /cuentas-extra-inversionista/:id:","unresolved","unresolved","","","pending_semantic_review"
"56717ddef8f0bbd8c8633172c8ca2c85c248dfd7","apps/cartera-back/src/routers/cuentasExtraInversionista.ts","239","console.error","❌ Error en DELETE /cuentas-extra-inversionista/:id:","unresolved","unresolved","","","pending_semantic_review"
"56717ddef8f0bbd8c8633172c8ca2c85c248dfd7","apps/cartera-back/src/routers/investor.ts","532","console.error","[GET /getInvestorMirrorSummary] Error:","unresolved","unresolved","","","pending_semantic_review"
"56717ddef8f0bbd8c8633172c8ca2c85c248dfd7","apps/cartera-back/src/routers/investor.ts","560","console.log","[liquidate-inversionista-pagos] Request body:","unresolved","unresolved","","","pending_semantic_review"
"56717ddef8f0bbd8c8633172c8ca2c85c248dfd7","apps/cartera-back/src/routers/investor.ts","576","console.warn","⚠️ ¡ALERTA! Se va a liquidar TODOS los pagos del sistema","unresolved","unresolved","","","pending_semantic_review"
"56717ddef8f0bbd8c8633172c8ca2c85c248dfd7","apps/cartera-back/src/routers/investor.ts","604","console.error","[liquidate-inversionista-pagos] Error:","unresolved","unresolved","","","pending_semantic_review"
"56717ddef8f0bbd8c8633172c8ca2c85c248dfd7","apps/cartera-back/src/routers/investor.ts","630","console.log","Generando PDF para inversionista ID:","unresolved","unresolved","","","pending_semantic_review"
"56717ddef8f0bbd8c8633172c8ca2c85c248dfd7","apps/cartera-back/src/routers/investor.ts","748","console.error","[POST /investor/excel] Error:","unresolved","unresolved","","","pending_semantic_review"
"56717ddef8f0bbd8c8633172c8ca2c85c248dfd7","apps/cartera-back/src/routers/investor.ts","809","console.error","[GET /investor/reporte-no-liquidados] Error:","unresolved","unresolved","","","pending_semantic_review"
"56717ddef8f0bbd8c8633172c8ca2c85c248dfd7","apps/cartera-back/src/routers/investor.ts","927","console.error","[investor/reporte-liquidados-masivo] Error:","unresolved","unresolved","","","pending_semantic_review"
"56717ddef8f0bbd8c8633172c8ca2c85c248dfd7","apps/cartera-back/src/routers/investor.ts","1040","console.error","[investor/reporte-liquidados] Error actualizando totales liquidación:","unresolved","unresolved","","","pending_semantic_review"
"56717ddef8f0bbd8c8633172c8ca2c85c248dfd7","apps/cartera-back/src/routers/investor.ts","1071","console.error","[investor/reporte-liquidados] Error en reinversión automática:","unresolved","unresolved","","","pending_semantic_review"
"56717ddef8f0bbd8c8633172c8ca2c85c248dfd7","apps/cartera-back/src/routers/investor.ts","1091","console.error","[investor/pdf-liquidados] Error:","unresolved","unresolved","","","pending_semantic_review"
"56717ddef8f0bbd8c8633172c8ca2c85c248dfd7","apps/cartera-back/src/routers/investor.ts","1167","console.error","[investor/ajustar-pagos-liquidacion] Error:","unresolved","unresolved","","","pending_semantic_review"
"56717ddef8f0bbd8c8633172c8ca2c85c248dfd7","apps/cartera-back/src/routers/investor.ts","1314","console.error","[investor/ajustar-pagos-liquidacion/bulk] Item {expr} (inv={expr}, liq={expr}) falló:","unresolved","unresolved","","","pending_semantic_review"
"56717ddef8f0bbd8c8633172c8ca2c85c248dfd7","apps/cartera-back/src/routers/investor.ts","1335","console.error","[investor/ajustar-pagos-liquidacion/bulk] Error generando XLSX:","unresolved","unresolved","","","pending_semantic_review"
"56717ddef8f0bbd8c8633172c8ca2c85c248dfd7","apps/cartera-back/src/routers/investor.ts","1370","console.error","[investor/revertir-liquidacion] Error:","unresolved","unresolved","","","pending_semantic_review"
"56717ddef8f0bbd8c8633172c8ca2c85c248dfd7","apps/cartera-back/src/routers/investor.ts","1410","console.error","[investor/revertir-compras-ultima-liquidacion] Error:","unresolved","unresolved","","","pending_semantic_review"
"56717ddef8f0bbd8c8633172c8ca2c85c248dfd7","apps/cartera-back/src/routers/investor.ts","1450","console.error","[investor/resumen-transferencias] Error:","unresolved","unresolved","","","pending_semantic_review"
"56717ddef8f0bbd8c8633172c8ca2c85c248dfd7","apps/cartera-back/src/routers/investor.ts","1546","console.log","🔍 Procesando pagos pendientes para inversionista {expr}","unresolved","unresolved","","","pending_semantic_review"
"56717ddef8f0bbd8c8633172c8ca2c85c248dfd7","apps/cartera-back/src/routers/investor.ts","1547","console.log","🎯 Generar pagos: {expr}","unresolved","unresolved","","","pending_semantic_review"
"56717ddef8f0bbd8c8633172c8ca2c85c248dfd7","apps/cartera-back/src/routers/investor.ts","1579","console.error","❌ Error en POST /pagos-pendientes/generar:","unresolved","unresolved","","","pending_semantic_review"
"56717ddef8f0bbd8c8633172c8ca2c85c248dfd7","apps/cartera-back/src/routers/investor.ts","1650","console.error","[GET /liquidaciones] Error:","unresolved","unresolved","","","pending_semantic_review"
"56717ddef8f0bbd8c8633172c8ca2c85c248dfd7","apps/cartera-back/src/routers/investor.ts","1695","console.error","[GET /inversionistas/rendimiento] Error:","unresolved","unresolved","","","pending_semantic_review"
"56717ddef8f0bbd8c8633172c8ca2c85c248dfd7","apps/cartera-back/src/routers/investor.ts","1722","console.log","📝 [POST /boletas] Body:","unresolved","unresolved","","","pending_semantic_review"
"56717ddef8f0bbd8c8633172c8ca2c85c248dfd7","apps/cartera-back/src/routers/investor.ts","1736","console.error","❌ [POST /boletas] Error:","unresolved","unresolved","","","pending_semantic_review"
"56717ddef8f0bbd8c8633172c8ca2c85c248dfd7","apps/cartera-back/src/routers/investor.ts","1766","console.log","🔍 [GET /boletas/{expr}]","unresolved","unresolved","","","pending_semantic_review"
"56717ddef8f0bbd8c8633172c8ca2c85c248dfd7","apps/cartera-back/src/routers/investor.ts","1776","console.error","❌ [GET /boletas/{expr}] Error:","unresolved","unresolved","","","pending_semantic_review"
"56717ddef8f0bbd8c8633172c8ca2c85c248dfd7","apps/cartera-back/src/routers/investor.ts","1799","console.log","📋 [GET /boletas] Query:","unresolved","unresolved","","","pending_semantic_review"
"56717ddef8f0bbd8c8633172c8ca2c85c248dfd7","apps/cartera-back/src/routers/investor.ts","1815","console.error","❌ [GET /boletas] Error:","unresolved","unresolved","","","pending_semantic_review"
"56717ddef8f0bbd8c8633172c8ca2c85c248dfd7","apps/cartera-back/src/routers/investor.ts","1842","console.log","📋 [GET /boletas/pendientes] Query:","unresolved","unresolved","","","pending_semantic_review"
"56717ddef8f0bbd8c8633172c8ca2c85c248dfd7","apps/cartera-back/src/routers/investor.ts","1855","console.error","❌ [GET /boletas/pendientes] Error:","unresolved","unresolved","","","pending_semantic_review"
"56717ddef8f0bbd8c8633172c8ca2c85c248dfd7","apps/cartera-back/src/routers/investor.ts","1879","console.log","✏️ [PATCH /boletas/{expr}] Body:","unresolved","unresolved","","","pending_semantic_review"
"56717ddef8f0bbd8c8633172c8ca2c85c248dfd7","apps/cartera-back/src/routers/investor.ts","1890","console.error","❌ [PATCH /boletas/{expr}] Error:","unresolved","unresolved","","","pending_semantic_review"
"56717ddef8f0bbd8c8633172c8ca2c85c248dfd7","apps/cartera-back/src/routers/investor.ts","1920","console.log","🔄 [POST /boletas/{expr}/procesar]","unresolved","unresolved","","","pending_semantic_review"
"56717ddef8f0bbd8c8633172c8ca2c85c248dfd7","apps/cartera-back/src/routers/investor.ts","1931","console.error","❌ [POST /boletas/{expr}/procesar] Error:","unresolved","unresolved","","","pending_semantic_review"
"56717ddef8f0bbd8c8633172c8ca2c85c248dfd7","apps/cartera-back/src/routers/investor.ts","1954","console.log","🔄 [POST /boletas/{expr}/revertir]","unresolved","unresolved","","","pending_semantic_review"
"56717ddef8f0bbd8c8633172c8ca2c85c248dfd7","apps/cartera-back/src/routers/investor.ts","1965","console.error","❌ [POST /boletas/{expr}/revertir] Error:","unresolved","unresolved","","","pending_semantic_review"
"56717ddef8f0bbd8c8633172c8ca2c85c248dfd7","apps/cartera-back/src/routers/investor.ts","1988","console.log","🗑️ [DELETE /boletas/{expr}]","unresolved","unresolved","","","pending_semantic_review"
"56717ddef8f0bbd8c8633172c8ca2c85c248dfd7","apps/cartera-back/src/routers/investor.ts","1999","console.error","❌ [DELETE /boletas/{expr}] Error:","unresolved","unresolved","","","pending_semantic_review"
"56717ddef8f0bbd8c8633172c8ca2c85c248dfd7","apps/cartera-back/src/routers/investor.ts","2023","console.log","📊 [GET /boletas/stats] Query:","unresolved","unresolved","","","pending_semantic_review"
"56717ddef8f0bbd8c8633172c8ca2c85c248dfd7","apps/cartera-back/src/routers/investor.ts","2035","console.error","❌ [GET /boletas/stats] Error:","unresolved","unresolved","","","pending_semantic_review"
"56717ddef8f0bbd8c8633172c8ca2c85c248dfd7","apps/cartera-back/src/routers/investor.ts","2060","console.log","🚀 POST /calcularPagosEspejo → inversionistaId: {expr}, fecha_calculo: {expr}","unresolved","unresolved","","","pending_semantic_review"
"56717ddef8f0bbd8c8633172c8ca2c85c248dfd7","apps/cartera-back/src/routers/investor.ts","2087","console.error","❌ Error en POST /calcularPagosEspejo:","unresolved","unresolved","","","pending_semantic_review"
"56717ddef8f0bbd8c8633172c8ca2c85c248dfd7","apps/cartera-back/src/routers/investor.ts","2162","console.log","🔄 POST /recalcularPagosEspejo → {expr} pago(s) recibidos","unresolved","unresolved","","","pending_semantic_review"
"56717ddef8f0bbd8c8633172c8ca2c85c248dfd7","apps/cartera-back/src/routers/investor.ts","2175","console.error","❌ Error en POST /recalcularPagosEspejo:","unresolved","unresolved","","","pending_semantic_review"
"56717ddef8f0bbd8c8633172c8ca2c85c248dfd7","apps/cartera-back/src/routers/investor.ts","2225","console.log","📥 POST /aplicarPagosEspejo","unresolved","unresolved","","","pending_semantic_review"
"56717ddef8f0bbd8c8633172c8ca2c85c248dfd7","apps/cartera-back/src/routers/investor.ts","2234","console.error","❌ Error en POST /aplicarPagosEspejo:","unresolved","unresolved","","","pending_semantic_review"
"56717ddef8f0bbd8c8633172c8ca2c85c248dfd7","apps/cartera-back/src/routers/investor.ts","2271","console.log","🗑️ DELETE /deletePagosEspejoNoLiquidados (ID: {expr})","unresolved","unresolved","","","pending_semantic_review"
"56717ddef8f0bbd8c8633172c8ca2c85c248dfd7","apps/cartera-back/src/routers/investor.ts","2286","console.error","<dynamic>","unresolved","unresolved","","","pending_semantic_review"
"56717ddef8f0bbd8c8633172c8ca2c85c248dfd7","apps/cartera-back/src/routers/investor.ts","2322","console.error","[GET /creditos-espejo-pendientes] Error:","unresolved","unresolved","","","pending_semantic_review"
"56717ddef8f0bbd8c8633172c8ca2c85c248dfd7","apps/cartera-back/src/routers/investor.ts","2365","console.error","[GET /inversionistas/{expr}/simulacion] Error:","unresolved","unresolved","","","pending_semantic_review"
"56717ddef8f0bbd8c8633172c8ca2c85c248dfd7","apps/cartera-back/src/routers/investorDocuments.ts","58","console.error","Error al crear documento:","unresolved","unresolved","","","pending_semantic_review"
"56717ddef8f0bbd8c8633172c8ca2c85c248dfd7","apps/cartera-back/src/routers/investorDocuments.ts","101","console.error","Error al obtener documentos (admin):","unresolved","unresolved","","","pending_semantic_review"
"56717ddef8f0bbd8c8633172c8ca2c85c248dfd7","apps/cartera-back/src/routers/investorDocuments.ts","152","console.error","Error al obtener documentos (client):","unresolved","unresolved","","","pending_semantic_review"
"56717ddef8f0bbd8c8633172c8ca2c85c248dfd7","apps/cartera-back/src/routers/investorDocuments.ts","192","console.error","Error al actualizar visibilidad:","unresolved","unresolved","","","pending_semantic_review"
"56717ddef8f0bbd8c8633172c8ca2c85c248dfd7","apps/cartera-back/src/routers/investorDocuments.ts","244","console.error","Error al eliminar documento:","unresolved","unresolved","","","pending_semantic_review"
"56717ddef8f0bbd8c8633172c8ca2c85c248dfd7","apps/cartera-back/src/routers/latefee.ts","215","console.log","🔥 ========== PROCESANDO MORAS MANUALMENTE ==========","unresolved","unresolved","","","pending_semantic_review"
"56717ddef8f0bbd8c8633172c8ca2c85c248dfd7","apps/cartera-back/src/routers/latefee.ts","224","console.error","❌ Error procesando moras:","unresolved","unresolved","","","pending_semantic_review"
"56717ddef8f0bbd8c8633172c8ca2c85c248dfd7","apps/cartera-back/src/routers/midleware.ts","19","console.log","✅ Token decodificado:","unresolved","unresolved","","","pending_semantic_review"
"56717ddef8f0bbd8c8633172c8ca2c85c248dfd7","apps/cartera-back/src/routers/midleware.ts","25","console.error","❌ Error en jwt.verify:","unresolved","unresolved","","","pending_semantic_review"
"56717ddef8f0bbd8c8633172c8ca2c85c248dfd7","apps/cartera-back/src/routers/migration.ts","142","console.log","<dynamic>","unresolved","unresolved","","","pending_semantic_review"
"56717ddef8f0bbd8c8633172c8ca2c85c248dfd7","apps/cartera-back/src/routers/migration.ts","153","console.error","❌ Error en /syncClienteConPrestamos:","unresolved","unresolved","","","pending_semantic_review"
"56717ddef8f0bbd8c8633172c8ca2c85c248dfd7","apps/cartera-back/src/routers/migration.ts","185","console.log","🚀 Iniciando búsqueda de crédito en Excel...","unresolved","unresolved","","","pending_semantic_review"
"56717ddef8f0bbd8c8633172c8ca2c85c248dfd7","apps/cartera-back/src/routers/migration.ts","196","console.error","❌ Error en /excel/credito:","unresolved","unresolved","","","pending_semantic_review"
"56717ddef8f0bbd8c8633172c8ca2c85c248dfd7","apps/cartera-back/src/routers/migration.ts","219","console.log","<dynamic>","unresolved","unresolved","","","pending_semantic_review"
"56717ddef8f0bbd8c8633172c8ca2c85c248dfd7","apps/cartera-back/src/routers/migration.ts","236","console.error","❌ Error en /excel/inversionistas:","unresolved","unresolved","","","pending_semantic_review"
"56717ddef8f0bbd8c8633172c8ca2c85c248dfd7","apps/cartera-back/src/routers/migration.ts","260","console.log","🚀 Iniciando sincronización masiva de créditos con detalle...","unresolved","unresolved","","","pending_semantic_review"
"56717ddef8f0bbd8c8633172c8ca2c85c248dfd7","apps/cartera-back/src/routers/migration.ts","270","console.error","❌ Error en /excel/creditos/detalle:","unresolved","unresolved","","","pending_semantic_review"
"56717ddef8f0bbd8c8633172c8ca2c85c248dfd7","apps/cartera-back/src/routers/migration.ts","291","console.log","[sync-credit-payments] Inicio{expr}","unresolved","unresolved","","","pending_semantic_review"
"56717ddef8f0bbd8c8633172c8ca2c85c248dfd7","apps/cartera-back/src/routers/migration.ts","313","console.log","[ERROR] /sync-credit-payments:","unresolved","unresolved","","","pending_semantic_review"
"56717ddef8f0bbd8c8633172c8ca2c85c248dfd7","apps/cartera-back/src/routers/migration.ts","332","console.log","[sync-creditos-mora] Iniciando procesamiento de mora...","unresolved","unresolved","","","pending_semantic_review"
"56717ddef8f0bbd8c8633172c8ca2c85c248dfd7","apps/cartera-back/src/routers/migration.ts","349","console.error","[ERROR] /sync-creditos-mora:","unresolved","unresolved","","","pending_semantic_review"
"56717ddef8f0bbd8c8633172c8ca2c85c248dfd7","apps/cartera-back/src/routers/migration.ts","464","console.log","📥 Recibiendo crédito: {expr}","unresolved","unresolved","","","pending_semantic_review"
"56717ddef8f0bbd8c8633172c8ca2c85c248dfd7","apps/cartera-back/src/routers/migration.ts","497","console.log","📥 ========== RECIBIENDO SOLICITUD ==========","unresolved","unresolved","","","pending_semantic_review"
"56717ddef8f0bbd8c8633172c8ca2c85c248dfd7","apps/cartera-back/src/routers/migration.ts","498","console.log","📋 Crédito: {expr}","unresolved","unresolved","","","pending_semantic_review"
"56717ddef8f0bbd8c8633172c8ca2c85c248dfd7","apps/cartera-back/src/routers/migration.ts","499","console.log","👥 Filas: {expr}","unresolved","unresolved","","","pending_semantic_review"
"56717ddef8f0bbd8c8633172c8ca2c85c248dfd7","apps/cartera-back/src/routers/migration.ts","507","console.log","🎯 Modo interactivo activado (umbral: {expr}%)","unresolved","unresolved","","","pending_semantic_review"
"56717ddef8f0bbd8c8633172c8ca2c85c248dfd7","apps/cartera-back/src/routers/migration.ts","511","console.log","👤 Decisiones del usuario recibidas: {expr}","unresolved","unresolved","","","pending_semantic_review"
"56717ddef8f0bbd8c8633172c8ca2c85c248dfd7","apps/cartera-back/src/routers/migration.ts","513","console.log","- {expr} → ID {expr}","unresolved","unresolved","","","pending_semantic_review"
"56717ddef8f0bbd8c8633172c8ca2c85c248dfd7","apps/cartera-back/src/routers/migration.ts","524","console.log","❓ Esperando decisiones del usuario...","unresolved","unresolved","","","pending_semantic_review"
"56717ddef8f0bbd8c8633172c8ca2c85c248dfd7","apps/cartera-back/src/routers/migration.ts","536","console.error","❌ Error en endpoint:","unresolved","unresolved","","","pending_semantic_review"
"56717ddef8f0bbd8c8633172c8ca2c85c248dfd7","apps/cartera-back/src/routers/migration.ts","584","console.log","📥 ========== /processFromExcelFull ==========","unresolved","unresolved","","","pending_semantic_review"
"56717ddef8f0bbd8c8633172c8ca2c85c248dfd7","apps/cartera-back/src/routers/migration.ts","585","console.log","📋 Crédito: {expr}","unresolved","unresolved","","","pending_semantic_review"
"56717ddef8f0bbd8c8633172c8ca2c85c248dfd7","apps/cartera-back/src/routers/migration.ts","586","console.log","📌 Hasta cuota: {expr}","unresolved","unresolved","","","pending_semantic_review"
"56717ddef8f0bbd8c8633172c8ca2c85c248dfd7","apps/cartera-back/src/routers/migration.ts","600","console.error","❌ Error en /processFromExcelFull:","unresolved","unresolved","","","pending_semantic_review"
"56717ddef8f0bbd8c8633172c8ca2c85c248dfd7","apps/cartera-back/src/routers/migration.ts","632","console.log","🔥 ========== REQUEST RECIBIDO ==========","unresolved","unresolved","","","pending_semantic_review"
"56717ddef8f0bbd8c8633172c8ca2c85c248dfd7","apps/cartera-back/src/routers/migration.ts","633","console.log","👤 Inversionista: {expr}","unresolved","unresolved","","","pending_semantic_review"
"56717ddef8f0bbd8c8633172c8ca2c85c248dfd7","apps/cartera-back/src/routers/migration.ts","634","console.log","📊 Total liquidaciones: {expr}","unresolved","unresolved","","","pending_semantic_review"
"56717ddef8f0bbd8c8633172c8ca2c85c248dfd7","apps/cartera-back/src/routers/migration.ts","659","console.error","❌ Error en endpoint batch inteligente:","unresolved","unresolved","","","pending_semantic_review"
"56717ddef8f0bbd8c8633172c8ca2c85c248dfd7","apps/cartera-back/src/routers/migration.ts","726","console.log","🔥 ========== MARCAR LIQUIDADO INVERSIONISTAS ==========","unresolved","unresolved","","","pending_semantic_review"
"56717ddef8f0bbd8c8633172c8ca2c85c248dfd7","apps/cartera-back/src/routers/migration.ts","727","console.log","👤 Inversionista: {expr}","unresolved","unresolved","","","pending_semantic_review"
"56717ddef8f0bbd8c8633172c8ca2c85c248dfd7","apps/cartera-back/src/routers/migration.ts","728","console.log","🧑 Cliente: {expr}","unresolved","unresolved","","","pending_semantic_review"
"56717ddef8f0bbd8c8633172c8ca2c85c248dfd7","apps/cartera-back/src/routers/migration.ts","729","console.log","📅 Cuota mes: {expr}","unresolved","unresolved","","","pending_semantic_review"
"56717ddef8f0bbd8c8633172c8ca2c85c248dfd7","apps/cartera-back/src/routers/migration.ts","745","console.error","❌ Error en /marcar-liquidado-inversionistas:","unresolved","unresolved","","","pending_semantic_review"
"56717ddef8f0bbd8c8633172c8ca2c85c248dfd7","apps/cartera-back/src/routers/payments.ts","98","console.error","❌ Error en /paymentByCredit:","unresolved","unresolved","","","pending_semantic_review"
"56717ddef8f0bbd8c8633172c8ca2c85c248dfd7","apps/cartera-back/src/routers/payments.ts","115","console.error","❌ Error en /recibo-pago:","unresolved","unresolved","","","pending_semantic_review"
"56717ddef8f0bbd8c8633172c8ca2c85c248dfd7","apps/cartera-back/src/routers/payments.ts","157","console.log","[liquidate-pagos-inversionistas] Request body:","unresolved","unresolved","","","pending_semantic_review"
"56717ddef8f0bbd8c8633172c8ca2c85c248dfd7","apps/cartera-back/src/routers/payments.ts","188","console.error","[liquidate-pagos-inversionistas] Error:","unresolved","unresolved","","","pending_semantic_review"
"56717ddef8f0bbd8c8633172c8ca2c85c248dfd7","apps/cartera-back/src/routers/payments.ts","353","console.error","❌ Error en /reportes/pagos-inversionistas:","unresolved","unresolved","","","pending_semantic_review"
"56717ddef8f0bbd8c8633172c8ca2c85c248dfd7","apps/cartera-back/src/routers/payments.ts","430","console.error","Error en /pagos-por-vencimiento:","unresolved","unresolved","","","pending_semantic_review"
"56717ddef8f0bbd8c8633172c8ca2c85c248dfd7","apps/cartera-back/src/routers/payments.ts","465","console.error","Error en /pagos-por-vencimiento/acumulado:","unresolved","unresolved","","","pending_semantic_review"
"56717ddef8f0bbd8c8633172c8ca2c85c248dfd7","apps/cartera-back/src/routers/payments.ts","493","console.error","Error en /pagos-por-vencimiento/abonos:","unresolved","unresolved","","","pending_semantic_review"
"56717ddef8f0bbd8c8633172c8ca2c85c248dfd7","apps/cartera-back/src/routers/payments.ts","565","console.error","Error en el endpoint aplicar-pago:","unresolved","unresolved","","","pending_semantic_review"
"56717ddef8f0bbd8c8633172c8ca2c85c248dfd7","apps/cartera-back/src/routers/payments.ts","623","console.error","❌ Error en POST /pagos/actualizar-cuenta:","unresolved","unresolved","","","pending_semantic_review"
"56717ddef8f0bbd8c8633172c8ca2c85c248dfd7","apps/cartera-back/src/routers/payments.ts","651","console.log","📂 Leyendo archivo: {expr}","unresolved","unresolved","","","pending_semantic_review"
"56717ddef8f0bbd8c8633172c8ca2c85c248dfd7","apps/cartera-back/src/routers/payments.ts","668","console.log","🚨 Procesando DISCREPANCIAS ({expr})...","unresolved","unresolved","","","pending_semantic_review"
"56717ddef8f0bbd8c8633172c8ca2c85c248dfd7","apps/cartera-back/src/routers/payments.ts","684","console.log","📌 [DISCREPANCIA] Crédito: {expr}","unresolved","unresolved","","","pending_semantic_review"
"56717ddef8f0bbd8c8633172c8ca2c85c248dfd7","apps/cartera-back/src/routers/payments.ts","711","console.log","✅ Procesando COINCIDENCIAS ({expr})...","unresolved","unresolved","","","pending_semantic_review"
"56717ddef8f0bbd8c8633172c8ca2c85c248dfd7","apps/cartera-back/src/routers/payments.ts","718","console.log","🎉 PROCESO COMPLETO","unresolved","unresolved","","","pending_semantic_review"
"56717ddef8f0bbd8c8633172c8ca2c85c248dfd7","apps/cartera-back/src/routers/payments.ts","719","console.log","✅ Exitosos: {expr}","unresolved","unresolved","","","pending_semantic_review"
"56717ddef8f0bbd8c8633172c8ca2c85c248dfd7","apps/cartera-back/src/routers/payments.ts","720","console.log","❌ Errores: {expr}","unresolved","unresolved","","","pending_semantic_review"
"56717ddef8f0bbd8c8633172c8ca2c85c248dfd7","apps/cartera-back/src/routers/payments.ts","765","console.error","❌ Error ajustando crédito {expr}:","unresolved","unresolved","","","pending_semantic_review"
"56717ddef8f0bbd8c8633172c8ca2c85c248dfd7","apps/cartera-back/src/routers/payments.ts","795","console.log","📂 Leyendo archivo: {expr}","unresolved","unresolved","","","pending_semantic_review"
"56717ddef8f0bbd8c8633172c8ca2c85c248dfd7","apps/cartera-back/src/routers/payments.ts","802","console.log","📦 JSON leído exitosamente","unresolved","unresolved","","","pending_semantic_review"
"56717ddef8f0bbd8c8633172c8ca2c85c248dfd7","apps/cartera-back/src/routers/payments.ts","803","console.log","📊 Total de elementos en el JSON: {expr}","unresolved","unresolved","","","pending_semantic_review"
"56717ddef8f0bbd8c8633172c8ca2c85c248dfd7","apps/cartera-back/src/routers/payments.ts","815","console.error","❌ Error leyendo o procesando archivo:","unresolved","unresolved","","","pending_semantic_review"
"56717ddef8f0bbd8c8633172c8ca2c85c248dfd7","apps/cartera-back/src/routers/payments.ts","838","console.log","📂 Leyendo archivo: {expr}","unresolved","unresolved","","","pending_semantic_review"
"56717ddef8f0bbd8c8633172c8ca2c85c248dfd7","apps/cartera-back/src/routers/payments.ts","845","console.log","📦 JSON leído exitosamente","unresolved","unresolved","","","pending_semantic_review"
"56717ddef8f0bbd8c8633172c8ca2c85c248dfd7","apps/cartera-back/src/routers/payments.ts","846","console.log","📊 Total de elementos en el JSON: {expr}","unresolved","unresolved","","","pending_semantic_review"
"56717ddef8f0bbd8c8633172c8ca2c85c248dfd7","apps/cartera-back/src/routers/payments.ts","858","console.error","❌ Error leyendo o procesando archivo:","unresolved","unresolved","","","pending_semantic_review"
"56717ddef8f0bbd8c8633172c8ca2c85c248dfd7","apps/cartera-back/src/routers/payments.ts","882","console.log","🎯 Procesando UN crédito: {expr}","unresolved","unresolved","","","pending_semantic_review"
"56717ddef8f0bbd8c8633172c8ca2c85c248dfd7","apps/cartera-back/src/routers/payments.ts","891","console.error","❌ Error procesando crédito:","unresolved","unresolved","","","pending_semantic_review"
"56717ddef8f0bbd8c8633172c8ca2c85c248dfd7","apps/cartera-back/src/routers/payments.ts","928","console.log","📂 Leyendo archivo de coincidencias: {expr}","unresolved","unresolved","","","pending_semantic_review"
"56717ddef8f0bbd8c8633172c8ca2c85c248dfd7","apps/cartera-back/src/routers/payments.ts","936","console.log","📦 JSON de coincidencias leído exitosamente","unresolved","unresolved","","","pending_semantic_review"
"56717ddef8f0bbd8c8633172c8ca2c85c248dfd7","apps/cartera-back/src/routers/payments.ts","937","console.log","📊 Total de coincidencias: {expr}","unresolved","unresolved","","","pending_semantic_review"
"56717ddef8f0bbd8c8633172c8ca2c85c248dfd7","apps/cartera-back/src/routers/payments.ts","948","console.log","📂 Leyendo archivo de últimos pagos: {expr}","unresolved","unresolved","","","pending_semantic_review"
"56717ddef8f0bbd8c8633172c8ca2c85c248dfd7","apps/cartera-back/src/routers/payments.ts","951","console.log","📦 JSON de pagos leído exitosamente","unresolved","unresolved","","","pending_semantic_review"
"56717ddef8f0bbd8c8633172c8ca2c85c248dfd7","apps/cartera-back/src/routers/payments.ts","952","console.log","📊 Total de registros en pagos: {expr}","unresolved","unresolved","","","pending_semantic_review"
"56717ddef8f0bbd8c8633172c8ca2c85c248dfd7","apps/cartera-back/src/routers/payments.ts","962","console.log","🔄 Procesando crédito con coincidencia: {expr}","unresolved","unresolved","","","pending_semantic_review"
"56717ddef8f0bbd8c8633172c8ca2c85c248dfd7","apps/cartera-back/src/routers/payments.ts","969","console.log","⚠️ Crédito {expr} no encontrado en archivo de pagos","unresolved","unresolved","","","pending_semantic_review"
"56717ddef8f0bbd8c8633172c8ca2c85c248dfd7","apps/cartera-back/src/routers/payments.ts","978","console.log","🔍 Crédito {expr} encontrado - Último pago: {expr}, Hasta cuota: {expr}","unresolved","unresolved","","","pending_semantic_review"
"56717ddef8f0bbd8c8633172c8ca2c85c248dfd7","apps/cartera-back/src/routers/payments.ts","981","console.log","📥 Mapeando pagos desde SIFCO para {expr}...","unresolved","unresolved","","","pending_semantic_review"
"56717ddef8f0bbd8c8633172c8ca2c85c248dfd7","apps/cartera-back/src/routers/payments.ts","983","console.log","✅ Pagos mapeados para {expr}","unresolved","unresolved","","","pending_semantic_review"
"56717ddef8f0bbd8c8633172c8ca2c85c248dfd7","apps/cartera-back/src/routers/payments.ts","986","console.log","✏️ Marcando cuotas como pagadas hasta {expr} para {expr}...","unresolved","unresolved","","","pending_semantic_review"
"56717ddef8f0bbd8c8633172c8ca2c85c248dfd7","apps/cartera-back/src/routers/payments.ts","991","console.log","✅ Cuotas marcadas para {expr}","unresolved","unresolved","","","pending_semantic_review"
"56717ddef8f0bbd8c8633172c8ca2c85c248dfd7","apps/cartera-back/src/routers/payments.ts","994","console.log","✅ Crédito {expr} procesado exitosamente","unresolved","unresolved","","","pending_semantic_review"
"56717ddef8f0bbd8c8633172c8ca2c85c248dfd7","apps/cartera-back/src/routers/payments.ts","997","console.error","❌ Error procesando crédito {expr}:","unresolved","unresolved","","","pending_semantic_review"
"56717ddef8f0bbd8c8633172c8ca2c85c248dfd7","apps/cartera-back/src/routers/payments.ts","1001","console.log","🎉 Resumen final: OK={expr} | FAIL={expr} | NO EN PAGOS={expr} | TOTAL={expr}","unresolved","unresolved","","","pending_semantic_review"
"56717ddef8f0bbd8c8633172c8ca2c85c248dfd7","apps/cartera-back/src/routers/payments.ts","1014","console.error","❌ Error leyendo o procesando archivos:","unresolved","unresolved","","","pending_semantic_review"
"56717ddef8f0bbd8c8633172c8ca2c85c248dfd7","apps/cartera-back/src/routers/payments.ts","1038","console.log","📂 Leyendo archivo de créditos sin pagos: {expr}","unresolved","unresolved","","","pending_semantic_review"
"56717ddef8f0bbd8c8633172c8ca2c85c248dfd7","apps/cartera-back/src/routers/payments.ts","1046","console.log","📦 JSON de créditos leído exitosamente","unresolved","unresolved","","","pending_semantic_review"
"56717ddef8f0bbd8c8633172c8ca2c85c248dfd7","apps/cartera-back/src/routers/payments.ts","1047","console.log","📊 Total de créditos sin pagos: {expr}","unresolved","unresolved","","","pending_semantic_review"
"56717ddef8f0bbd8c8633172c8ca2c85c248dfd7","apps/cartera-back/src/routers/payments.ts","1058","console.log","📂 Leyendo archivo de últimos pagos: {expr}","unresolved","unresolved","","","pending_semantic_review"
"56717ddef8f0bbd8c8633172c8ca2c85c248dfd7","apps/cartera-back/src/routers/payments.ts","1061","console.log","📦 JSON de pagos leído exitosamente","unresolved","unresolved","","","pending_semantic_review"
"56717ddef8f0bbd8c8633172c8ca2c85c248dfd7","apps/cartera-back/src/routers/payments.ts","1062","console.log","📊 Total de registros en pagos: {expr}","unresolved","unresolved","","","pending_semantic_review"
"56717ddef8f0bbd8c8633172c8ca2c85c248dfd7","apps/cartera-back/src/routers/payments.ts","1075","console.log","⚠️ Crédito sin numero_credito_sifco, saltando...","unresolved","unresolved","","","pending_semantic_review"
"56717ddef8f0bbd8c8633172c8ca2c85c248dfd7","apps/cartera-back/src/routers/payments.ts","1080","console.log","🔄 Procesando crédito: {expr}","unresolved","unresolved","","","pending_semantic_review"
"56717ddef8f0bbd8c8633172c8ca2c85c248dfd7","apps/cartera-back/src/routers/payments.ts","1095","console.log","⚠️ Crédito {expr} NO encontrado en la base de datos","unresolved","unresolved","","","pending_semantic_review"
"56717ddef8f0bbd8c8633172c8ca2c85c248dfd7","apps/cartera-back/src/routers/payments.ts","1101","console.log","🔍 Cuota: Q{expr} | Plazo: {expr} meses","unresolved","unresolved","","","pending_semantic_review"
"56717ddef8f0bbd8c8633172c8ca2c85c248dfd7","apps/cartera-back/src/routers/payments.ts","1105","console.log","⚠️ Crédito {expr} tiene cuota inválida: Q{expr}","unresolved","unresolved","","","pending_semantic_review"
"56717ddef8f0bbd8c8633172c8ca2c85c248dfd7","apps/cartera-back/src/routers/payments.ts","1117","console.log","⚠️ Crédito {expr} no encontrado en archivo de pagos","unresolved","unresolved","","","pending_semantic_review"
"56717ddef8f0bbd8c8633172c8ca2c85c248dfd7","apps/cartera-back/src/routers/payments.ts","1125","console.log","🔍 Crédito {expr} encontrado - Último pago: {expr}, Hasta cuota: {expr}, Fecha pago: {expr}","unresolved","unresolved","","","pending_semantic_review"
"56717ddef8f0bbd8c8633172c8ca2c85c248dfd7","apps/cartera-back/src/routers/payments.ts","1129","console.log","📥 Creando cuotas y pagos desde JSON para {expr} (hasta cuota {expr})...","unresolved","unresolved","","","pending_semantic_review"
"56717ddef8f0bbd8c8633172c8ca2c85c248dfd7","apps/cartera-back/src/routers/payments.ts","1131","console.log","✅ Cuotas y pagos creados para {expr}","unresolved","unresolved","","","pending_semantic_review"
"56717ddef8f0bbd8c8633172c8ca2c85c248dfd7","apps/cartera-back/src/routers/payments.ts","1134","console.log","🔧 Recalculando todas las cuotas con Q{expr}...","unresolved","unresolved","","","pending_semantic_review"
"56717ddef8f0bbd8c8633172c8ca2c85c248dfd7","apps/cartera-back/src/routers/payments.ts","1142","console.log","✅ Crédito {expr} procesado exitosamente","unresolved","unresolved","","","pending_semantic_review"
"56717ddef8f0bbd8c8633172c8ca2c85c248dfd7","apps/cartera-back/src/routers/payments.ts","1146","console.error","❌ Error procesando crédito {expr}:","unresolved","unresolved","","","pending_semantic_review"
"56717ddef8f0bbd8c8633172c8ca2c85c248dfd7","apps/cartera-back/src/routers/payments.ts","1151","console.log","🎉 Resumen final: OK={expr} | FAIL={expr} | NO EN DB={expr} | NO EN PAGOS={expr} | TOTAL={expr}","unresolved","unresolved","","","pending_semantic_review"
"56717ddef8f0bbd8c8633172c8ca2c85c248dfd7","apps/cartera-back/src/routers/payments.ts","1166","console.error","❌ Error leyendo o procesando archivos:","unresolved","unresolved","","","pending_semantic_review"
"56717ddef8f0bbd8c8633172c8ca2c85c248dfd7","apps/cartera-back/src/routers/payments.ts","1192","console.log","📂 Leyendo archivo original: {expr}","unresolved","unresolved","","","pending_semantic_review"
"56717ddef8f0bbd8c8633172c8ca2c85c248dfd7","apps/cartera-back/src/routers/payments.ts","1197","console.log","📊 Tamaño: {expr} caracteres","unresolved","unresolved","","","pending_semantic_review"
"56717ddef8f0bbd8c8633172c8ca2c85c248dfd7","apps/cartera-back/src/routers/payments.ts","1226","console.log","✅ JSON reparado y validado","unresolved","unresolved","","","pending_semantic_review"
"56717ddef8f0bbd8c8633172c8ca2c85c248dfd7","apps/cartera-back/src/routers/payments.ts","1227","console.log","📊 Total de créditos: {expr}","unresolved","unresolved","","","pending_semantic_review"
"56717ddef8f0bbd8c8633172c8ca2c85c248dfd7","apps/cartera-back/src/routers/payments.ts","1229","console.error","❌ Aún hay errores después de reparar:","unresolved","unresolved","","","pending_semantic_review"
"56717ddef8f0bbd8c8633172c8ca2c85c248dfd7","apps/cartera-back/src/routers/payments.ts","1245","console.log","💾 JSON reparado guardado en: {expr}","unresolved","unresolved","","","pending_semantic_review"
"56717ddef8f0bbd8c8633172c8ca2c85c248dfd7","apps/cartera-back/src/routers/payments.ts","1258","console.error","❌ Error reparando JSON:","unresolved","unresolved","","","pending_semantic_review"
"56717ddef8f0bbd8c8633172c8ca2c85c248dfd7","apps/cartera-back/src/routers/payments.ts","1283","console.log","{expr}","unresolved","unresolved","","","pending_semantic_review"
"56717ddef8f0bbd8c8633172c8ca2c85c248dfd7","apps/cartera-back/src/routers/payments.ts","1284","console.log","MARCANDO CUOTAS PAGADAS DESDE JSON","unresolved","unresolved","","","pending_semantic_review"
"56717ddef8f0bbd8c8633172c8ca2c85c248dfd7","apps/cartera-back/src/routers/payments.ts","1285","console.log","{expr}","unresolved","unresolved","","","pending_semantic_review"
"56717ddef8f0bbd8c8633172c8ca2c85c248dfd7","apps/cartera-back/src/routers/payments.ts","1290","console.log","Total registros en JSON: {expr}","unresolved","unresolved","","","pending_semantic_review"
"56717ddef8f0bbd8c8633172c8ca2c85c248dfd7","apps/cartera-back/src/routers/payments.ts","1310","console.log","{expr}: marcando hasta cuota {expr} (día pago: {expr})...","unresolved","unresolved","","","pending_semantic_review"
"56717ddef8f0bbd8c8633172c8ca2c85c248dfd7","apps/cartera-back/src/routers/payments.ts","1319","console.error","ERROR {expr}: {expr}","unresolved","unresolved","","","pending_semantic_review"
"56717ddef8f0bbd8c8633172c8ca2c85c248dfd7","apps/cartera-back/src/routers/payments.ts","1324","console.log","Recalculando todas las cuotas...","unresolved","unresolved","","","pending_semantic_review"
"56717ddef8f0bbd8c8633172c8ca2c85c248dfd7","apps/cartera-back/src/routers/payments.ts","1326","console.log","Cuotas recalculadas.","unresolved","unresolved","","","pending_semantic_review"
"56717ddef8f0bbd8c8633172c8ca2c85c248dfd7","apps/cartera-back/src/routers/payments.ts","1328","console.log","{expr}","unresolved","unresolved","","","pending_semantic_review"
"56717ddef8f0bbd8c8633172c8ca2c85c248dfd7","apps/cartera-back/src/routers/payments.ts","1329","console.log","RESUMEN","unresolved","unresolved","","","pending_semantic_review"
"56717ddef8f0bbd8c8633172c8ca2c85c248dfd7","apps/cartera-back/src/routers/payments.ts","1330","console.log","{expr}","unresolved","unresolved","","","pending_semantic_review"
"56717ddef8f0bbd8c8633172c8ca2c85c248dfd7","apps/cartera-back/src/routers/payments.ts","1331","console.log","Exitosos: {expr}","unresolved","unresolved","","","pending_semantic_review"
"56717ddef8f0bbd8c8633172c8ca2c85c248dfd7","apps/cartera-back/src/routers/payments.ts","1332","console.log","Fallidos: {expr}","unresolved","unresolved","","","pending_semantic_review"
"56717ddef8f0bbd8c8633172c8ca2c85c248dfd7","apps/cartera-back/src/routers/payments.ts","1333","console.log","Sin numeroCuota: {expr}","unresolved","unresolved","","","pending_semantic_review"
"56717ddef8f0bbd8c8633172c8ca2c85c248dfd7","apps/cartera-back/src/routers/payments.ts","1334","console.log","Total JSON: {expr}","unresolved","unresolved","","","pending_semantic_review"
"56717ddef8f0bbd8c8633172c8ca2c85c248dfd7","apps/cartera-back/src/routers/payments.ts","1345","console.error","Error en marcar-cuotas-desde-json:","unresolved","unresolved","","","pending_semantic_review"
"56717ddef8f0bbd8c8633172c8ca2c85c248dfd7","apps/cartera-back/src/routers/payments.ts","1375","console.error","Error en marcar-cuotas:","unresolved","unresolved","","","pending_semantic_review"
"56717ddef8f0bbd8c8633172c8ca2c85c248dfd7","apps/cartera-back/src/routers/payments.ts","1410","console.error","Error en /update-pagos-espejo:","unresolved","unresolved","","","pending_semantic_review"
"56717ddef8f0bbd8c8633172c8ca2c85c248dfd7","apps/cartera-back/src/routers/payments.ts","1445","console.error","Error en /abonos-cuota:","unresolved","unresolved","","","pending_semantic_review"
"56717ddef8f0bbd8c8633172c8ca2c85c248dfd7","apps/cartera-back/src/routers/payments.ts","1473","console.error","Error en /aplicar-monto-pago:","unresolved","unresolved","","","pending_semantic_review"
"56717ddef8f0bbd8c8633172c8ca2c85c248dfd7","apps/cartera-back/src/routers/payments.ts","1510","console.error","Error en /capital-inversionistas:","unresolved","unresolved","","","pending_semantic_review"
"56717ddef8f0bbd8c8633172c8ca2c85c248dfd7","apps/cartera-back/src/routers/recalculateFromJson.ts","69","console.log","📥 Recibiendo {expr} créditos agrupados...","unresolved","unresolved","","","pending_semantic_review"
"56717ddef8f0bbd8c8633172c8ca2c85c248dfd7","apps/cartera-back/src/routers/recalculateFromJson.ts","79","console.error","❌ Error en /recalculate/from-json:","unresolved","unresolved","","","pending_semantic_review"
"56717ddef8f0bbd8c8633172c8ca2c85c248dfd7","apps/cartera-back/src/routers/recalculateFromJson.ts","110","console.log","📥 Recibiendo {expr} créditos (plano)...","unresolved","unresolved","","","pending_semantic_review"
"56717ddef8f0bbd8c8633172c8ca2c85c248dfd7","apps/cartera-back/src/routers/recalculateFromJson.ts","114","console.log","📊 Agrupados en {expr} créditos únicos","unresolved","unresolved","","","pending_semantic_review"
"56717ddef8f0bbd8c8633172c8ca2c85c248dfd7","apps/cartera-back/src/routers/recalculateFromJson.ts","124","console.error","❌ Error en /recalculate/from-flat-json:","unresolved","unresolved","","","pending_semantic_review"
"56717ddef8f0bbd8c8633172c8ca2c85c248dfd7","apps/cartera-back/src/routers/recalculateFromJson.ts","163","console.log","📂 Leyendo archivo: {expr}","unresolved","unresolved","","","pending_semantic_review"
"56717ddef8f0bbd8c8633172c8ca2c85c248dfd7","apps/cartera-back/src/routers/recalculateFromJson.ts","196","console.log","📊 Créditos a procesar: {expr}","unresolved","unresolved","","","pending_semantic_review"
"56717ddef8f0bbd8c8633172c8ca2c85c248dfd7","apps/cartera-back/src/routers/recalculateFromJson.ts","206","console.error","❌ Error en /recalculate/from-file:","unresolved","unresolved","","","pending_semantic_review"
"56717ddef8f0bbd8c8633172c8ca2c85c248dfd7","apps/cartera-back/src/routers/recalculateFromJson.ts","236","console.log","📋 Recalculando crédito: {expr}","unresolved","unresolved","","","pending_semantic_review"
"56717ddef8f0bbd8c8633172c8ca2c85c248dfd7","apps/cartera-back/src/routers/recalculateFromJson.ts","237","console.log","Inversionistas: {expr}","unresolved","unresolved","","","pending_semantic_review"
"56717ddef8f0bbd8c8633172c8ca2c85c248dfd7","apps/cartera-back/src/routers/recalculateFromJson.ts","264","console.error","❌ Error en /recalculate/single:","unresolved","unresolved","","","pending_semantic_review"
"56717ddef8f0bbd8c8633172c8ca2c85c248dfd7","apps/cartera-back/src/routers/recalculateFromJson.ts","316","console.log","📂 Leyendo archivo: {expr}","unresolved","unresolved","","","pending_semantic_review"
"56717ddef8f0bbd8c8633172c8ca2c85c248dfd7","apps/cartera-back/src/routers/recalculateFromJson.ts","320","console.log","📥 {expr} pools raros encontrados","unresolved","unresolved","","","pending_semantic_review"
"56717ddef8f0bbd8c8633172c8ca2c85c248dfd7","apps/cartera-back/src/routers/recalculateFromJson.ts","329","console.error","❌ Error en /recalculate/pools-raros-file:","unresolved","unresolved","","","pending_semantic_review"
"56717ddef8f0bbd8c8633172c8ca2c85c248dfd7","apps/cartera-back/src/routers/recalculateFromJson.ts","351","console.log","📥 Recibiendo {expr} pools raros...","unresolved","unresolved","","","pending_semantic_review"
"56717ddef8f0bbd8c8633172c8ca2c85c248dfd7","apps/cartera-back/src/routers/recalculateFromJson.ts","361","console.error","❌ Error en /recalculate/pools-raros:","unresolved","unresolved","","","pending_semantic_review"
"56717ddef8f0bbd8c8633172c8ca2c85c248dfd7","apps/cartera-back/src/routers/recalculateFromJson.ts","390","console.log","📥 Eliminando {expr} créditos...","unresolved","unresolved","","","pending_semantic_review"
"56717ddef8f0bbd8c8633172c8ca2c85c248dfd7","apps/cartera-back/src/routers/recalculateFromJson.ts","400","console.error","❌ Error en /recalculate/eliminar-creditos:","unresolved","unresolved","","","pending_semantic_review"
"56717ddef8f0bbd8c8633172c8ca2c85c248dfd7","apps/cartera-back/src/routers/recalculateFromJson.ts","436","console.log","📂 Leyendo archivo: {expr}","unresolved","unresolved","","","pending_semantic_review"
"56717ddef8f0bbd8c8633172c8ca2c85c248dfd7","apps/cartera-back/src/routers/recalculateFromJson.ts","445","console.log","📥 {expr} créditos en archivo, {expr} con cuotas en inversionistasActuales","unresolved","unresolved","","","pending_semantic_review"
"56717ddef8f0bbd8c8633172c8ca2c85c248dfd7","apps/cartera-back/src/routers/recalculateFromJson.ts","455","console.error","❌ Error en /recalculate/actualizar-cuotas:","unresolved","unresolved","","","pending_semantic_review"
"56717ddef8f0bbd8c8633172c8ca2c85c248dfd7","apps/cartera-back/src/routers/reportes.ts","53","console.error","[/reportes/cartera-activa/excel]","unresolved","unresolved","","","pending_semantic_review"
"56717ddef8f0bbd8c8633172c8ca2c85c248dfd7","apps/cartera-back/src/routers/reportes.ts","84","console.error","[/reportes/monto-cobrar]","unresolved","unresolved","","","pending_semantic_review"
"56717ddef8f0bbd8c8633172c8ca2c85c248dfd7","apps/cartera-back/src/routers/reportes.ts","115","console.error","[/reportes/monto-cobrar-periodo]","unresolved","unresolved","","","pending_semantic_review"
"56717ddef8f0bbd8c8633172c8ca2c85c248dfd7","apps/cartera-back/src/routers/reportes.ts","134","console.error","[/reportes/facturacion-mes-cobrado]","unresolved","unresolved","","","pending_semantic_review"
"56717ddef8f0bbd8c8633172c8ca2c85c248dfd7","apps/cartera-back/src/routers/reportes.ts","163","console.error","[/reportes/flujo-cuotas-inversiones]","unresolved","unresolved","","","pending_semantic_review"
"56717ddef8f0bbd8c8633172c8ca2c85c248dfd7","apps/cartera-back/src/routers/reportes.ts","182","console.error","[/reportes/reinversion-liquidaciones]","unresolved","unresolved","","","pending_semantic_review"
"56717ddef8f0bbd8c8633172c8ca2c85c248dfd7","apps/cartera-back/src/routers/reportes.ts","211","console.error","[/reportes/flujo-cuotas-inversiones/por-inversionista]","unresolved","unresolved","","","pending_semantic_review"
"56717ddef8f0bbd8c8633172c8ca2c85c248dfd7","apps/cartera-back/src/routers/reportes.ts","230","console.error","[/reportes/facturacion-mes-esperado]","unresolved","unresolved","","","pending_semantic_review"
"56717ddef8f0bbd8c8633172c8ca2c85c248dfd7","apps/cartera-back/src/routers/reportes.ts","261","console.error","[/reportes/colocacion-periodo]","unresolved","unresolved","","","pending_semantic_review"
"56717ddef8f0bbd8c8633172c8ca2c85c248dfd7","apps/cartera-back/src/routers/reportes.ts","278","console.error","[/reportes/comparativo-historico]","unresolved","unresolved","","","pending_semantic_review"
"56717ddef8f0bbd8c8633172c8ca2c85c248dfd7","apps/cartera-back/src/routers/reportes.ts","324","console.error","[/reportes/mora-por-etapa-asesor]","unresolved","unresolved","","","pending_semantic_review"
"56717ddef8f0bbd8c8633172c8ca2c85c248dfd7","apps/cartera-back/src/routers/reportes.ts","365","console.error","[/reportes/mora-cobrada-por-asesor]","unresolved","unresolved","","","pending_semantic_review"
"56717ddef8f0bbd8c8633172c8ca2c85c248dfd7","apps/cartera-back/src/routers/reportes.ts","402","console.error","[/reportes/mora-recuperacion-por-asesor]","unresolved","unresolved","","","pending_semantic_review"
"56717ddef8f0bbd8c8633172c8ca2c85c248dfd7","apps/cartera-back/src/routers/reportes.ts","427","console.error","[/reportes/cuotas-por-fecha]","unresolved","unresolved","","","pending_semantic_review"
"56717ddef8f0bbd8c8633172c8ca2c85c248dfd7","apps/cartera-back/src/routers/reportes.ts","457","console.error","[/reportes/cobranza-diaria]","unresolved","unresolved","","","pending_semantic_review"
"56717ddef8f0bbd8c8633172c8ca2c85c248dfd7","apps/cartera-back/src/routers/reportes.ts","489","console.error","[/reportes/cobranza-diaria/detalle]","unresolved","unresolved","","","pending_semantic_review"
"56717ddef8f0bbd8c8633172c8ca2c85c248dfd7","apps/cartera-back/src/routers/sifcoSync.ts","12","console.error","❌ Error en sincronización masiva:","unresolved","unresolved","","","pending_semantic_review"
"56717ddef8f0bbd8c8633172c8ca2c85c248dfd7","apps/cartera-back/src/routers/users.ts","13","console.log","👤 Usuario en endpoint:","unresolved","unresolved","","","pending_semantic_review"
"56717ddef8f0bbd8c8633172c8ca2c85c248dfd7","apps/cartera-back/src/scripts/backfill-facturas-faltantes.ts","39","console.error","<dynamic>","unresolved","unresolved","","","pending_semantic_review"
"56717ddef8f0bbd8c8633172c8ca2c85c248dfd7","apps/cartera-back/src/scripts/backfill-facturas-faltantes.ts","51","console.error","<dynamic>","unresolved","unresolved","","","pending_semantic_review"
"56717ddef8f0bbd8c8633172c8ca2c85c248dfd7","apps/cartera-back/src/scripts/backfill-facturas-faltantes.ts","61","console.error","❌ UUID con formato inválido: {expr}","unresolved","unresolved","","","pending_semantic_review"
"56717ddef8f0bbd8c8633172c8ca2c85c248dfd7","apps/cartera-back/src/scripts/backfill-facturas-faltantes.ts","112","console.log","· {expr}: error consulta ({expr})","unresolved","unresolved","","","pending_semantic_review"
"56717ddef8f0bbd8c8633172c8ca2c85c248dfd7","apps/cartera-back/src/scripts/backfill-facturas-faltantes.ts","309","console.log","🧾 Backfill facturas faltantes — modo: {expr}","unresolved","unresolved","","","pending_semantic_review"
"56717ddef8f0bbd8c8633172c8ca2c85c248dfd7","apps/cartera-back/src/scripts/backfill-facturas-faltantes.ts","310","console.log","Emisores a probar: {expr}","unresolved","unresolved","","","pending_semantic_review"
"56717ddef8f0bbd8c8633172c8ca2c85c248dfd7","apps/cartera-back/src/scripts/backfill-facturas-faltantes.ts","311","console.log","BD destino: {expr}","unresolved","unresolved","","","pending_semantic_review"
"56717ddef8f0bbd8c8633172c8ca2c85c248dfd7","apps/cartera-back/src/scripts/backfill-facturas-faltantes.ts","316","console.log","========== UUID {expr} ==========","unresolved","unresolved","","","pending_semantic_review"
"56717ddef8f0bbd8c8633172c8ca2c85c248dfd7","apps/cartera-back/src/scripts/backfill-facturas-faltantes.ts","328","console.log","⏭️ Ya existe en BD (factura_id {expr}). No se re-inserta{expr}.","unresolved","unresolved","","","pending_semantic_review"
"56717ddef8f0bbd8c8633172c8ca2c85c248dfd7","apps/cartera-back/src/scripts/backfill-facturas-faltantes.ts","333","console.log","❌ No se encontró en SAT con ningún emisor.","unresolved","unresolved","","","pending_semantic_review"
"56717ddef8f0bbd8c8633172c8ca2c85c248dfd7","apps/cartera-back/src/scripts/backfill-facturas-faltantes.ts","336","console.log","✅ Encontrada en SAT (emisor probado: {expr})","unresolved","unresolved","","","pending_semantic_review"
"56717ddef8f0bbd8c8633172c8ca2c85c248dfd7","apps/cartera-back/src/scripts/backfill-facturas-faltantes.ts","339","console.log","📄 {expr}-{expr} | {expr} | Q{expr} (IVA Q{expr})","unresolved","unresolved","","","pending_semantic_review"
"56717ddef8f0bbd8c8633172c8ca2c85c248dfd7","apps/cartera-back/src/scripts/backfill-facturas-faltantes.ts","340","console.log","Emisor: {expr} {expr}","unresolved","unresolved","","","pending_semantic_review"
"56717ddef8f0bbd8c8633172c8ca2c85c248dfd7","apps/cartera-back/src/scripts/backfill-facturas-faltantes.ts","341","console.log","Receptor: {expr} {expr}","unresolved","unresolved","","","pending_semantic_review"
"56717ddef8f0bbd8c8633172c8ca2c85c248dfd7","apps/cartera-back/src/scripts/backfill-facturas-faltantes.ts","342","console.log","Emisión: {expr} | Cert: {expr}","unresolved","unresolved","","","pending_semantic_review"
"56717ddef8f0bbd8c8633172c8ca2c85c248dfd7","apps/cartera-back/src/scripts/backfill-facturas-faltantes.ts","343","console.log","Vencimientos abono: {expr}","unresolved","unresolved","","","pending_semantic_review"
"56717ddef8f0bbd8c8633172c8ca2c85c248dfd7","apps/cartera-back/src/scripts/backfill-facturas-faltantes.ts","344","console.log","Ítems: {expr}","unresolved","unresolved","","","pending_semantic_review"
"56717ddef8f0bbd8c8633172c8ca2c85c248dfd7","apps/cartera-back/src/scripts/backfill-facturas-faltantes.ts","350","console.log","🧾 PDF regenerado y subido: {expr}","unresolved","unresolved","","","pending_semantic_review"
"56717ddef8f0bbd8c8633172c8ca2c85c248dfd7","apps/cartera-back/src/scripts/backfill-facturas-faltantes.ts","352","console.log","💥 Error PDF: {expr}","unresolved","unresolved","","","pending_semantic_review"
"56717ddef8f0bbd8c8633172c8ca2c85c248dfd7","apps/cartera-back/src/scripts/backfill-facturas-faltantes.ts","360","console.log","Créditos del cliente: {expr}","unresolved","unresolved","","","pending_semantic_review"
"56717ddef8f0bbd8c8633172c8ca2c85c248dfd7","apps/cartera-back/src/scripts/backfill-facturas-faltantes.ts","362","console.log","🔎 candidato pago_id={expr} credito={expr} cuota#{expr} venc={expr} mora={expr} {expr}","unresolved","unresolved","","","pending_semantic_review"
"56717ddef8f0bbd8c8633172c8ca2c85c248dfd7","apps/cartera-back/src/scripts/backfill-facturas-faltantes.ts","373","console.log","🛑 Override pago_id={expr} NO está entre los candidatos. Se omite por seguridad.","unresolved","unresolved","","","pending_semantic_review"
"56717ddef8f0bbd8c8633172c8ca2c85c248dfd7","apps/cartera-back/src/scripts/backfill-facturas-faltantes.ts","377","console.log","✔️ pago_id elegido (override verificado): {expr}","unresolved","unresolved","","","pending_semantic_review"
"56717ddef8f0bbd8c8633172c8ca2c85c248dfd7","apps/cartera-back/src/scripts/backfill-facturas-faltantes.ts","380","console.log","✔️ pago_id elegido (candidato único): {expr}","unresolved","unresolved","","","pending_semantic_review"
"56717ddef8f0bbd8c8633172c8ca2c85c248dfd7","apps/cartera-back/src/scripts/backfill-facturas-faltantes.ts","382","console.log","🛑 pago_id AMBIGUO ({expr} candidatos) y sin override. Se omite; requiere decisión manual.","unresolved","unresolved","","","pending_semantic_review"
"56717ddef8f0bbd8c8633172c8ca2c85c248dfd7","apps/cartera-back/src/scripts/backfill-facturas-faltantes.ts","407","console.log","📝 [DRY-RUN] insertaría:","unresolved","unresolved","","","pending_semantic_review"
"56717ddef8f0bbd8c8633172c8ca2c85c248dfd7","apps/cartera-back/src/scripts/backfill-facturas-faltantes.ts","412","console.log","💾 INSERTADA -> factura_id={expr}, pago_id={expr}, {expr}-{expr}, Q{expr}","unresolved","unresolved","","","pending_semantic_review"
"56717ddef8f0bbd8c8633172c8ca2c85c248dfd7","apps/cartera-back/src/scripts/backfill-facturas-faltantes.ts","415","console.error","💥 Falló este UUID (sigo con el resto): {expr}","unresolved","unresolved","","","pending_semantic_review"
"56717ddef8f0bbd8c8633172c8ca2c85c248dfd7","apps/cartera-back/src/scripts/backfill-facturas-faltantes.ts","419","console.log","✅ Fin ({expr}).","unresolved","unresolved","","","pending_semantic_review"
"56717ddef8f0bbd8c8633172c8ca2c85c248dfd7","apps/cartera-back/src/scripts/backfill-facturas-faltantes.ts","421","console.error","⚠️ {expr} UUID con error: {expr}","unresolved","unresolved","","","pending_semantic_review"
"56717ddef8f0bbd8c8633172c8ca2c85c248dfd7","apps/cartera-back/src/scripts/backfill-facturas-faltantes.ts","428","console.error","💥 Error:","unresolved","unresolved","","","pending_semantic_review"
"56717ddef8f0bbd8c8633172c8ca2c85c248dfd7","apps/cartera-back/src/scripts/check_dates.ts","25","console.log","<dynamic>","unresolved","unresolved","","","pending_semantic_review"
"56717ddef8f0bbd8c8633172c8ca2c85c248dfd7","apps/cartera-back/src/scripts/consultar-uuid-sat.ts","25","console.error","Uso: bun run src/scripts/consultar-uuid-sat.ts <UUID> [--xml]","unresolved","unresolved","","","pending_semantic_review"
"56717ddef8f0bbd8c8633172c8ca2c85c248dfd7","apps/cartera-back/src/scripts/consultar-uuid-sat.ts","26","console.error","UUID con formato inválido: {expr}","unresolved","unresolved","","","pending_semantic_review"
"56717ddef8f0bbd8c8633172c8ca2c85c248dfd7","apps/cartera-back/src/scripts/consultar-uuid-sat.ts","44","console.log","🔎 Consultando UUID {expr}","unresolved","unresolved","","","pending_semantic_review"
"56717ddef8f0bbd8c8633172c8ca2c85c248dfd7","apps/cartera-back/src/scripts/consultar-uuid-sat.ts","45","console.log","Emisores a probar: {expr}","unresolved","unresolved","","","pending_semantic_review"
"56717ddef8f0bbd8c8633172c8ca2c85c248dfd7","apps/cartera-back/src/scripts/consultar-uuid-sat.ts","61","console.log","· {expr}: no encontrada ({expr})","unresolved","unresolved","","","pending_semantic_review"
"56717ddef8f0bbd8c8633172c8ca2c85c248dfd7","apps/cartera-back/src/scripts/consultar-uuid-sat.ts","66","console.log","· {expr}: error consulta ({expr})","unresolved","unresolved","","","pending_semantic_review"
"56717ddef8f0bbd8c8633172c8ca2c85c248dfd7","apps/cartera-back/src/scripts/consultar-uuid-sat.ts","73","console.log","✅ ENCONTRADA con credenciales de {expr}","unresolved","unresolved","","","pending_semantic_review"
"56717ddef8f0bbd8c8633172c8ca2c85c248dfd7","apps/cartera-back/src/scripts/consultar-uuid-sat.ts","85","console.log","Tipo: {expr}","unresolved","unresolved","","","pending_semantic_review"
"56717ddef8f0bbd8c8633172c8ca2c85c248dfd7","apps/cartera-back/src/scripts/consultar-uuid-sat.ts","86","console.log","Serie-Num: {expr}-{expr}","unresolved","unresolved","","","pending_semantic_review"
"56717ddef8f0bbd8c8633172c8ca2c85c248dfd7","apps/cartera-back/src/scripts/consultar-uuid-sat.ts","87","console.log","UUID: {expr}","unresolved","unresolved","","","pending_semantic_review"
"56717ddef8f0bbd8c8633172c8ca2c85c248dfd7","apps/cartera-back/src/scripts/consultar-uuid-sat.ts","88","console.log","Emisor: {expr} {expr}","unresolved","unresolved","","","pending_semantic_review"
"56717ddef8f0bbd8c8633172c8ca2c85c248dfd7","apps/cartera-back/src/scripts/consultar-uuid-sat.ts","89","console.log","Receptor: {expr} {expr}","unresolved","unresolved","","","pending_semantic_review"
"56717ddef8f0bbd8c8633172c8ca2c85c248dfd7","apps/cartera-back/src/scripts/consultar-uuid-sat.ts","90","console.log","Emisión: {expr}","unresolved","unresolved","","","pending_semantic_review"
"56717ddef8f0bbd8c8633172c8ca2c85c248dfd7","apps/cartera-back/src/scripts/consultar-uuid-sat.ts","91","console.log","Certificado: {expr}","unresolved","unresolved","","","pending_semantic_review"
"56717ddef8f0bbd8c8633172c8ca2c85c248dfd7","apps/cartera-back/src/scripts/consultar-uuid-sat.ts","92","console.log","Certificador:{expr} {expr}","unresolved","unresolved","","","pending_semantic_review"
"56717ddef8f0bbd8c8633172c8ca2c85c248dfd7","apps/cartera-back/src/scripts/consultar-uuid-sat.ts","93","console.log","GranTotal: Q{expr} (IVA Q{expr})","unresolved","unresolved","","","pending_semantic_review"
"56717ddef8f0bbd8c8633172c8ca2c85c248dfd7","apps/cartera-back/src/scripts/consultar-uuid-sat.ts","95","console.log","Ítem {expr}: {expr} | Q{expr}","unresolved","unresolved","","","pending_semantic_review"
"56717ddef8f0bbd8c8633172c8ca2c85c248dfd7","apps/cartera-back/src/scripts/consultar-uuid-sat.ts","102","console.log","Abono {expr}: venc {expr} Q{expr}","unresolved","unresolved","","","pending_semantic_review"
"56717ddef8f0bbd8c8633172c8ca2c85c248dfd7","apps/cartera-back/src/scripts/consultar-uuid-sat.ts","107","console.log","--- XML --- {expr}","unresolved","unresolved","","","pending_semantic_review"
"56717ddef8f0bbd8c8633172c8ca2c85c248dfd7","apps/cartera-back/src/scripts/consultar-uuid-sat.ts","109","console.error","⚠️ Encontrada pero no se pudo parsear: {expr}","unresolved","unresolved","","","pending_semantic_review"
"56717ddef8f0bbd8c8633172c8ca2c85c248dfd7","apps/cartera-back/src/scripts/consultar-uuid-sat.ts","110","console.error","Volver a correr con --xml para ver el documento crudo.","unresolved","unresolved","","","pending_semantic_review"
"56717ddef8f0bbd8c8633172c8ca2c85c248dfd7","apps/cartera-back/src/scripts/consultar-uuid-sat.ts","115","console.log","❌ No se encontró con ningún emisor.","unresolved","unresolved","","","pending_semantic_review"
"56717ddef8f0bbd8c8633172c8ca2c85c248dfd7","apps/cartera-back/src/scripts/consultar-uuid-sat.ts","120","console.error","💥 Error:","unresolved","unresolved","","","pending_semantic_review"
"56717ddef8f0bbd8c8633172c8ca2c85c248dfd7","apps/cartera-back/src/scripts/crear-tablas-fallidas.ts","15","console.log","🛠️ Creando tablas (IF NOT EXISTS) en schema cartera...","unresolved","unresolved","","","pending_semantic_review"
"56717ddef8f0bbd8c8633172c8ca2c85c248dfd7","apps/cartera-back/src/scripts/crear-tablas-fallidas.ts","38","console.log","✅ cartera.facturas_fallidas_sat","unresolved","unresolved","","","pending_semantic_review"
"56717ddef8f0bbd8c8633172c8ca2c85c248dfd7","apps/cartera-back/src/scripts/crear-tablas-fallidas.ts","47","console.log","✅ cartera.job_checkpoints","unresolved","unresolved","","","pending_semantic_review"
"56717ddef8f0bbd8c8633172c8ca2c85c248dfd7","apps/cartera-back/src/scripts/crear-tablas-fallidas.ts","59","console.log","✅ cursor inicial sembrado en factura_id={expr}","unresolved","unresolved","","","pending_semantic_review"
"56717ddef8f0bbd8c8633172c8ca2c85c248dfd7","apps/cartera-back/src/scripts/crear-tablas-fallidas.ts","61","console.log","ℹ️ cursor ya existía, no se modificó","unresolved","unresolved","","","pending_semantic_review"
"56717ddef8f0bbd8c8633172c8ca2c85c248dfd7","apps/cartera-back/src/scripts/crear-tablas-fallidas.ts","64","console.log","🎉 Listo","unresolved","unresolved","","","pending_semantic_review"
"56717ddef8f0bbd8c8633172c8ca2c85c248dfd7","apps/cartera-back/src/scripts/crear-tablas-fallidas.ts","69","console.error","💥 Error creando tablas:","unresolved","unresolved","","","pending_semantic_review"
"56717ddef8f0bbd8c8633172c8ca2c85c248dfd7","apps/cartera-back/src/scripts/insertAbonosCancelados.ts","28","console.log","Found {expr} pagos reset en créditos cancelados","unresolved","unresolved","","","pending_semantic_review"
"56717ddef8f0bbd8c8633172c8ca2c85c248dfd7","apps/cartera-back/src/scripts/insertAbonosCancelados.ts","45","console.log","⚠️ Crédito {expr} ({expr}) - SIN espejo, saltando","unresolved","unresolved","","","pending_semantic_review"
"56717ddef8f0bbd8c8633172c8ca2c85c248dfd7","apps/cartera-back/src/scripts/insertAbonosCancelados.ts","56","console.log","💰 Pago {expr} | {expr} | Crédito {expr} | Capital: Q{expr} | SUM aportado: {expr}","unresolved","unresolved","","","pending_semantic_review"
"56717ddef8f0bbd8c8633172c8ca2c85c248dfd7","apps/cartera-back/src/scripts/insertAbonosCancelados.ts","63","console.log","👤 {expr} ({expr}%) → Q{expr}","unresolved","unresolved","","","pending_semantic_review"
"56717ddef8f0bbd8c8633172c8ca2c85c248dfd7","apps/cartera-back/src/scripts/insertAbonosCancelados.ts","74","console.log","✅ Total insertados: {expr}","unresolved","unresolved","","","pending_semantic_review"
"56717ddef8f0bbd8c8633172c8ca2c85c248dfd7","apps/cartera-back/src/scripts/insertAbonosCancelados.ts","75","console.log","⚠️ Sin espejo: {expr}","unresolved","unresolved","","","pending_semantic_review"
"56717ddef8f0bbd8c8633172c8ca2c85c248dfd7","apps/cartera-back/src/scripts/insertAbonosCancelados.ts","83","console.log","📋 Resumen tabla abonos_capital:","unresolved","unresolved","","","pending_semantic_review"
"56717ddef8f0bbd8c8633172c8ca2c85c248dfd7","apps/cartera-back/src/scripts/insertAbonosCancelados.ts","84","console.table","<dynamic>","unresolved","unresolved","","","pending_semantic_review"
"56717ddef8f0bbd8c8633172c8ca2c85c248dfd7","apps/cartera-back/src/scripts/insertAbonosCapital.ts","34","console.log","Found {expr} pagos con abono a capital (marzo 2026)","unresolved","unresolved","","","pending_semantic_review"
"56717ddef8f0bbd8c8633172c8ca2c85c248dfd7","apps/cartera-back/src/scripts/insertAbonosCapital.ts","52","console.log","⚠️ Crédito {expr} ({expr}) - SIN espejo, saltando","unresolved","unresolved","","","pending_semantic_review"
"56717ddef8f0bbd8c8633172c8ca2c85c248dfd7","apps/cartera-back/src/scripts/insertAbonosCapital.ts","64","console.log","⚠️ Crédito {expr} ({expr}) - SUM aportado = 0, saltando","unresolved","unresolved","","","pending_semantic_review"
"56717ddef8f0bbd8c8633172c8ca2c85c248dfd7","apps/cartera-back/src/scripts/insertAbonosCapital.ts","68","console.log","💰 Pago {expr} | {expr} | Crédito {expr} | Capital: Q{expr} | SUM aportado: {expr}","unresolved","unresolved","","","pending_semantic_review"
"56717ddef8f0bbd8c8633172c8ca2c85c248dfd7","apps/cartera-back/src/scripts/insertAbonosCapital.ts","90","console.log","👤 {expr} ({expr}%) → Q{expr} [SUMADO a existente, total: Q{expr}]","unresolved","unresolved","","","pending_semantic_review"
"56717ddef8f0bbd8c8633172c8ca2c85c248dfd7","apps/cartera-back/src/scripts/insertAbonosCapital.ts","99","console.log","👤 {expr} ({expr}%) → Q{expr} [NUEVO]","unresolved","unresolved","","","pending_semantic_review"
"56717ddef8f0bbd8c8633172c8ca2c85c248dfd7","apps/cartera-back/src/scripts/insertAbonosCapital.ts","106","console.log","✅ Total procesados: {expr}","unresolved","unresolved","","","pending_semantic_review"
"56717ddef8f0bbd8c8633172c8ca2c85c248dfd7","apps/cartera-back/src/scripts/insertAbonosCapital.ts","107","console.log","🔄 Sumados a existentes: {expr}","unresolved","unresolved","","","pending_semantic_review"
"56717ddef8f0bbd8c8633172c8ca2c85c248dfd7","apps/cartera-back/src/scripts/insertAbonosCapital.ts","108","console.log","⚠️ Sin espejo: {expr}","unresolved","unresolved","","","pending_semantic_review"
"56717ddef8f0bbd8c8633172c8ca2c85c248dfd7","apps/cartera-back/src/scripts/insertAbonosCapital.ts","116","console.log","📋 Resumen tabla abonos_capital:","unresolved","unresolved","","","pending_semantic_review"
"56717ddef8f0bbd8c8633172c8ca2c85c248dfd7","apps/cartera-back/src/scripts/insertAbonosCapital.ts","117","console.table","<dynamic>","unresolved","unresolved","","","pending_semantic_review"
"56717ddef8f0bbd8c8633172c8ca2c85c248dfd7","apps/cartera-back/src/scripts/queryAbonosCapital.ts","28","console.log","Found {expr} pagos reset en créditos cancelados","unresolved","unresolved","","","pending_semantic_review"
"56717ddef8f0bbd8c8633172c8ca2c85c248dfd7","apps/cartera-back/src/scripts/queryAbonosCapital.ts","45","console.log","⚠️ Crédito {expr} ({expr}) - SIN espejo, saltando","unresolved","unresolved","","","pending_semantic_review"
"56717ddef8f0bbd8c8633172c8ca2c85c248dfd7","apps/cartera-back/src/scripts/queryAbonosCapital.ts","56","console.log","💰 Pago {expr} | {expr} | Crédito {expr} | Capital: Q{expr} | SUM aportado: {expr}","unresolved","unresolved","","","pending_semantic_review"
"56717ddef8f0bbd8c8633172c8ca2c85c248dfd7","apps/cartera-back/src/scripts/queryAbonosCapital.ts","63","console.log","👤 {expr} ({expr}%) → Q{expr}","unresolved","unresolved","","","pending_semantic_review"
"56717ddef8f0bbd8c8633172c8ca2c85c248dfd7","apps/cartera-back/src/scripts/queryAbonosCapital.ts","74","console.log","✅ Total insertados: {expr}","unresolved","unresolved","","","pending_semantic_review"
"56717ddef8f0bbd8c8633172c8ca2c85c248dfd7","apps/cartera-back/src/scripts/queryAbonosCapital.ts","75","console.log","⚠️ Sin espejo: {expr}","unresolved","unresolved","","","pending_semantic_review"
"56717ddef8f0bbd8c8633172c8ca2c85c248dfd7","apps/cartera-back/src/scripts/queryAbonosCapital.ts","83","console.log","📋 Resumen tabla abonos_capital:","unresolved","unresolved","","","pending_semantic_review"
"56717ddef8f0bbd8c8633172c8ca2c85c248dfd7","apps/cartera-back/src/scripts/queryAbonosCapital.ts","84","console.table","<dynamic>","unresolved","unresolved","","","pending_semantic_review"
"56717ddef8f0bbd8c8633172c8ca2c85c248dfd7","apps/cartera-back/src/scripts/sifcoSyncAll.ts","4","console.log","🚀 Iniciando script de sincronización SIFCO...","unresolved","unresolved","","","pending_semantic_review"
"56717ddef8f0bbd8c8633172c8ca2c85c248dfd7","apps/cartera-back/src/scripts/sifcoSyncAll.ts","8","console.log","✅ Script finalizado:","unresolved","unresolved","","","pending_semantic_review"
"56717ddef8f0bbd8c8633172c8ca2c85c248dfd7","apps/cartera-back/src/scripts/sifcoSyncAll.ts","12","console.error","❌ Error fatal:","unresolved","unresolved","","","pending_semantic_review"
"56717ddef8f0bbd8c8633172c8ca2c85c248dfd7","apps/cartera-back/src/services/carteraExcelR2.ts","82","console.warn","⚠️ HeadObject falló para {expr}: {expr}","unresolved","unresolved","","","pending_semantic_review"
"56717ddef8f0bbd8c8633172c8ca2c85c248dfd7","apps/cartera-back/src/services/carteraExcelR2.ts","91","console.log","📦 Cartera desde caché (etag {expr}) → {expr}","unresolved","unresolved","","","pending_semantic_review"
"56717ddef8f0bbd8c8633172c8ca2c85c248dfd7","apps/cartera-back/src/services/carteraExcelR2.ts","97","console.log","⬇️ Descargando cartera de R2: bucket={expr} key={expr}","unresolved","unresolved","","","pending_semantic_review"
"56717ddef8f0bbd8c8633172c8ca2c85c248dfd7","apps/cartera-back/src/services/carteraExcelR2.ts","112","console.log","✅ Cartera descargada ({expr} bytes) → {expr}","unresolved","unresolved","","","pending_semantic_review"
"56717ddef8f0bbd8c8633172c8ca2c85c248dfd7","apps/cartera-back/src/services/crm.service.ts","6","console.warn","[WARN] CRM_API_URL is not set in env — CRM notifications will fail","unresolved","unresolved","","","pending_semantic_review"
"56717ddef8f0bbd8c8633172c8ca2c85c248dfd7","apps/cartera-back/src/services/crm.service.ts","41","console.log","📬 ========== NOTIFICACIÓN CRM: PAY-INVESTORS ==========","unresolved","unresolved","","","pending_semantic_review"
"56717ddef8f0bbd8c8633172c8ca2c85c248dfd7","apps/cartera-back/src/services/crm.service.ts","42","console.log","Título: {expr}","unresolved","unresolved","","","pending_semantic_review"
"56717ddef8f0bbd8c8633172c8ca2c85c248dfd7","apps/cartera-back/src/services/crm.service.ts","44","console.log","Descripción: {expr}","unresolved","unresolved","","","pending_semantic_review"
"56717ddef8f0bbd8c8633172c8ca2c85c248dfd7","apps/cartera-back/src/services/crm.service.ts","56","console.log","✅ Notificación enviada al CRM exitosamente","unresolved","unresolved","","","pending_semantic_review"
"56717ddef8f0bbd8c8633172c8ca2c85c248dfd7","apps/cartera-back/src/services/crm.service.ts","64","console.error","❌ Error enviando notificación al CRM: {expr}","unresolved","unresolved","","","pending_semantic_review"
"56717ddef8f0bbd8c8633172c8ca2c85c248dfd7","apps/cartera-back/src/services/crm.service.ts","134","console.error","No contiene datos del vehículo para número {expr}","unresolved","unresolved","","","pending_semantic_review"
"56717ddef8f0bbd8c8633172c8ca2c85c248dfd7","apps/cartera-back/src/services/crm.service.ts","138","console.log","Consultado detalles del vehículo exitosamente","unresolved","unresolved","","","pending_semantic_review"
"56717ddef8f0bbd8c8633172c8ca2c85c248dfd7","apps/cartera-back/src/services/crm.service.ts","146","console.error","ERROR en getVehicleDetailsBySifco: {expr}","unresolved","unresolved","","","pending_semantic_review"
"56717ddef8f0bbd8c8633172c8ca2c85c248dfd7","apps/cartera-back/src/services/excel.ts","106","console.time","⏳ Lectura archivo (stream)","unresolved","unresolved","","","pending_semantic_review"
"56717ddef8f0bbd8c8633172c8ca2c85c248dfd7","apps/cartera-back/src/services/excel.ts","148","console.timeEnd","⏳ Lectura archivo (stream)","unresolved","unresolved","","","pending_semantic_review"
"56717ddef8f0bbd8c8633172c8ca2c85c248dfd7","apps/cartera-back/src/services/excel.ts","149","console.log","✅ Búsqueda completada. Resultados encontrados: {expr}","unresolved","unresolved","","","pending_semantic_review"
"56717ddef8f0bbd8c8633172c8ca2c85c248dfd7","apps/cartera-back/src/services/excel.ts","152","console.warn","⚠️ No se encontró el crédito:","unresolved","unresolved","","","pending_semantic_review"
"56717ddef8f0bbd8c8633172c8ca2c85c248dfd7","apps/cartera-back/src/services/excel.ts","168","console.time","⏳ Lectura archivo (stream)","unresolved","unresolved","","","pending_semantic_review"
"56717ddef8f0bbd8c8633172c8ca2c85c248dfd7","apps/cartera-back/src/services/excel.ts","202","console.log","📝 Normalizado: ""{expr}"" → ""{expr}""","unresolved","unresolved","","","pending_semantic_review"
"56717ddef8f0bbd8c8633172c8ca2c85c248dfd7","apps/cartera-back/src/services/excel.ts","216","console.warn","⚠️ Crédito inválido: ""{expr}"" ({expr} dígitos)","unresolved","unresolved","","","pending_semantic_review"
"56717ddef8f0bbd8c8633172c8ca2c85c248dfd7","apps/cartera-back/src/services/excel.ts","234","console.timeEnd","⏳ Lectura archivo (stream)","unresolved","unresolved","","","pending_semantic_review"
"56717ddef8f0bbd8c8633172c8ca2c85c248dfd7","apps/cartera-back/src/services/excel.ts","236","console.log","✅ Créditos agrupados: {expr}","unresolved","unresolved","","","pending_semantic_review"
"56717ddef8f0bbd8c8633172c8ca2c85c248dfd7","apps/cartera-back/src/services/excel.ts","237","console.log","⚠️ Créditos saltados: {expr}","unresolved","unresolved","","","pending_semantic_review"
"56717ddef8f0bbd8c8633172c8ca2c85c248dfd7","apps/cartera-back/src/services/sifcoIntegrations.ts","71","console.log","🔍 Consultando: {expr}","unresolved","unresolved","","","pending_semantic_review"
"56717ddef8f0bbd8c8633172c8ca2c85c248dfd7","apps/cartera-back/src/services/sifcoIntegrations.ts","85","console.warn","⚠️ Servidor SIFCO no disponible para: {expr}","unresolved","unresolved","","","pending_semantic_review"
"56717ddef8f0bbd8c8633172c8ca2c85c248dfd7","apps/cartera-back/src/services/sifcoIntegrations.ts","90","console.warn","⚠️ Crédito no existe en SIFCO: {expr}","unresolved","unresolved","","","pending_semantic_review"
"56717ddef8f0bbd8c8633172c8ca2c85c248dfd7","apps/cartera-back/src/services/sifcoIntegrations.ts","95","console.warn","⏱️ Timeout al consultar: {expr}","unresolved","unresolved","","","pending_semantic_review"
"56717ddef8f0bbd8c8633172c8ca2c85c248dfd7","apps/cartera-back/src/services/sifcoIntegrations.ts","100","console.error","❌ Error inesperado para {expr}:","unresolved","unresolved","","","pending_semantic_review"
"56717ddef8f0bbd8c8633172c8ca2c85c248dfd7","apps/cartera-back/src/services/sifcoIntegrations.ts","125","console.log","📢 Consultando recargos libres para:","unresolved","unresolved","","","pending_semantic_review"
"56717ddef8f0bbd8c8633172c8ca2c85c248dfd7","apps/cartera-back/src/services/sifcoIntegrations.ts","143","console.warn","⚠️ No se obtuvo respuesta válida de recargos libres","unresolved","unresolved","","","pending_semantic_review"
"56717ddef8f0bbd8c8633172c8ca2c85c248dfd7","apps/cartera-back/src/services/sifcoIntegrations.ts","146","console.error","❌ Error en consultarRecargosLibres:","unresolved","unresolved","","","pending_semantic_review"
"56717ddef8f0bbd8c8633172c8ca2c85c248dfd7","apps/cartera-back/src/services/sifcoIntegrations.ts","177","console.log","🧾 Respuesta informacion prestamo:","unresolved","unresolved","","","pending_semantic_review"
"56717ddef8f0bbd8c8633172c8ca2c85c248dfd7","apps/cartera-back/src/utils/creditoEspejoLock.ts","118","console.error","⚠️ Error liberando advisory lock del crédito {expr}:","unresolved","unresolved","","","pending_semantic_review"
"56717ddef8f0bbd8c8633172c8ca2c85c248dfd7","apps/cartera-back/src/utils/functions/facturaPdf.ts","59","console.error","⚠️ [facturaPdf] No se pudo embeber el logo ({expr}), se usa la URL remota:","unresolved","unresolved","","","pending_semantic_review"
"56717ddef8f0bbd8c8633172c8ca2c85c248dfd7","apps/cartera-back/src/utils/functions/facturaPdf.ts","176","console.log","⏳ PDF de {expr} en cola ({expr} generándose, {expr} esperando)","unresolved","unresolved","","","pending_semantic_review"
"56717ddef8f0bbd8c8633172c8ca2c85c248dfd7","apps/cartera-back/src/utils/functions/facturaPdf.ts","186","console.log","✅ PDF subido a R2: {expr} ({expr}ms de render, {expr}ms desde que se encoló) [{expr}]","unresolved","unresolved","","","pending_semantic_review"
"56717ddef8f0bbd8c8633172c8ca2c85c248dfd7","apps/cartera-back/src/utils/functions/facturaPdf.ts","190","console.error","<dynamic>","unresolved","unresolved","","","pending_semantic_review"
"56717ddef8f0bbd8c8633172c8ca2c85c248dfd7","apps/cartera-back/src/utils/functions/generalFunctions.ts","867","console.error","Error precargando el ajuste de compras para el Excel:","unresolved","unresolved","","","pending_semantic_review"
"56717ddef8f0bbd8c8633172c8ca2c85c248dfd7","apps/cartera-back/src/utils/functions/generalFunctions.ts","973","console.error","Error calculando ajuste dinámico para el Excel:","unresolved","unresolved","","","pending_semantic_review"
"56717ddef8f0bbd8c8633172c8ca2c85c248dfd7","apps/cartera-back/src/utils/functions/uploadsFiles.ts","20","console.log","Received file:","remove","remove","","","sensitive_binary_object"
"56717ddef8f0bbd8c8633172c8ca2c85c248dfd7","apps/cartera-back/src/utils/functions/uploadsFiles.ts","50","console.error","Error uploading file:","remove","remove","","","raw_error_duplicate_signal"
"56717ddef8f0bbd8c8633172c8ca2c85c248dfd7","apps/cartera-back/src/utils/paymentAdvisoryLock.ts","36","console.error","⚠️ Error liberando advisory lock:","unresolved","unresolved","","","pending_semantic_review"
